collection,encoding,family,origin,end,valid,train_n,validation_n,training_min,training_max,training_row_sha256,validation_row_sha256,dimension,transaction_mse,transaction_rmse,equal_token_mse,equal_token_rmse,equal_token_n,seconds,config,status,target_parameters
BAYC,one-hot,OLS,2024-04-01,2024-07-01,True,29019,3643,2022-01-01 00:03:36+00:00,2024-03-31 23:18:35+00:00,62d3f670c9681fbccd86f3ceb7f6f0aedf2a046b6f4da5c37e7c84feca590f4d,82e8fcafedb1dc06cd0cc6d906be19ef4942359e6fda0bfb3767731b8cf6945d,171,0.03304337823420895,0.1817783766959342,0.05751380180179832,0.23982035318504208,841,0.30962240003282204,{},"{""valid"": true, ""warnings"": []}","{""center"": -0.014252022707201389, ""normalized_MAD"": 0.08531864517626224}"
BAYC,one-hot,Ridge,2024-04-01,2024-07-01,True,29019,3643,2022-01-01 00:03:36+00:00,2024-03-31 23:18:35+00:00,62d3f670c9681fbccd86f3ceb7f6f0aedf2a046b6f4da5c37e7c84feca590f4d,82e8fcafedb1dc06cd0cc6d906be19ef4942359e6fda0bfb3767731b8cf6945d,171,0.03304336858596601,0.18177835015745414,0.05751378238374262,0.2398203127004521,841,0.06750389997614548,"{""alpha"": 0.01}","{""valid"": true, ""warnings"": []}","{""center"": -0.014252022707201389, ""normalized_MAD"": 0.08531864517626224}"
BAYC,one-hot,Ridge,2024-04-01,2024-07-01,True,29019,3643,2022-01-01 00:03:36+00:00,2024-03-31 23:18:35+00:00,62d3f670c9681fbccd86f3ceb7f6f0aedf2a046b6f4da5c37e7c84feca590f4d,82e8fcafedb1dc06cd0cc6d906be19ef4942359e6fda0bfb3767731b8cf6945d,171,0.03304328175355732,0.18177811131584937,0.05751360762538368,0.23981994834747103,841,0.06554020004114136,"{""alpha"": 0.1}","{""valid"": true, ""warnings"": []}","{""center"": -0.014252022707201389, ""normalized_MAD"": 0.08531864517626224}"
BAYC,one-hot,Ridge,2024-04-01,2024-07-01,True,29019,3643,2022-01-01 00:03:36+00:00,2024-03-31 23:18:35+00:00,62d3f670c9681fbccd86f3ceb7f6f0aedf2a046b6f4da5c37e7c84feca590f4d,82e8fcafedb1dc06cd0cc6d906be19ef4942359e6fda0bfb3767731b8cf6945d,171,0.03304241360594686,0.1817757233679648,0.057511860452961534,0.23981630564446935,841,0.0695300999796018,"{""alpha"": 1}","{""valid"": true, ""warnings"": []}","{""center"": -0.014252022707201389, ""normalized_MAD"": 0.08531864517626224}"
BAYC,one-hot,Ridge,2024-04-01,2024-07-01,True,29019,3643,2022-01-01 00:03:36+00:00,2024-03-31 23:18:35+00:00,62d3f670c9681fbccd86f3ceb7f6f0aedf2a046b6f4da5c37e7c84feca590f4d,82e8fcafedb1dc06cd0cc6d906be19ef4942359e6fda0bfb3767731b8cf6945d,171,0.03303374975388131,0.18175189064733635,0.05749442978877554,0.23977996119103767,841,0.06069660000503063,"{""alpha"": 10}","{""valid"": true, ""warnings"": []}","{""center"": -0.014252022707201389, ""normalized_MAD"": 0.08531864517626224}"
BAYC,one-hot,Ridge,2024-04-01,2024-07-01,True,29019,3643,2022-01-01 00:03:36+00:00,2024-03-31 23:18:35+00:00,62d3f670c9681fbccd86f3ceb7f6f0aedf2a046b6f4da5c37e7c84feca590f4d,82e8fcafedb1dc06cd0cc6d906be19ef4942359e6fda0bfb3767731b8cf6945d,171,0.03294885031719091,0.18151818178130505,0.05732417310272353,0.23942467104023246,841,0.060807199974078685,"{""alpha"": 100}","{""valid"": true, ""warnings"": []}","{""center"": -0.014252022707201389, ""normalized_MAD"": 0.08531864517626224}"
BAYC,one-hot,Ridge,2024-04-01,2024-07-01,True,29019,3643,2022-01-01 00:03:36+00:00,2024-03-31 23:18:35+00:00,62d3f670c9681fbccd86f3ceb7f6f0aedf2a046b6f4da5c37e7c84feca590f4d,82e8fcafedb1dc06cd0cc6d906be19ef4942359e6fda0bfb3767731b8cf6945d,171,0.03225276251125586,0.17959054126333007,0.05597616329028323,0.23659282172179957,841,0.05656040000030771,"{""alpha"": 1000}","{""valid"": true, ""warnings"": []}","{""center"": -0.014252022707201389, ""normalized_MAD"": 0.08531864517626224}"
BAYC,one-hot,Ridge,2024-04-01,2024-07-01,True,29019,3643,2022-01-01 00:03:36+00:00,2024-03-31 23:18:35+00:00,62d3f670c9681fbccd86f3ceb7f6f0aedf2a046b6f4da5c37e7c84feca590f4d,82e8fcafedb1dc06cd0cc6d906be19ef4942359e6fda0bfb3767731b8cf6945d,171,0.031067453676439854,0.17625962009615206,0.05529601843432975,0.23515105450397145,841,0.06486220000078902,"{""alpha"": 10000}","{""valid"": true, ""warnings"": []}","{""center"": -0.014252022707201389, ""normalized_MAD"": 0.08531864517626224}"
BAYC,one-hot,Ridge,2024-04-01,2024-07-01,True,29019,3643,2022-01-01 00:03:36+00:00,2024-03-31 23:18:35+00:00,62d3f670c9681fbccd86f3ceb7f6f0aedf2a046b6f4da5c37e7c84feca590f4d,82e8fcafedb1dc06cd0cc6d906be19ef4942359e6fda0bfb3767731b8cf6945d,171,0.03329106045181269,0.1824583800536788,0.06311326385770005,0.2512235336462332,841,0.06731159996706992,"{""alpha"": 100000}","{""valid"": true, ""warnings"": []}","{""center"": -0.014252022707201389, ""normalized_MAD"": 0.08531864517626224}"
BAYC,one-hot,Ridge,2024-04-01,2024-07-01,True,29019,3643,2022-01-01 00:03:36+00:00,2024-03-31 23:18:35+00:00,62d3f670c9681fbccd86f3ceb7f6f0aedf2a046b6f4da5c37e7c84feca590f4d,82e8fcafedb1dc06cd0cc6d906be19ef4942359e6fda0bfb3767731b8cf6945d,171,0.03406600059646774,0.1845697716216492,0.06529214535122786,0.25552327751347403,841,0.06470979994628578,"{""alpha"": 1000000}","{""valid"": true, ""warnings"": []}","{""center"": -0.014252022707201389, ""normalized_MAD"": 0.08531864517626224}"
BAYC,one-hot,ElasticNet,2024-04-01,2024-07-01,True,29019,3643,2022-01-01 00:03:36+00:00,2024-03-31 23:18:35+00:00,62d3f670c9681fbccd86f3ceb7f6f0aedf2a046b6f4da5c37e7c84feca590f4d,82e8fcafedb1dc06cd0cc6d906be19ef4942359e6fda0bfb3767731b8cf6945d,171,0.032983047756026396,0.18161235573612936,0.05739492706388795,0.23957238376717788,841,4.939801500004251,"{""alpha"": 0.001, ""l1_ratio"": 0.1}","{""valid"": true, ""warnings"": []}","{""center"": -0.014252022707201389, ""normalized_MAD"": 0.08531864517626224}"
BAYC,one-hot,ElasticNet,2024-04-01,2024-07-01,True,29019,3643,2022-01-01 00:03:36+00:00,2024-03-31 23:18:35+00:00,62d3f670c9681fbccd86f3ceb7f6f0aedf2a046b6f4da5c37e7c84feca590f4d,82e8fcafedb1dc06cd0cc6d906be19ef4942359e6fda0bfb3767731b8cf6945d,171,0.032859397525240835,0.18127161257417235,0.05715677895733315,0.2390748396576544,841,1.1000084999832325,"{""alpha"": 0.001, ""l1_ratio"": 0.5}","{""valid"": true, ""warnings"": []}","{""center"": -0.014252022707201389, ""normalized_MAD"": 0.08531864517626224}"
BAYC,one-hot,ElasticNet,2024-04-01,2024-07-01,True,29019,3643,2022-01-01 00:03:36+00:00,2024-03-31 23:18:35+00:00,62d3f670c9681fbccd86f3ceb7f6f0aedf2a046b6f4da5c37e7c84feca590f4d,82e8fcafedb1dc06cd0cc6d906be19ef4942359e6fda0bfb3767731b8cf6945d,171,0.032742303126497646,0.18094834380700378,0.05693337863007837,0.23860716382807615,841,0.5451494000153616,"{""alpha"": 0.001, ""l1_ratio"": 0.9}","{""valid"": true, ""warnings"": []}","{""center"": -0.014252022707201389, ""normalized_MAD"": 0.08531864517626224}"
BAYC,one-hot,ElasticNet,2024-04-01,2024-07-01,True,29019,3643,2022-01-01 00:03:36+00:00,2024-03-31 23:18:35+00:00,62d3f670c9681fbccd86f3ceb7f6f0aedf2a046b6f4da5c37e7c84feca590f4d,82e8fcafedb1dc06cd0cc6d906be19ef4942359e6fda0bfb3767731b8cf6945d,171,0.03250605885092986,0.18029436721908385,0.056476830692139275,0.23764854447721592,841,0.48175269999774173,"{""alpha"": 0.01, ""l1_ratio"": 0.1}","{""valid"": true, ""warnings"": []}","{""center"": -0.014252022707201389, ""normalized_MAD"": 0.08531864517626224}"
BAYC,one-hot,ElasticNet,2024-04-01,2024-07-01,True,29019,3643,2022-01-01 00:03:36+00:00,2024-03-31 23:18:35+00:00,62d3f670c9681fbccd86f3ceb7f6f0aedf2a046b6f4da5c37e7c84feca590f4d,82e8fcafedb1dc06cd0cc6d906be19ef4942359e6fda0bfb3767731b8cf6945d,171,0.03178248152305043,0.1782764188642189,0.055313313537301026,0.23518782608226352,841,0.20573799998965114,"{""alpha"": 0.01, ""l1_ratio"": 0.5}","{""valid"": true, ""warnings"": []}","{""center"": -0.014252022707201389, ""normalized_MAD"": 0.08531864517626224}"
BAYC,one-hot,ElasticNet,2024-04-01,2024-07-01,True,29019,3643,2022-01-01 00:03:36+00:00,2024-03-31 23:18:35+00:00,62d3f670c9681fbccd86f3ceb7f6f0aedf2a046b6f4da5c37e7c84feca590f4d,82e8fcafedb1dc06cd0cc6d906be19ef4942359e6fda0bfb3767731b8cf6945d,171,0.03152243091292906,0.17754557418569764,0.05515851327610807,0.234858496282566,841,0.11198410001816228,"{""alpha"": 0.01, ""l1_ratio"": 0.9}","{""valid"": true, ""warnings"": []}","{""center"": -0.014252022707201389, ""normalized_MAD"": 0.08531864517626224}"
BAYC,one-hot,ElasticNet,2024-04-01,2024-07-01,True,29019,3643,2022-01-01 00:03:36+00:00,2024-03-31 23:18:35+00:00,62d3f670c9681fbccd86f3ceb7f6f0aedf2a046b6f4da5c37e7c84feca590f4d,82e8fcafedb1dc06cd0cc6d906be19ef4942359e6fda0bfb3767731b8cf6945d,171,0.03127736322400813,0.1768540732468668,0.05534935619037337,0.23526443885630777,841,0.0933900999953039,"{""alpha"": 0.1, ""l1_ratio"": 0.1}","{""valid"": true, ""warnings"": []}","{""center"": -0.014252022707201389, ""normalized_MAD"": 0.08531864517626224}"
BAYC,one-hot,ElasticNet,2024-04-01,2024-07-01,True,29019,3643,2022-01-01 00:03:36+00:00,2024-03-31 23:18:35+00:00,62d3f670c9681fbccd86f3ceb7f6f0aedf2a046b6f4da5c37e7c84feca590f4d,82e8fcafedb1dc06cd0cc6d906be19ef4942359e6fda0bfb3767731b8cf6945d,171,0.032986747319530156,0.18162254078040577,0.061468454675613945,0.2479283256822704,841,0.05388700001640245,"{""alpha"": 0.1, ""l1_ratio"": 0.5}","{""valid"": true, ""warnings"": []}","{""center"": -0.014252022707201389, ""normalized_MAD"": 0.08531864517626224}"
BAYC,one-hot,ElasticNet,2024-04-01,2024-07-01,True,29019,3643,2022-01-01 00:03:36+00:00,2024-03-31 23:18:35+00:00,62d3f670c9681fbccd86f3ceb7f6f0aedf2a046b6f4da5c37e7c84feca590f4d,82e8fcafedb1dc06cd0cc6d906be19ef4942359e6fda0bfb3767731b8cf6945d,171,0.03404997681622846,0.18452635805279544,0.06510019282001535,0.25514739430379324,841,0.05357350001577288,"{""alpha"": 0.1, ""l1_ratio"": 0.9}","{""valid"": true, ""warnings"": []}","{""center"": -0.014252022707201389, ""normalized_MAD"": 0.08531864517626224}"
BAYC,one-hot,ElasticNet,2024-04-01,2024-07-01,True,29019,3643,2022-01-01 00:03:36+00:00,2024-03-31 23:18:35+00:00,62d3f670c9681fbccd86f3ceb7f6f0aedf2a046b6f4da5c37e7c84feca590f4d,82e8fcafedb1dc06cd0cc6d906be19ef4942359e6fda0bfb3767731b8cf6945d,171,0.034175003337670956,0.1848648245006901,0.06557772850401912,0.25608148801508307,841,0.04347289999714121,"{""alpha"": 1, ""l1_ratio"": 0.1}","{""valid"": true, ""warnings"": []}","{""center"": -0.014252022707201389, ""normalized_MAD"": 0.08531864517626224}"
BAYC,one-hot,ElasticNet,2024-04-01,2024-07-01,True,29019,3643,2022-01-01 00:03:36+00:00,2024-03-31 23:18:35+00:00,62d3f670c9681fbccd86f3ceb7f6f0aedf2a046b6f4da5c37e7c84feca590f4d,82e8fcafedb1dc06cd0cc6d906be19ef4942359e6fda0bfb3767731b8cf6945d,171,0.03418388204785511,0.18488883700173764,0.0656130625251903,0.2561504685242451,841,0.035623000003397465,"{""alpha"": 1, ""l1_ratio"": 0.5}","{""valid"": true, ""warnings"": []}","{""center"": -0.014252022707201389, ""normalized_MAD"": 0.08531864517626224}"
BAYC,one-hot,ElasticNet,2024-04-01,2024-07-01,True,29019,3643,2022-01-01 00:03:36+00:00,2024-03-31 23:18:35+00:00,62d3f670c9681fbccd86f3ceb7f6f0aedf2a046b6f4da5c37e7c84feca590f4d,82e8fcafedb1dc06cd0cc6d906be19ef4942359e6fda0bfb3767731b8cf6945d,171,0.03418388204785511,0.18488883700173764,0.0656130625251903,0.2561504685242451,841,0.031721699982881546,"{""alpha"": 1, ""l1_ratio"": 0.9}","{""valid"": true, ""warnings"": []}","{""center"": -0.014252022707201389, ""normalized_MAD"": 0.08531864517626224}"
BAYC,one-hot,ElasticNet,2024-04-01,2024-07-01,True,29019,3643,2022-01-01 00:03:36+00:00,2024-03-31 23:18:35+00:00,62d3f670c9681fbccd86f3ceb7f6f0aedf2a046b6f4da5c37e7c84feca590f4d,82e8fcafedb1dc06cd0cc6d906be19ef4942359e6fda0bfb3767731b8cf6945d,171,0.03418388204785511,0.18488883700173764,0.0656130625251903,0.2561504685242451,841,0.03314449999015778,"{""alpha"": 10, ""l1_ratio"": 0.1}","{""valid"": true, ""warnings"": []}","{""center"": -0.014252022707201389, ""normalized_MAD"": 0.08531864517626224}"
BAYC,one-hot,ElasticNet,2024-04-01,2024-07-01,True,29019,3643,2022-01-01 00:03:36+00:00,2024-03-31 23:18:35+00:00,62d3f670c9681fbccd86f3ceb7f6f0aedf2a046b6f4da5c37e7c84feca590f4d,82e8fcafedb1dc06cd0cc6d906be19ef4942359e6fda0bfb3767731b8cf6945d,171,0.03418388204785511,0.18488883700173764,0.0656130625251903,0.2561504685242451,841,0.03288869996322319,"{""alpha"": 10, ""l1_ratio"": 0.5}","{""valid"": true, ""warnings"": []}","{""center"": -0.014252022707201389, ""normalized_MAD"": 0.08531864517626224}"
BAYC,one-hot,ElasticNet,2024-04-01,2024-07-01,True,29019,3643,2022-01-01 00:03:36+00:00,2024-03-31 23:18:35+00:00,62d3f670c9681fbccd86f3ceb7f6f0aedf2a046b6f4da5c37e7c84feca590f4d,82e8fcafedb1dc06cd0cc6d906be19ef4942359e6fda0bfb3767731b8cf6945d,171,0.03418388204785511,0.18488883700173764,0.0656130625251903,0.2561504685242451,841,0.03214170003775507,"{""alpha"": 10, ""l1_ratio"": 0.9}","{""valid"": true, ""warnings"": []}","{""center"": -0.014252022707201389, ""normalized_MAD"": 0.08531864517626224}"
BAYC,one-hot,PLS,2024-04-01,2024-07-01,True,29019,3643,2022-01-01 00:03:36+00:00,2024-03-31 23:18:35+00:00,62d3f670c9681fbccd86f3ceb7f6f0aedf2a046b6f4da5c37e7c84feca590f4d,82e8fcafedb1dc06cd0cc6d906be19ef4942359e6fda0bfb3767731b8cf6945d,171,0.033043568037447665,0.1817788987683875,0.05751411662079762,0.23982100954836633,841,0.30864539998583496,"{""components"": 8}","{""valid"": true, ""warnings"": []}","{""center"": -0.014252022707201389, ""normalized_MAD"": 0.08531864517626224}"
BAYC,one-hot,PLS,2024-04-01,2024-07-01,True,29019,3643,2022-01-01 00:03:36+00:00,2024-03-31 23:18:35+00:00,62d3f670c9681fbccd86f3ceb7f6f0aedf2a046b6f4da5c37e7c84feca590f4d,82e8fcafedb1dc06cd0cc6d906be19ef4942359e6fda0bfb3767731b8cf6945d,171,0.03304337824539129,0.18177837672669236,0.057513801826726274,0.23982035323701423,841,0.6037752000265755,"{""components"": 16}","{""valid"": true, ""warnings"": []}","{""center"": -0.014252022707201389, ""normalized_MAD"": 0.08531864517626224}"
BAYC,one-hot,PLS,2024-04-01,2024-07-01,True,29019,3643,2022-01-01 00:03:36+00:00,2024-03-31 23:18:35+00:00,62d3f670c9681fbccd86f3ceb7f6f0aedf2a046b6f4da5c37e7c84feca590f4d,82e8fcafedb1dc06cd0cc6d906be19ef4942359e6fda0bfb3767731b8cf6945d,171,0.03304337823420933,0.18177837669593525,0.0575138018017992,0.2398203531850439,841,1.1539741000160575,"{""components"": 32}","{""valid"": true, ""warnings"": []}","{""center"": -0.014252022707201389, ""normalized_MAD"": 0.08531864517626224}"
BAYC,one-hot,PLS,2024-04-01,2024-07-01,True,29019,3643,2022-01-01 00:03:36+00:00,2024-03-31 23:18:35+00:00,62d3f670c9681fbccd86f3ceb7f6f0aedf2a046b6f4da5c37e7c84feca590f4d,82e8fcafedb1dc06cd0cc6d906be19ef4942359e6fda0bfb3767731b8cf6945d,171,0.03389298584620564,0.18410047758277445,0.05938129129839766,0.24368276775019948,841,2.2952190000214614,"{""components"": 64}","{""valid"": true, ""warnings"": []}","{""center"": -0.014252022707201389, ""normalized_MAD"": 0.08531864517626224}"
BAYC,one-hot,LinearSVR,2024-04-01,2024-07-01,True,29019,3643,2022-01-01 00:03:36+00:00,2024-03-31 23:18:35+00:00,62d3f670c9681fbccd86f3ceb7f6f0aedf2a046b6f4da5c37e7c84feca590f4d,82e8fcafedb1dc06cd0cc6d906be19ef4942359e6fda0bfb3767731b8cf6945d,171,0.03289089189341881,0.18135846242571316,0.0572794152468551,0.23933118318943541,841,0.23795919999247417,"{""C"": 0.01, ""epsilon"": 0.1}","{""valid"": true, ""warnings"": []}","{""center"": -0.014252022707201389, ""normalized_MAD"": 0.08531864517626224}"
BAYC,one-hot,LinearSVR,2024-04-01,2024-07-01,True,29019,3643,2022-01-01 00:03:36+00:00,2024-03-31 23:18:35+00:00,62d3f670c9681fbccd86f3ceb7f6f0aedf2a046b6f4da5c37e7c84feca590f4d,82e8fcafedb1dc06cd0cc6d906be19ef4942359e6fda0bfb3767731b8cf6945d,171,0.03270791417543964,0.18085329462146837,0.05698581339757391,0.23871701530802933,841,0.25669519999064505,"{""C"": 0.01, ""epsilon"": 0.2}","{""valid"": true, ""warnings"": []}","{""center"": -0.014252022707201389, ""normalized_MAD"": 0.08531864517626224}"
BAYC,one-hot,LinearSVR,2024-04-01,2024-07-01,True,29019,3643,2022-01-01 00:03:36+00:00,2024-03-31 23:18:35+00:00,62d3f670c9681fbccd86f3ceb7f6f0aedf2a046b6f4da5c37e7c84feca590f4d,82e8fcafedb1dc06cd0cc6d906be19ef4942359e6fda0bfb3767731b8cf6945d,171,0.03293071710410691,0.18146822615572927,0.05735779767826062,0.2394948802756765,841,0.2858799999812618,"{""C"": 0.1, ""epsilon"": 0.1}","{""valid"": true, ""warnings"": []}","{""center"": -0.014252022707201389, ""normalized_MAD"": 0.08531864517626224}"
BAYC,one-hot,LinearSVR,2024-04-01,2024-07-01,True,29019,3643,2022-01-01 00:03:36+00:00,2024-03-31 23:18:35+00:00,62d3f670c9681fbccd86f3ceb7f6f0aedf2a046b6f4da5c37e7c84feca590f4d,82e8fcafedb1dc06cd0cc6d906be19ef4942359e6fda0bfb3767731b8cf6945d,171,0.03274906606903208,0.18096703033710887,0.05706547571065458,0.23888381215698687,841,0.23820180003531277,"{""C"": 0.1, ""epsilon"": 0.2}","{""valid"": true, ""warnings"": []}","{""center"": -0.014252022707201389, ""normalized_MAD"": 0.08531864517626224}"
BAYC,one-hot,LinearSVR,2024-04-01,2024-07-01,True,29019,3643,2022-01-01 00:03:36+00:00,2024-03-31 23:18:35+00:00,62d3f670c9681fbccd86f3ceb7f6f0aedf2a046b6f4da5c37e7c84feca590f4d,82e8fcafedb1dc06cd0cc6d906be19ef4942359e6fda0bfb3767731b8cf6945d,171,0.03293475589089375,0.18147935389705835,0.05736576750970502,0.23951151853241842,841,0.22647400002460927,"{""C"": 1, ""epsilon"": 0.1}","{""valid"": true, ""warnings"": []}","{""center"": -0.014252022707201389, ""normalized_MAD"": 0.08531864517626224}"
BAYC,one-hot,LinearSVR,2024-04-01,2024-07-01,True,29019,3643,2022-01-01 00:03:36+00:00,2024-03-31 23:18:35+00:00,62d3f670c9681fbccd86f3ceb7f6f0aedf2a046b6f4da5c37e7c84feca590f4d,82e8fcafedb1dc06cd0cc6d906be19ef4942359e6fda0bfb3767731b8cf6945d,171,0.03275322575918766,0.18097852292243868,0.05707354528584592,0.2389007017274037,841,0.2143808999680914,"{""C"": 1, ""epsilon"": 0.2}","{""valid"": true, ""warnings"": []}","{""center"": -0.014252022707201389, ""normalized_MAD"": 0.08531864517626224}"
BAYC,one-hot,HistGradientBoosting,2024-04-01,2024-07-01,True,29019,3643,2022-01-01 00:03:36+00:00,2024-03-31 23:18:35+00:00,62d3f670c9681fbccd86f3ceb7f6f0aedf2a046b6f4da5c37e7c84feca590f4d,82e8fcafedb1dc06cd0cc6d906be19ef4942359e6fda0bfb3767731b8cf6945d,171,0.031366298531440066,0.17710533174198925,0.054496595996815105,0.23344505991092446,841,3.3695182999945246,"{""l2_regularization"": 1, ""learning_rate"": 0.05, ""max_leaf_nodes"": 15}","{""valid"": true, ""warnings"": [""Could not find the number of physical cores for the following reason:\n[WinError 2] \uc9c0\uc815\ub41c \ud30c\uc77c\uc744 \ucc3e\uc744 \uc218 \uc5c6\uc2b5\ub2c8\ub2e4\nReturning the number of logical cores instead. You can silence this warning by setting LOKY_MAX_CPU_COUNT to the number of cores you want to use.""]}","{""center"": -0.014252022707201389, ""normalized_MAD"": 0.08531864517626224}"
BAYC,one-hot,HistGradientBoosting,2024-04-01,2024-07-01,True,29019,3643,2022-01-01 00:03:36+00:00,2024-03-31 23:18:35+00:00,62d3f670c9681fbccd86f3ceb7f6f0aedf2a046b6f4da5c37e7c84feca590f4d,82e8fcafedb1dc06cd0cc6d906be19ef4942359e6fda0bfb3767731b8cf6945d,171,0.031198238108829823,0.176630229883873,0.05421106083715519,0.23283268850647923,841,2.3788599999970756,"{""l2_regularization"": 10, ""learning_rate"": 0.05, ""max_leaf_nodes"": 15}","{""valid"": true, ""warnings"": []}","{""center"": -0.014252022707201389, ""normalized_MAD"": 0.08531864517626224}"
BAYC,one-hot,HistGradientBoosting,2024-04-01,2024-07-01,True,29019,3643,2022-01-01 00:03:36+00:00,2024-03-31 23:18:35+00:00,62d3f670c9681fbccd86f3ceb7f6f0aedf2a046b6f4da5c37e7c84feca590f4d,82e8fcafedb1dc06cd0cc6d906be19ef4942359e6fda0bfb3767731b8cf6945d,171,0.03161371812547228,0.17780246940206504,0.05447212477075006,0.23339264078104532,841,3.328874500002712,"{""l2_regularization"": 1, ""learning_rate"": 0.05, ""max_leaf_nodes"": 31}","{""valid"": true, ""warnings"": []}","{""center"": -0.014252022707201389, ""normalized_MAD"": 0.08531864517626224}"
BAYC,one-hot,HistGradientBoosting,2024-04-01,2024-07-01,True,29019,3643,2022-01-01 00:03:36+00:00,2024-03-31 23:18:35+00:00,62d3f670c9681fbccd86f3ceb7f6f0aedf2a046b6f4da5c37e7c84feca590f4d,82e8fcafedb1dc06cd0cc6d906be19ef4942359e6fda0bfb3767731b8cf6945d,171,0.03166504653188989,0.17794675195656112,0.05460700439293254,0.2336814164475484,841,3.1115320999524556,"{""l2_regularization"": 10, ""learning_rate"": 0.05, ""max_leaf_nodes"": 31}","{""valid"": true, ""warnings"": []}","{""center"": -0.014252022707201389, ""normalized_MAD"": 0.08531864517626224}"
BAYC,one-hot,HistGradientBoosting,2024-04-01,2024-07-01,True,29019,3643,2022-01-01 00:03:36+00:00,2024-03-31 23:18:35+00:00,62d3f670c9681fbccd86f3ceb7f6f0aedf2a046b6f4da5c37e7c84feca590f4d,82e8fcafedb1dc06cd0cc6d906be19ef4942359e6fda0bfb3767731b8cf6945d,171,0.03159576456213309,0.1777519748473504,0.05416262868918747,0.23272865893393418,841,2.1063251000014134,"{""l2_regularization"": 1, ""learning_rate"": 0.1, ""max_leaf_nodes"": 15}","{""valid"": true, ""warnings"": []}","{""center"": -0.014252022707201389, ""normalized_MAD"": 0.08531864517626224}"
BAYC,one-hot,HistGradientBoosting,2024-04-01,2024-07-01,True,29019,3643,2022-01-01 00:03:36+00:00,2024-03-31 23:18:35+00:00,62d3f670c9681fbccd86f3ceb7f6f0aedf2a046b6f4da5c37e7c84feca590f4d,82e8fcafedb1dc06cd0cc6d906be19ef4942359e6fda0bfb3767731b8cf6945d,171,0.03144396265627475,0.17732445588884446,0.05419014797125302,0.23278777453133792,841,2.1261807000264525,"{""l2_regularization"": 10, ""learning_rate"": 0.1, ""max_leaf_nodes"": 15}","{""valid"": true, ""warnings"": []}","{""center"": -0.014252022707201389, ""normalized_MAD"": 0.08531864517626224}"
BAYC,one-hot,HistGradientBoosting,2024-04-01,2024-07-01,True,29019,3643,2022-01-01 00:03:36+00:00,2024-03-31 23:18:35+00:00,62d3f670c9681fbccd86f3ceb7f6f0aedf2a046b6f4da5c37e7c84feca590f4d,82e8fcafedb1dc06cd0cc6d906be19ef4942359e6fda0bfb3767731b8cf6945d,171,0.032229225126513834,0.1795249986116525,0.05477509444582886,0.2340407965416048,841,2.85628030000953,"{""l2_regularization"": 1, ""learning_rate"": 0.1, ""max_leaf_nodes"": 31}","{""valid"": true, ""warnings"": []}","{""center"": -0.014252022707201389, ""normalized_MAD"": 0.08531864517626224}"
BAYC,one-hot,HistGradientBoosting,2024-04-01,2024-07-01,True,29019,3643,2022-01-01 00:03:36+00:00,2024-03-31 23:18:35+00:00,62d3f670c9681fbccd86f3ceb7f6f0aedf2a046b6f4da5c37e7c84feca590f4d,82e8fcafedb1dc06cd0cc6d906be19ef4942359e6fda0bfb3767731b8cf6945d,171,0.031573399834542125,0.17768905378368732,0.05387549160582043,0.23211094675999328,841,3.0370723999803886,"{""l2_regularization"": 10, ""learning_rate"": 0.1, ""max_leaf_nodes"": 31}","{""valid"": true, ""warnings"": []}","{""center"": -0.014252022707201389, ""normalized_MAD"": 0.08531864517626224}"
BAYC,one-hot,XGBoost,2024-04-01,2024-07-01,True,29019,3643,2022-01-01 00:03:36+00:00,2024-03-31 23:18:35+00:00,62d3f670c9681fbccd86f3ceb7f6f0aedf2a046b6f4da5c37e7c84feca590f4d,82e8fcafedb1dc06cd0cc6d906be19ef4942359e6fda0bfb3767731b8cf6945d,171,0.03136630082401524,0.17710533821433852,0.0544965994349135,0.23344506727475203,841,1.0940473999944516,"{""l2_regularization"": 1, ""learning_rate"": 0.05, ""max_leaf_nodes"": 15}","{""valid"": true, ""warnings"": []}","{""center"": -0.014252022707201389, ""normalized_MAD"": 0.08531864517626224}"
BAYC,one-hot,XGBoost,2024-04-01,2024-07-01,True,29019,3643,2022-01-01 00:03:36+00:00,2024-03-31 23:18:35+00:00,62d3f670c9681fbccd86f3ceb7f6f0aedf2a046b6f4da5c37e7c84feca590f4d,82e8fcafedb1dc06cd0cc6d906be19ef4942359e6fda0bfb3767731b8cf6945d,171,0.03119823872735399,0.1766302316347742,0.05421105832912281,0.23283268312056796,841,0.9550212000031024,"{""l2_regularization"": 10, ""learning_rate"": 0.05, ""max_leaf_nodes"": 15}","{""valid"": true, ""warnings"": []}","{""center"": -0.014252022707201389, ""normalized_MAD"": 0.08531864517626224}"
BAYC,one-hot,XGBoost,2024-04-01,2024-07-01,True,29019,3643,2022-01-01 00:03:36+00:00,2024-03-31 23:18:35+00:00,62d3f670c9681fbccd86f3ceb7f6f0aedf2a046b6f4da5c37e7c84feca590f4d,82e8fcafedb1dc06cd0cc6d906be19ef4942359e6fda0bfb3767731b8cf6945d,171,0.03161371870333356,0.1778024710270742,0.054472124193960636,0.23339263954538206,841,1.128588400024455,"{""l2_regularization"": 1, ""learning_rate"": 0.05, ""max_leaf_nodes"": 31}","{""valid"": true, ""warnings"": []}","{""center"": -0.014252022707201389, ""normalized_MAD"": 0.08531864517626224}"
BAYC,one-hot,XGBoost,2024-04-01,2024-07-01,True,29019,3643,2022-01-01 00:03:36+00:00,2024-03-31 23:18:35+00:00,62d3f670c9681fbccd86f3ceb7f6f0aedf2a046b6f4da5c37e7c84feca590f4d,82e8fcafedb1dc06cd0cc6d906be19ef4942359e6fda0bfb3767731b8cf6945d,171,0.03166504656977179,0.17794675206300278,0.054607005447368615,0.23368141870368858,841,1.0845099999569356,"{""l2_regularization"": 10, ""learning_rate"": 0.05, ""max_leaf_nodes"": 31}","{""valid"": true, ""warnings"": []}","{""center"": -0.014252022707201389, ""normalized_MAD"": 0.08531864517626224}"
BAYC,one-hot,XGBoost,2024-04-01,2024-07-01,True,29019,3643,2022-01-01 00:03:36+00:00,2024-03-31 23:18:35+00:00,62d3f670c9681fbccd86f3ceb7f6f0aedf2a046b6f4da5c37e7c84feca590f4d,82e8fcafedb1dc06cd0cc6d906be19ef4942359e6fda0bfb3767731b8cf6945d,171,0.031595763535140695,0.17775197195851497,0.05416262955954178,0.2327286608038249,841,0.9415333999786526,"{""l2_regularization"": 1, ""learning_rate"": 0.1, ""max_leaf_nodes"": 15}","{""valid"": true, ""warnings"": []}","{""center"": -0.014252022707201389, ""normalized_MAD"": 0.08531864517626224}"
BAYC,one-hot,XGBoost,2024-04-01,2024-07-01,True,29019,3643,2022-01-01 00:03:36+00:00,2024-03-31 23:18:35+00:00,62d3f670c9681fbccd86f3ceb7f6f0aedf2a046b6f4da5c37e7c84feca590f4d,82e8fcafedb1dc06cd0cc6d906be19ef4942359e6fda0bfb3767731b8cf6945d,171,0.03144396269629493,0.17732445600168897,0.05419015043937738,0.23278777983257065,841,0.9106964999809861,"{""l2_regularization"": 10, ""learning_rate"": 0.1, ""max_leaf_nodes"": 15}","{""valid"": true, ""warnings"": []}","{""center"": -0.014252022707201389, ""normalized_MAD"": 0.08531864517626224}"
BAYC,one-hot,XGBoost,2024-04-01,2024-07-01,True,29019,3643,2022-01-01 00:03:36+00:00,2024-03-31 23:18:35+00:00,62d3f670c9681fbccd86f3ceb7f6f0aedf2a046b6f4da5c37e7c84feca590f4d,82e8fcafedb1dc06cd0cc6d906be19ef4942359e6fda0bfb3767731b8cf6945d,171,0.03222922671523207,0.1795250030364352,0.054775095785741745,0.23404079940416744,841,1.0551744000404142,"{""l2_regularization"": 1, ""learning_rate"": 0.1, ""max_leaf_nodes"": 31}","{""valid"": true, ""warnings"": []}","{""center"": -0.014252022707201389, ""normalized_MAD"": 0.08531864517626224}"
BAYC,one-hot,XGBoost,2024-04-01,2024-07-01,True,29019,3643,2022-01-01 00:03:36+00:00,2024-03-31 23:18:35+00:00,62d3f670c9681fbccd86f3ceb7f6f0aedf2a046b6f4da5c37e7c84feca590f4d,82e8fcafedb1dc06cd0cc6d906be19ef4942359e6fda0bfb3767731b8cf6945d,171,0.03157339881654383,0.17768905091913748,0.05387548928322644,0.23211094175679534,841,1.0203515999601223,"{""l2_regularization"": 10, ""learning_rate"": 0.1, ""max_leaf_nodes"": 31}","{""valid"": true, ""warnings"": []}","{""center"": -0.014252022707201389, ""normalized_MAD"": 0.08531864517626224}"
BAYC,one-hot,LightGBM,2024-04-01,2024-07-01,True,29019,3643,2022-01-01 00:03:36+00:00,2024-03-31 23:18:35+00:00,62d3f670c9681fbccd86f3ceb7f6f0aedf2a046b6f4da5c37e7c84feca590f4d,82e8fcafedb1dc06cd0cc6d906be19ef4942359e6fda0bfb3767731b8cf6945d,171,0.03130650005771539,0.1769364294251339,0.054396745135292794,0.233231098130787,841,0.23203579999972135,"{""l2_regularization"": 1, ""learning_rate"": 0.05, ""max_leaf_nodes"": 15}","{""valid"": true, ""warnings"": []}","{""center"": -0.014252022707201389, ""normalized_MAD"": 0.08531864517626224}"
BAYC,one-hot,LightGBM,2024-04-01,2024-07-01,True,29019,3643,2022-01-01 00:03:36+00:00,2024-03-31 23:18:35+00:00,62d3f670c9681fbccd86f3ceb7f6f0aedf2a046b6f4da5c37e7c84feca590f4d,82e8fcafedb1dc06cd0cc6d906be19ef4942359e6fda0bfb3767731b8cf6945d,171,0.0313288266859349,0.1769995104115684,0.05444185250365423,0.23332777910839128,841,0.230720299994573,"{""l2_regularization"": 10, ""learning_rate"": 0.05, ""max_leaf_nodes"": 15}","{""valid"": true, ""warnings"": []}","{""center"": -0.014252022707201389, ""normalized_MAD"": 0.08531864517626224}"
BAYC,one-hot,LightGBM,2024-04-01,2024-07-01,True,29019,3643,2022-01-01 00:03:36+00:00,2024-03-31 23:18:35+00:00,62d3f670c9681fbccd86f3ceb7f6f0aedf2a046b6f4da5c37e7c84feca590f4d,82e8fcafedb1dc06cd0cc6d906be19ef4942359e6fda0bfb3767731b8cf6945d,171,0.03177192897115128,0.17824682036757705,0.054715039026149666,0.2339124601771989,841,0.3311618000152521,"{""l2_regularization"": 1, ""learning_rate"": 0.05, ""max_leaf_nodes"": 31}","{""valid"": true, ""warnings"": []}","{""center"": -0.014252022707201389, ""normalized_MAD"": 0.08531864517626224}"
BAYC,one-hot,LightGBM,2024-04-01,2024-07-01,True,29019,3643,2022-01-01 00:03:36+00:00,2024-03-31 23:18:35+00:00,62d3f670c9681fbccd86f3ceb7f6f0aedf2a046b6f4da5c37e7c84feca590f4d,82e8fcafedb1dc06cd0cc6d906be19ef4942359e6fda0bfb3767731b8cf6945d,171,0.03147840035847734,0.17742153296169363,0.05409136556432099,0.23257550508237318,841,0.31654460000572726,"{""l2_regularization"": 10, ""learning_rate"": 0.05, ""max_leaf_nodes"": 31}","{""valid"": true, ""warnings"": []}","{""center"": -0.014252022707201389, ""normalized_MAD"": 0.08531864517626224}"
BAYC,one-hot,LightGBM,2024-04-01,2024-07-01,True,29019,3643,2022-01-01 00:03:36+00:00,2024-03-31 23:18:35+00:00,62d3f670c9681fbccd86f3ceb7f6f0aedf2a046b6f4da5c37e7c84feca590f4d,82e8fcafedb1dc06cd0cc6d906be19ef4942359e6fda0bfb3767731b8cf6945d,171,0.03143572111406671,0.17730121577154148,0.05411277017653267,0.23262151701107245,841,0.21166950004408136,"{""l2_regularization"": 1, ""learning_rate"": 0.1, ""max_leaf_nodes"": 15}","{""valid"": true, ""warnings"": []}","{""center"": -0.014252022707201389, ""normalized_MAD"": 0.08531864517626224}"
BAYC,one-hot,LightGBM,2024-04-01,2024-07-01,True,29019,3643,2022-01-01 00:03:36+00:00,2024-03-31 23:18:35+00:00,62d3f670c9681fbccd86f3ceb7f6f0aedf2a046b6f4da5c37e7c84feca590f4d,82e8fcafedb1dc06cd0cc6d906be19ef4942359e6fda0bfb3767731b8cf6945d,171,0.03151570740896504,0.17752663858971993,0.0543601565362036,0.23315264642762176,841,0.2183221000013873,"{""l2_regularization"": 10, ""learning_rate"": 0.1, ""max_leaf_nodes"": 15}","{""valid"": true, ""warnings"": []}","{""center"": -0.014252022707201389, ""normalized_MAD"": 0.08531864517626224}"
BAYC,one-hot,LightGBM,2024-04-01,2024-07-01,True,29019,3643,2022-01-01 00:03:36+00:00,2024-03-31 23:18:35+00:00,62d3f670c9681fbccd86f3ceb7f6f0aedf2a046b6f4da5c37e7c84feca590f4d,82e8fcafedb1dc06cd0cc6d906be19ef4942359e6fda0bfb3767731b8cf6945d,171,0.03210941603545002,0.17919100433741092,0.05447108860072723,0.23339042097037152,841,0.28965819999575615,"{""l2_regularization"": 1, ""learning_rate"": 0.1, ""max_leaf_nodes"": 31}","{""valid"": true, ""warnings"": []}","{""center"": -0.014252022707201389, ""normalized_MAD"": 0.08531864517626224}"
BAYC,one-hot,LightGBM,2024-04-01,2024-07-01,True,29019,3643,2022-01-01 00:03:36+00:00,2024-03-31 23:18:35+00:00,62d3f670c9681fbccd86f3ceb7f6f0aedf2a046b6f4da5c37e7c84feca590f4d,82e8fcafedb1dc06cd0cc6d906be19ef4942359e6fda0bfb3767731b8cf6945d,171,0.03186923292114325,0.17851955893162869,0.05451204374307171,0.2334781440372347,841,0.3271740999771282,"{""l2_regularization"": 10, ""learning_rate"": 0.1, ""max_leaf_nodes"": 31}","{""valid"": true, ""warnings"": []}","{""center"": -0.014252022707201389, ""normalized_MAD"": 0.08531864517626224}"
BAYC,one-hot,OLS,2024-07-01,2024-10-01,True,32662,1150,2022-01-01 00:03:36+00:00,2024-06-30 23:44:11+00:00,62211f883d58c592e36128d5845b4f9c92a3cc5df7a29c93d5253fed5f354fc5,3f21bc9aa919a6d8ea13eb0604dc0bb88fe7affc0c5c1d9e90e1c7113a3c5b44,171,10.075944438319311,3.1742628180916763,10.021542027215066,3.1656819213583454,483,0.2261770000332035,{},"{""valid"": true, ""warnings"": []}","{""center"": -0.016526774418172928, ""normalized_MAD"": 0.09142549798419829}"
BAYC,one-hot,Ridge,2024-07-01,2024-10-01,True,32662,1150,2022-01-01 00:03:36+00:00,2024-06-30 23:44:11+00:00,62211f883d58c592e36128d5845b4f9c92a3cc5df7a29c93d5253fed5f354fc5,3f21bc9aa919a6d8ea13eb0604dc0bb88fe7affc0c5c1d9e90e1c7113a3c5b44,171,10.075944425874713,3.174262816131442,10.021541997172099,3.1656819166132433,483,0.04569379996974021,"{""alpha"": 0.01}","{""valid"": true, ""warnings"": []}","{""center"": -0.016526774418172928, ""normalized_MAD"": 0.09142549798419829}"
BAYC,one-hot,Ridge,2024-07-01,2024-10-01,True,32662,1150,2022-01-01 00:03:36+00:00,2024-06-30 23:44:11+00:00,62211f883d58c592e36128d5845b4f9c92a3cc5df7a29c93d5253fed5f354fc5,3f21bc9aa919a6d8ea13eb0604dc0bb88fe7affc0c5c1d9e90e1c7113a3c5b44,171,10.075944313877505,3.1742627984899903,10.021541726795153,3.1656818739088664,483,0.045441199967172,"{""alpha"": 0.1}","{""valid"": true, ""warnings"": []}","{""center"": -0.016526774418172928, ""normalized_MAD"": 0.09142549798419829}"
BAYC,one-hot,Ridge,2024-07-01,2024-10-01,True,32662,1150,2022-01-01 00:03:36+00:00,2024-06-30 23:44:11+00:00,62211f883d58c592e36128d5845b4f9c92a3cc5df7a29c93d5253fed5f354fc5,3f21bc9aa919a6d8ea13eb0604dc0bb88fe7affc0c5c1d9e90e1c7113a3c5b44,171,10.07594319431616,3.1742626221401657,10.021539023995691,3.1656814470182706,483,0.04618479998316616,"{""alpha"": 1}","{""valid"": true, ""warnings"": []}","{""center"": -0.016526774418172928, ""normalized_MAD"": 0.09142549798419829}"
BAYC,one-hot,Ridge,2024-07-01,2024-10-01,True,32662,1150,2022-01-01 00:03:36+00:00,2024-06-30 23:44:11+00:00,62211f883d58c592e36128d5845b4f9c92a3cc5df7a29c93d5253fed5f354fc5,3f21bc9aa919a6d8ea13eb0604dc0bb88fe7affc0c5c1d9e90e1c7113a3c5b44,171,10.075932039721097,3.1742608651024726,10.021512092857249,3.1656771934070043,483,0.04528939997544512,"{""alpha"": 10}","{""valid"": true, ""warnings"": []}","{""center"": -0.016526774418172928, ""normalized_MAD"": 0.09142549798419829}"
BAYC,one-hot,Ridge,2024-07-01,2024-10-01,True,32662,1150,2022-01-01 00:03:36+00:00,2024-06-30 23:44:11+00:00,62211f883d58c592e36128d5845b4f9c92a3cc5df7a29c93d5253fed5f354fc5,3f21bc9aa919a6d8ea13eb0604dc0bb88fe7affc0c5c1d9e90e1c7113a3c5b44,171,10.075824536276128,3.1742439314388124,10.021252327228467,3.1656361646955684,483,0.04418529995018616,"{""alpha"": 100}","{""valid"": true, ""warnings"": []}","{""center"": -0.016526774418172928, ""normalized_MAD"": 0.09142549798419829}"
BAYC,one-hot,Ridge,2024-07-01,2024-10-01,True,32662,1150,2022-01-01 00:03:36+00:00,2024-06-30 23:44:11+00:00,62211f883d58c592e36128d5845b4f9c92a3cc5df7a29c93d5253fed5f354fc5,3f21bc9aa919a6d8ea13eb0604dc0bb88fe7affc0c5c1d9e90e1c7113a3c5b44,171,10.075100363699857,3.174129859300003,10.019483393118175,3.165356756057392,483,0.04840129998046905,"{""alpha"": 1000}","{""valid"": true, ""warnings"": []}","{""center"": -0.016526774418172928, ""normalized_MAD"": 0.09142549798419829}"
BAYC,one-hot,Ridge,2024-07-01,2024-10-01,True,32662,1150,2022-01-01 00:03:36+00:00,2024-06-30 23:44:11+00:00,62211f883d58c592e36128d5845b4f9c92a3cc5df7a29c93d5253fed5f354fc5,3f21bc9aa919a6d8ea13eb0604dc0bb88fe7affc0c5c1d9e90e1c7113a3c5b44,171,10.079215592174322,3.1747780382531188,10.028731677920907,3.1668172788970486,483,0.043106400000397116,"{""alpha"": 10000}","{""valid"": true, ""warnings"": []}","{""center"": -0.016526774418172928, ""normalized_MAD"": 0.09142549798419829}"
BAYC,one-hot,Ridge,2024-07-01,2024-10-01,True,32662,1150,2022-01-01 00:03:36+00:00,2024-06-30 23:44:11+00:00,62211f883d58c592e36128d5845b4f9c92a3cc5df7a29c93d5253fed5f354fc5,3f21bc9aa919a6d8ea13eb0604dc0bb88fe7affc0c5c1d9e90e1c7113a3c5b44,171,10.0928403781617,3.1769230991891666,10.060523388020265,3.1718328121167207,483,0.04509519995190203,"{""alpha"": 100000}","{""valid"": true, ""warnings"": []}","{""center"": -0.016526774418172928, ""normalized_MAD"": 0.09142549798419829}"
BAYC,one-hot,Ridge,2024-07-01,2024-10-01,True,32662,1150,2022-01-01 00:03:36+00:00,2024-06-30 23:44:11+00:00,62211f883d58c592e36128d5845b4f9c92a3cc5df7a29c93d5253fed5f354fc5,3f21bc9aa919a6d8ea13eb0604dc0bb88fe7affc0c5c1d9e90e1c7113a3c5b44,171,10.095640706431025,3.1773637982502136,10.067306134106984,3.172901847537516,483,0.07289449998643249,"{""alpha"": 1000000}","{""valid"": true, ""warnings"": []}","{""center"": -0.016526774418172928, ""normalized_MAD"": 0.09142549798419829}"
BAYC,one-hot,ElasticNet,2024-07-01,2024-10-01,True,32662,1150,2022-01-01 00:03:36+00:00,2024-06-30 23:44:11+00:00,62211f883d58c592e36128d5845b4f9c92a3cc5df7a29c93d5253fed5f354fc5,3f21bc9aa919a6d8ea13eb0604dc0bb88fe7affc0c5c1d9e90e1c7113a3c5b44,171,10.075850727411101,3.174248057006746,10.021317872673668,3.165646517328438,483,2.5887490999884903,"{""alpha"": 0.001, ""l1_ratio"": 0.1}","{""valid"": true, ""warnings"": []}","{""center"": -0.016526774418172928, ""normalized_MAD"": 0.09142549798419829}"
BAYC,one-hot,ElasticNet,2024-07-01,2024-10-01,True,32662,1150,2022-01-01 00:03:36+00:00,2024-06-30 23:44:11+00:00,62211f883d58c592e36128d5845b4f9c92a3cc5df7a29c93d5253fed5f354fc5,3f21bc9aa919a6d8ea13eb0604dc0bb88fe7affc0c5c1d9e90e1c7113a3c5b44,171,10.075664060136802,3.1742186534857364,10.020869579230597,3.1655757105510203,483,0.5741663000080734,"{""alpha"": 0.001, ""l1_ratio"": 0.5}","{""valid"": true, ""warnings"": []}","{""center"": -0.016526774418172928, ""normalized_MAD"": 0.09142549798419829}"
BAYC,one-hot,ElasticNet,2024-07-01,2024-10-01,True,32662,1150,2022-01-01 00:03:36+00:00,2024-06-30 23:44:11+00:00,62211f883d58c592e36128d5845b4f9c92a3cc5df7a29c93d5253fed5f354fc5,3f21bc9aa919a6d8ea13eb0604dc0bb88fe7affc0c5c1d9e90e1c7113a3c5b44,171,10.075493192989782,3.174191738535935,10.020473898931376,3.16551321256623,483,0.8132692000363022,"{""alpha"": 0.001, ""l1_ratio"": 0.9}","{""valid"": true, ""warnings"": []}","{""center"": -0.016526774418172928, ""normalized_MAD"": 0.09142549798419829}"
BAYC,one-hot,ElasticNet,2024-07-01,2024-10-01,True,32662,1150,2022-01-01 00:03:36+00:00,2024-06-30 23:44:11+00:00,62211f883d58c592e36128d5845b4f9c92a3cc5df7a29c93d5253fed5f354fc5,3f21bc9aa919a6d8ea13eb0604dc0bb88fe7affc0c5c1d9e90e1c7113a3c5b44,171,10.075221548718284,3.1741489487291368,10.019828461437553,3.1654112626067334,483,0.6958923999918625,"{""alpha"": 0.01, ""l1_ratio"": 0.1}","{""valid"": true, ""warnings"": []}","{""center"": -0.016526774418172928, ""normalized_MAD"": 0.09142549798419829}"
BAYC,one-hot,ElasticNet,2024-07-01,2024-10-01,True,32662,1150,2022-01-01 00:03:36+00:00,2024-06-30 23:44:11+00:00,62211f883d58c592e36128d5845b4f9c92a3cc5df7a29c93d5253fed5f354fc5,3f21bc9aa919a6d8ea13eb0604dc0bb88fe7affc0c5c1d9e90e1c7113a3c5b44,171,10.074436806053134,3.174025331665318,10.01890571277733,3.1652655043103937,483,0.257991399965249,"{""alpha"": 0.01, ""l1_ratio"": 0.5}","{""valid"": true, ""warnings"": []}","{""center"": -0.016526774418172928, ""normalized_MAD"": 0.09142549798419829}"
BAYC,one-hot,ElasticNet,2024-07-01,2024-10-01,True,32662,1150,2022-01-01 00:03:36+00:00,2024-06-30 23:44:11+00:00,62211f883d58c592e36128d5845b4f9c92a3cc5df7a29c93d5253fed5f354fc5,3f21bc9aa919a6d8ea13eb0604dc0bb88fe7affc0c5c1d9e90e1c7113a3c5b44,171,10.074840317084291,3.1740888955863054,10.020517525127909,3.1655201034155365,483,0.13930470001650974,"{""alpha"": 0.01, ""l1_ratio"": 0.9}","{""valid"": true, ""warnings"": []}","{""center"": -0.016526774418172928, ""normalized_MAD"": 0.09142549798419829}"
BAYC,one-hot,ElasticNet,2024-07-01,2024-10-01,True,32662,1150,2022-01-01 00:03:36+00:00,2024-06-30 23:44:11+00:00,62211f883d58c592e36128d5845b4f9c92a3cc5df7a29c93d5253fed5f354fc5,3f21bc9aa919a6d8ea13eb0604dc0bb88fe7affc0c5c1d9e90e1c7113a3c5b44,171,10.077272774937589,3.1744720466461174,10.026142065733975,3.166408385810961,483,0.11132119997637346,"{""alpha"": 0.1, ""l1_ratio"": 0.1}","{""valid"": true, ""warnings"": []}","{""center"": -0.016526774418172928, ""normalized_MAD"": 0.09142549798419829}"
BAYC,one-hot,ElasticNet,2024-07-01,2024-10-01,True,32662,1150,2022-01-01 00:03:36+00:00,2024-06-30 23:44:11+00:00,62211f883d58c592e36128d5845b4f9c92a3cc5df7a29c93d5253fed5f354fc5,3f21bc9aa919a6d8ea13eb0604dc0bb88fe7affc0c5c1d9e90e1c7113a3c5b44,171,10.089796720085396,3.1764440369830846,10.055993067382648,3.171118582989707,483,0.05379239999456331,"{""alpha"": 0.1, ""l1_ratio"": 0.5}","{""valid"": true, ""warnings"": []}","{""center"": -0.016526774418172928, ""normalized_MAD"": 0.09142549798419829}"
BAYC,one-hot,ElasticNet,2024-07-01,2024-10-01,True,32662,1150,2022-01-01 00:03:36+00:00,2024-06-30 23:44:11+00:00,62211f883d58c592e36128d5845b4f9c92a3cc5df7a29c93d5253fed5f354fc5,3f21bc9aa919a6d8ea13eb0604dc0bb88fe7affc0c5c1d9e90e1c7113a3c5b44,171,10.095802702330026,3.17738929033413,10.067806767073488,3.172980738528598,483,0.05227450001984835,"{""alpha"": 0.1, ""l1_ratio"": 0.9}","{""valid"": true, ""warnings"": []}","{""center"": -0.016526774418172928, ""normalized_MAD"": 0.09142549798419829}"
BAYC,one-hot,ElasticNet,2024-07-01,2024-10-01,True,32662,1150,2022-01-01 00:03:36+00:00,2024-06-30 23:44:11+00:00,62211f883d58c592e36128d5845b4f9c92a3cc5df7a29c93d5253fed5f354fc5,3f21bc9aa919a6d8ea13eb0604dc0bb88fe7affc0c5c1d9e90e1c7113a3c5b44,171,10.09603464285433,3.1774257887249435,10.068265423018577,3.173053012954334,483,0.032640499994158745,"{""alpha"": 1, ""l1_ratio"": 0.1}","{""valid"": true, ""warnings"": []}","{""center"": -0.016526774418172928, ""normalized_MAD"": 0.09142549798419829}"
BAYC,one-hot,ElasticNet,2024-07-01,2024-10-01,True,32662,1150,2022-01-01 00:03:36+00:00,2024-06-30 23:44:11+00:00,62211f883d58c592e36128d5845b4f9c92a3cc5df7a29c93d5253fed5f354fc5,3f21bc9aa919a6d8ea13eb0604dc0bb88fe7affc0c5c1d9e90e1c7113a3c5b44,171,10.09603464285433,3.1774257887249435,10.068265423018577,3.173053012954334,483,0.03365759999724105,"{""alpha"": 1, ""l1_ratio"": 0.5}","{""valid"": true, ""warnings"": []}","{""center"": -0.016526774418172928, ""normalized_MAD"": 0.09142549798419829}"
BAYC,one-hot,ElasticNet,2024-07-01,2024-10-01,True,32662,1150,2022-01-01 00:03:36+00:00,2024-06-30 23:44:11+00:00,62211f883d58c592e36128d5845b4f9c92a3cc5df7a29c93d5253fed5f354fc5,3f21bc9aa919a6d8ea13eb0604dc0bb88fe7affc0c5c1d9e90e1c7113a3c5b44,171,10.09603464285433,3.1774257887249435,10.068265423018577,3.173053012954334,483,0.03392270003678277,"{""alpha"": 1, ""l1_ratio"": 0.9}","{""valid"": true, ""warnings"": []}","{""center"": -0.016526774418172928, ""normalized_MAD"": 0.09142549798419829}"
BAYC,one-hot,ElasticNet,2024-07-01,2024-10-01,True,32662,1150,2022-01-01 00:03:36+00:00,2024-06-30 23:44:11+00:00,62211f883d58c592e36128d5845b4f9c92a3cc5df7a29c93d5253fed5f354fc5,3f21bc9aa919a6d8ea13eb0604dc0bb88fe7affc0c5c1d9e90e1c7113a3c5b44,171,10.09603464285433,3.1774257887249435,10.068265423018577,3.173053012954334,483,0.034369700006209314,"{""alpha"": 10, ""l1_ratio"": 0.1}","{""valid"": true, ""warnings"": []}","{""center"": -0.016526774418172928, ""normalized_MAD"": 0.09142549798419829}"
BAYC,one-hot,ElasticNet,2024-07-01,2024-10-01,True,32662,1150,2022-01-01 00:03:36+00:00,2024-06-30 23:44:11+00:00,62211f883d58c592e36128d5845b4f9c92a3cc5df7a29c93d5253fed5f354fc5,3f21bc9aa919a6d8ea13eb0604dc0bb88fe7affc0c5c1d9e90e1c7113a3c5b44,171,10.09603464285433,3.1774257887249435,10.068265423018577,3.173053012954334,483,0.033498500008136034,"{""alpha"": 10, ""l1_ratio"": 0.5}","{""valid"": true, ""warnings"": []}","{""center"": -0.016526774418172928, ""normalized_MAD"": 0.09142549798419829}"
BAYC,one-hot,ElasticNet,2024-07-01,2024-10-01,True,32662,1150,2022-01-01 00:03:36+00:00,2024-06-30 23:44:11+00:00,62211f883d58c592e36128d5845b4f9c92a3cc5df7a29c93d5253fed5f354fc5,3f21bc9aa919a6d8ea13eb0604dc0bb88fe7affc0c5c1d9e90e1c7113a3c5b44,171,10.09603464285433,3.1774257887249435,10.068265423018577,3.173053012954334,483,0.03315400000428781,"{""alpha"": 10, ""l1_ratio"": 0.9}","{""valid"": true, ""warnings"": []}","{""center"": -0.016526774418172928, ""normalized_MAD"": 0.09142549798419829}"
BAYC,one-hot,PLS,2024-07-01,2024-10-01,True,32662,1150,2022-01-01 00:03:36+00:00,2024-06-30 23:44:11+00:00,62211f883d58c592e36128d5845b4f9c92a3cc5df7a29c93d5253fed5f354fc5,3f21bc9aa919a6d8ea13eb0604dc0bb88fe7affc0c5c1d9e90e1c7113a3c5b44,171,10.0759438155457,3.174262719994314,10.021540987921377,3.1656817572082914,483,0.30135639995569363,"{""components"": 8}","{""valid"": true, ""warnings"": []}","{""center"": -0.016526774418172928, ""normalized_MAD"": 0.09142549798419829}"
BAYC,one-hot,PLS,2024-07-01,2024-10-01,True,32662,1150,2022-01-01 00:03:36+00:00,2024-06-30 23:44:11+00:00,62211f883d58c592e36128d5845b4f9c92a3cc5df7a29c93d5253fed5f354fc5,3f21bc9aa919a6d8ea13eb0604dc0bb88fe7affc0c5c1d9e90e1c7113a3c5b44,171,10.075944438321901,3.1742628180920844,10.021542027217055,3.16568192135866,483,0.5851571999955922,"{""components"": 16}","{""valid"": true, ""warnings"": []}","{""center"": -0.016526774418172928, ""normalized_MAD"": 0.09142549798419829}"
BAYC,one-hot,PLS,2024-07-01,2024-10-01,True,32662,1150,2022-01-01 00:03:36+00:00,2024-06-30 23:44:11+00:00,62211f883d58c592e36128d5845b4f9c92a3cc5df7a29c93d5253fed5f354fc5,3f21bc9aa919a6d8ea13eb0604dc0bb88fe7affc0c5c1d9e90e1c7113a3c5b44,171,10.075944438319311,3.1742628180916763,10.021542027215066,3.1656819213583454,483,1.2134005999541841,"{""components"": 32}","{""valid"": true, ""warnings"": []}","{""center"": -0.016526774418172928, ""normalized_MAD"": 0.09142549798419829}"
BAYC,one-hot,PLS,2024-07-01,2024-10-01,True,32662,1150,2022-01-01 00:03:36+00:00,2024-06-30 23:44:11+00:00,62211f883d58c592e36128d5845b4f9c92a3cc5df7a29c93d5253fed5f354fc5,3f21bc9aa919a6d8ea13eb0604dc0bb88fe7affc0c5c1d9e90e1c7113a3c5b44,171,10.077611453555802,3.174525390283688,10.026192442805254,3.1664163407242034,483,2.327536400000099,"{""components"": 64}","{""valid"": true, ""warnings"": []}","{""center"": -0.016526774418172928, ""normalized_MAD"": 0.09142549798419829}"
BAYC,one-hot,LinearSVR,2024-07-01,2024-10-01,True,32662,1150,2022-01-01 00:03:36+00:00,2024-06-30 23:44:11+00:00,62211f883d58c592e36128d5845b4f9c92a3cc5df7a29c93d5253fed5f354fc5,3f21bc9aa919a6d8ea13eb0604dc0bb88fe7affc0c5c1d9e90e1c7113a3c5b44,171,10.07509476977608,3.1741289781255078,10.019869022866922,3.1654176695764686,483,0.24994680000236258,"{""C"": 0.01, ""epsilon"": 0.1}","{""valid"": true, ""warnings"": []}","{""center"": -0.016526774418172928, ""normalized_MAD"": 0.09142549798419829}"
BAYC,one-hot,LinearSVR,2024-07-01,2024-10-01,True,32662,1150,2022-01-01 00:03:36+00:00,2024-06-30 23:44:11+00:00,62211f883d58c592e36128d5845b4f9c92a3cc5df7a29c93d5253fed5f354fc5,3f21bc9aa919a6d8ea13eb0604dc0bb88fe7affc0c5c1d9e90e1c7113a3c5b44,171,10.074376497286814,3.174015831291144,10.018482954749862,3.1651987227897496,483,0.2403115999768488,"{""C"": 0.01, ""epsilon"": 0.2}","{""valid"": true, ""warnings"": []}","{""center"": -0.016526774418172928, ""normalized_MAD"": 0.09142549798419829}"
BAYC,one-hot,LinearSVR,2024-07-01,2024-10-01,True,32662,1150,2022-01-01 00:03:36+00:00,2024-06-30 23:44:11+00:00,62211f883d58c592e36128d5845b4f9c92a3cc5df7a29c93d5253fed5f354fc5,3f21bc9aa919a6d8ea13eb0604dc0bb88fe7affc0c5c1d9e90e1c7113a3c5b44,171,10.075136412039555,3.174135537755052,10.019975467220425,3.1654344831666354,483,0.25351840001530945,"{""C"": 0.1, ""epsilon"": 0.1}","{""valid"": true, ""warnings"": []}","{""center"": -0.016526774418172928, ""normalized_MAD"": 0.09142549798419829}"
BAYC,one-hot,LinearSVR,2024-07-01,2024-10-01,True,32662,1150,2022-01-01 00:03:36+00:00,2024-06-30 23:44:11+00:00,62211f883d58c592e36128d5845b4f9c92a3cc5df7a29c93d5253fed5f354fc5,3f21bc9aa919a6d8ea13eb0604dc0bb88fe7affc0c5c1d9e90e1c7113a3c5b44,171,10.07440052981067,3.174019617111821,10.018550747894727,3.1652094319167454,483,0.24306750000687316,"{""C"": 0.1, ""epsilon"": 0.2}","{""valid"": true, ""warnings"": []}","{""center"": -0.016526774418172928, ""normalized_MAD"": 0.09142549798419829}"
BAYC,one-hot,LinearSVR,2024-07-01,2024-10-01,True,32662,1150,2022-01-01 00:03:36+00:00,2024-06-30 23:44:11+00:00,62211f883d58c592e36128d5845b4f9c92a3cc5df7a29c93d5253fed5f354fc5,3f21bc9aa919a6d8ea13eb0604dc0bb88fe7affc0c5c1d9e90e1c7113a3c5b44,171,10.075140697910799,3.174136212879151,10.019986400222455,3.165436210101612,483,0.2655498999520205,"{""C"": 1, ""epsilon"": 0.1}","{""valid"": true, ""warnings"": []}","{""center"": -0.016526774418172928, ""normalized_MAD"": 0.09142549798419829}"
BAYC,one-hot,LinearSVR,2024-07-01,2024-10-01,True,32662,1150,2022-01-01 00:03:36+00:00,2024-06-30 23:44:11+00:00,62211f883d58c592e36128d5845b4f9c92a3cc5df7a29c93d5253fed5f354fc5,3f21bc9aa919a6d8ea13eb0604dc0bb88fe7affc0c5c1d9e90e1c7113a3c5b44,171,10.074403049850677,3.17402001409107,10.01855780700743,3.165210547026442,483,0.23675669997464865,"{""C"": 1, ""epsilon"": 0.2}","{""valid"": true, ""warnings"": []}","{""center"": -0.016526774418172928, ""normalized_MAD"": 0.09142549798419829}"
BAYC,one-hot,HistGradientBoosting,2024-07-01,2024-10-01,True,32662,1150,2022-01-01 00:03:36+00:00,2024-06-30 23:44:11+00:00,62211f883d58c592e36128d5845b4f9c92a3cc5df7a29c93d5253fed5f354fc5,3f21bc9aa919a6d8ea13eb0604dc0bb88fe7affc0c5c1d9e90e1c7113a3c5b44,171,10.082191202002479,3.175246636405191,10.038076904239759,3.1682924271979314,483,2.2165027000010014,"{""l2_regularization"": 1, ""learning_rate"": 0.05, ""max_leaf_nodes"": 15}","{""valid"": true, ""warnings"": []}","{""center"": -0.016526774418172928, ""normalized_MAD"": 0.09142549798419829}"
BAYC,one-hot,HistGradientBoosting,2024-07-01,2024-10-01,True,32662,1150,2022-01-01 00:03:36+00:00,2024-06-30 23:44:11+00:00,62211f883d58c592e36128d5845b4f9c92a3cc5df7a29c93d5253fed5f354fc5,3f21bc9aa919a6d8ea13eb0604dc0bb88fe7affc0c5c1d9e90e1c7113a3c5b44,171,10.083877280586453,3.1755121288677914,10.04111373155821,3.168771643958935,483,2.209571000013966,"{""l2_regularization"": 10, ""learning_rate"": 0.05, ""max_leaf_nodes"": 15}","{""valid"": true, ""warnings"": []}","{""center"": -0.016526774418172928, ""normalized_MAD"": 0.09142549798419829}"
BAYC,one-hot,HistGradientBoosting,2024-07-01,2024-10-01,True,32662,1150,2022-01-01 00:03:36+00:00,2024-06-30 23:44:11+00:00,62211f883d58c592e36128d5845b4f9c92a3cc5df7a29c93d5253fed5f354fc5,3f21bc9aa919a6d8ea13eb0604dc0bb88fe7affc0c5c1d9e90e1c7113a3c5b44,171,10.081188420069829,3.17508872633031,10.03545615068118,3.167878809342488,483,3.1020638999762014,"{""l2_regularization"": 1, ""learning_rate"": 0.05, ""max_leaf_nodes"": 31}","{""valid"": true, ""warnings"": []}","{""center"": -0.016526774418172928, ""normalized_MAD"": 0.09142549798419829}"
BAYC,one-hot,HistGradientBoosting,2024-07-01,2024-10-01,True,32662,1150,2022-01-01 00:03:36+00:00,2024-06-30 23:44:11+00:00,62211f883d58c592e36128d5845b4f9c92a3cc5df7a29c93d5253fed5f354fc5,3f21bc9aa919a6d8ea13eb0604dc0bb88fe7affc0c5c1d9e90e1c7113a3c5b44,171,10.082202736496892,3.175248452719392,10.037026589975875,3.1681266688653524,483,3.0046344000147656,"{""l2_regularization"": 10, ""learning_rate"": 0.05, ""max_leaf_nodes"": 31}","{""valid"": true, ""warnings"": []}","{""center"": -0.016526774418172928, ""normalized_MAD"": 0.09142549798419829}"
BAYC,one-hot,HistGradientBoosting,2024-07-01,2024-10-01,True,32662,1150,2022-01-01 00:03:36+00:00,2024-06-30 23:44:11+00:00,62211f883d58c592e36128d5845b4f9c92a3cc5df7a29c93d5253fed5f354fc5,3f21bc9aa919a6d8ea13eb0604dc0bb88fe7affc0c5c1d9e90e1c7113a3c5b44,171,10.082885818792768,3.1753560144955033,10.037036993128034,3.168128310710921,483,2.137494800030254,"{""l2_regularization"": 1, ""learning_rate"": 0.1, ""max_leaf_nodes"": 15}","{""valid"": true, ""warnings"": []}","{""center"": -0.016526774418172928, ""normalized_MAD"": 0.09142549798419829}"
BAYC,one-hot,HistGradientBoosting,2024-07-01,2024-10-01,True,32662,1150,2022-01-01 00:03:36+00:00,2024-06-30 23:44:11+00:00,62211f883d58c592e36128d5845b4f9c92a3cc5df7a29c93d5253fed5f354fc5,3f21bc9aa919a6d8ea13eb0604dc0bb88fe7affc0c5c1d9e90e1c7113a3c5b44,171,10.082046906410458,3.175223914373671,10.0372680299135,3.1681647731634004,483,2.201522199960891,"{""l2_regularization"": 10, ""learning_rate"": 0.1, ""max_leaf_nodes"": 15}","{""valid"": true, ""warnings"": []}","{""center"": -0.016526774418172928, ""normalized_MAD"": 0.09142549798419829}"
BAYC,one-hot,HistGradientBoosting,2024-07-01,2024-10-01,True,32662,1150,2022-01-01 00:03:36+00:00,2024-06-30 23:44:11+00:00,62211f883d58c592e36128d5845b4f9c92a3cc5df7a29c93d5253fed5f354fc5,3f21bc9aa919a6d8ea13eb0604dc0bb88fe7affc0c5c1d9e90e1c7113a3c5b44,171,10.082882811750057,3.1753555409985283,10.036881381415375,3.168103751681023,483,2.8840411999844946,"{""l2_regularization"": 1, ""learning_rate"": 0.1, ""max_leaf_nodes"": 31}","{""valid"": true, ""warnings"": []}","{""center"": -0.016526774418172928, ""normalized_MAD"": 0.09142549798419829}"
BAYC,one-hot,HistGradientBoosting,2024-07-01,2024-10-01,True,32662,1150,2022-01-01 00:03:36+00:00,2024-06-30 23:44:11+00:00,62211f883d58c592e36128d5845b4f9c92a3cc5df7a29c93d5253fed5f354fc5,3f21bc9aa919a6d8ea13eb0604dc0bb88fe7affc0c5c1d9e90e1c7113a3c5b44,171,10.082162237099128,3.1752420753541184,10.035195189193882,3.1678376203956353,483,3.0451999999932013,"{""l2_regularization"": 10, ""learning_rate"": 0.1, ""max_leaf_nodes"": 31}","{""valid"": true, ""warnings"": []}","{""center"": -0.016526774418172928, ""normalized_MAD"": 0.09142549798419829}"
BAYC,one-hot,XGBoost,2024-07-01,2024-10-01,True,32662,1150,2022-01-01 00:03:36+00:00,2024-06-30 23:44:11+00:00,62211f883d58c592e36128d5845b4f9c92a3cc5df7a29c93d5253fed5f354fc5,3f21bc9aa919a6d8ea13eb0604dc0bb88fe7affc0c5c1d9e90e1c7113a3c5b44,171,10.082191205628146,3.1752466369761176,10.038076910234915,3.168292428144049,483,0.9884423000039533,"{""l2_regularization"": 1, ""learning_rate"": 0.05, ""max_leaf_nodes"": 15}","{""valid"": true, ""warnings"": []}","{""center"": -0.016526774418172928, ""normalized_MAD"": 0.09142549798419829}"
BAYC,one-hot,XGBoost,2024-07-01,2024-10-01,True,32662,1150,2022-01-01 00:03:36+00:00,2024-06-30 23:44:11+00:00,62211f883d58c592e36128d5845b4f9c92a3cc5df7a29c93d5253fed5f354fc5,3f21bc9aa919a6d8ea13eb0604dc0bb88fe7affc0c5c1d9e90e1c7113a3c5b44,171,10.083877281991494,3.175512129089022,10.04111373592182,3.1687716446474683,483,0.9934629999916069,"{""l2_regularization"": 10, ""learning_rate"": 0.05, ""max_leaf_nodes"": 15}","{""valid"": true, ""warnings"": []}","{""center"": -0.016526774418172928, ""normalized_MAD"": 0.09142549798419829}"
BAYC,one-hot,XGBoost,2024-07-01,2024-10-01,True,32662,1150,2022-01-01 00:03:36+00:00,2024-06-30 23:44:11+00:00,62211f883d58c592e36128d5845b4f9c92a3cc5df7a29c93d5253fed5f354fc5,3f21bc9aa919a6d8ea13eb0604dc0bb88fe7affc0c5c1d9e90e1c7113a3c5b44,171,10.081188422540158,3.175088726719327,10.03545615503542,3.1678788100297366,483,1.1668991000042297,"{""l2_regularization"": 1, ""learning_rate"": 0.05, ""max_leaf_nodes"": 31}","{""valid"": true, ""warnings"": []}","{""center"": -0.016526774418172928, ""normalized_MAD"": 0.09142549798419829}"
BAYC,one-hot,XGBoost,2024-07-01,2024-10-01,True,32662,1150,2022-01-01 00:03:36+00:00,2024-06-30 23:44:11+00:00,62211f883d58c592e36128d5845b4f9c92a3cc5df7a29c93d5253fed5f354fc5,3f21bc9aa919a6d8ea13eb0604dc0bb88fe7affc0c5c1d9e90e1c7113a3c5b44,171,10.082202725376598,3.1752484509683017,10.037026568718243,3.168126665510431,483,1.2080905999755487,"{""l2_regularization"": 10, ""learning_rate"": 0.05, ""max_leaf_nodes"": 31}","{""valid"": true, ""warnings"": []}","{""center"": -0.016526774418172928, ""normalized_MAD"": 0.09142549798419829}"
BAYC,one-hot,XGBoost,2024-07-01,2024-10-01,True,32662,1150,2022-01-01 00:03:36+00:00,2024-06-30 23:44:11+00:00,62211f883d58c592e36128d5845b4f9c92a3cc5df7a29c93d5253fed5f354fc5,3f21bc9aa919a6d8ea13eb0604dc0bb88fe7affc0c5c1d9e90e1c7113a3c5b44,171,10.082885810583843,3.1753560132029044,10.037036977387935,3.168128308226789,483,1.0342264999635518,"{""l2_regularization"": 1, ""learning_rate"": 0.1, ""max_leaf_nodes"": 15}","{""valid"": true, ""warnings"": []}","{""center"": -0.016526774418172928, ""normalized_MAD"": 0.09142549798419829}"
BAYC,one-hot,XGBoost,2024-07-01,2024-10-01,True,32662,1150,2022-01-01 00:03:36+00:00,2024-06-30 23:44:11+00:00,62211f883d58c592e36128d5845b4f9c92a3cc5df7a29c93d5253fed5f354fc5,3f21bc9aa919a6d8ea13eb0604dc0bb88fe7affc0c5c1d9e90e1c7113a3c5b44,171,10.082046907352854,3.1752239145220695,10.037268032389298,3.168164773554131,483,1.0398068000213243,"{""l2_regularization"": 10, ""learning_rate"": 0.1, ""max_leaf_nodes"": 15}","{""valid"": true, ""warnings"": []}","{""center"": -0.016526774418172928, ""normalized_MAD"": 0.09142549798419829}"
BAYC,one-hot,XGBoost,2024-07-01,2024-10-01,True,32662,1150,2022-01-01 00:03:36+00:00,2024-06-30 23:44:11+00:00,62211f883d58c592e36128d5845b4f9c92a3cc5df7a29c93d5253fed5f354fc5,3f21bc9aa919a6d8ea13eb0604dc0bb88fe7affc0c5c1d9e90e1c7113a3c5b44,171,10.082882813407375,3.1753555412594943,10.036881386002689,3.1681037524050075,483,1.101932899968233,"{""l2_regularization"": 1, ""learning_rate"": 0.1, ""max_leaf_nodes"": 31}","{""valid"": true, ""warnings"": []}","{""center"": -0.016526774418172928, ""normalized_MAD"": 0.09142549798419829}"
BAYC,one-hot,XGBoost,2024-07-01,2024-10-01,True,32662,1150,2022-01-01 00:03:36+00:00,2024-06-30 23:44:11+00:00,62211f883d58c592e36128d5845b4f9c92a3cc5df7a29c93d5253fed5f354fc5,3f21bc9aa919a6d8ea13eb0604dc0bb88fe7affc0c5c1d9e90e1c7113a3c5b44,171,10.082162234845617,3.175242074999262,10.035195184566398,3.1678376196652502,483,1.1323149000527337,"{""l2_regularization"": 10, ""learning_rate"": 0.1, ""max_leaf_nodes"": 31}","{""valid"": true, ""warnings"": []}","{""center"": -0.016526774418172928, ""normalized_MAD"": 0.09142549798419829}"
BAYC,one-hot,LightGBM,2024-07-01,2024-10-01,True,32662,1150,2022-01-01 00:03:36+00:00,2024-06-30 23:44:11+00:00,62211f883d58c592e36128d5845b4f9c92a3cc5df7a29c93d5253fed5f354fc5,3f21bc9aa919a6d8ea13eb0604dc0bb88fe7affc0c5c1d9e90e1c7113a3c5b44,171,10.080786743468327,3.1750254713101635,10.036734560837521,3.168080579915467,483,0.22809639998013154,"{""l2_regularization"": 1, ""learning_rate"": 0.05, ""max_leaf_nodes"": 15}","{""valid"": true, ""warnings"": []}","{""center"": -0.016526774418172928, ""normalized_MAD"": 0.09142549798419829}"
BAYC,one-hot,LightGBM,2024-07-01,2024-10-01,True,32662,1150,2022-01-01 00:03:36+00:00,2024-06-30 23:44:11+00:00,62211f883d58c592e36128d5845b4f9c92a3cc5df7a29c93d5253fed5f354fc5,3f21bc9aa919a6d8ea13eb0604dc0bb88fe7affc0c5c1d9e90e1c7113a3c5b44,171,10.083506145982593,3.1754536913616915,10.040533070683814,3.168680020242469,483,0.27621090004686266,"{""l2_regularization"": 10, ""learning_rate"": 0.05, ""max_leaf_nodes"": 15}","{""valid"": true, ""warnings"": []}","{""center"": -0.016526774418172928, ""normalized_MAD"": 0.09142549798419829}"
BAYC,one-hot,LightGBM,2024-07-01,2024-10-01,True,32662,1150,2022-01-01 00:03:36+00:00,2024-06-30 23:44:11+00:00,62211f883d58c592e36128d5845b4f9c92a3cc5df7a29c93d5253fed5f354fc5,3f21bc9aa919a6d8ea13eb0604dc0bb88fe7affc0c5c1d9e90e1c7113a3c5b44,171,10.080509404621955,3.1749817959512705,10.034539416762122,3.1677341139625534,483,0.3446593999979086,"{""l2_regularization"": 1, ""learning_rate"": 0.05, ""max_leaf_nodes"": 31}","{""valid"": true, ""warnings"": []}","{""center"": -0.016526774418172928, ""normalized_MAD"": 0.09142549798419829}"
BAYC,one-hot,LightGBM,2024-07-01,2024-10-01,True,32662,1150,2022-01-01 00:03:36+00:00,2024-06-30 23:44:11+00:00,62211f883d58c592e36128d5845b4f9c92a3cc5df7a29c93d5253fed5f354fc5,3f21bc9aa919a6d8ea13eb0604dc0bb88fe7affc0c5c1d9e90e1c7113a3c5b44,171,10.08315836510058,3.175398930071713,10.037819140507617,3.1682517482844728,483,0.33611249999376014,"{""l2_regularization"": 10, ""learning_rate"": 0.05, ""max_leaf_nodes"": 31}","{""valid"": true, ""warnings"": []}","{""center"": -0.016526774418172928, ""normalized_MAD"": 0.09142549798419829}"
BAYC,one-hot,LightGBM,2024-07-01,2024-10-01,True,32662,1150,2022-01-01 00:03:36+00:00,2024-06-30 23:44:11+00:00,62211f883d58c592e36128d5845b4f9c92a3cc5df7a29c93d5253fed5f354fc5,3f21bc9aa919a6d8ea13eb0604dc0bb88fe7affc0c5c1d9e90e1c7113a3c5b44,171,10.079826765965837,3.17487429136428,10.033942031077805,3.1676398202885703,483,0.21445979998679832,"{""l2_regularization"": 1, ""learning_rate"": 0.1, ""max_leaf_nodes"": 15}","{""valid"": true, ""warnings"": []}","{""center"": -0.016526774418172928, ""normalized_MAD"": 0.09142549798419829}"
BAYC,one-hot,LightGBM,2024-07-01,2024-10-01,True,32662,1150,2022-01-01 00:03:36+00:00,2024-06-30 23:44:11+00:00,62211f883d58c592e36128d5845b4f9c92a3cc5df7a29c93d5253fed5f354fc5,3f21bc9aa919a6d8ea13eb0604dc0bb88fe7affc0c5c1d9e90e1c7113a3c5b44,171,10.083070451385817,3.1753850871013767,10.038625636653622,3.168379023515593,483,0.2428307999507524,"{""l2_regularization"": 10, ""learning_rate"": 0.1, ""max_leaf_nodes"": 15}","{""valid"": true, ""warnings"": []}","{""center"": -0.016526774418172928, ""normalized_MAD"": 0.09142549798419829}"
BAYC,one-hot,LightGBM,2024-07-01,2024-10-01,True,32662,1150,2022-01-01 00:03:36+00:00,2024-06-30 23:44:11+00:00,62211f883d58c592e36128d5845b4f9c92a3cc5df7a29c93d5253fed5f354fc5,3f21bc9aa919a6d8ea13eb0604dc0bb88fe7affc0c5c1d9e90e1c7113a3c5b44,171,10.08118169291976,3.1750876669660255,10.034055272052033,3.1676576948988715,483,0.28925669996533543,"{""l2_regularization"": 1, ""learning_rate"": 0.1, ""max_leaf_nodes"": 31}","{""valid"": true, ""warnings"": []}","{""center"": -0.016526774418172928, ""normalized_MAD"": 0.09142549798419829}"
BAYC,one-hot,LightGBM,2024-07-01,2024-10-01,True,32662,1150,2022-01-01 00:03:36+00:00,2024-06-30 23:44:11+00:00,62211f883d58c592e36128d5845b4f9c92a3cc5df7a29c93d5253fed5f354fc5,3f21bc9aa919a6d8ea13eb0604dc0bb88fe7affc0c5c1d9e90e1c7113a3c5b44,171,10.081481487724464,3.1751348770917533,10.03492685464253,3.1677952671601948,483,0.3252116999938153,"{""l2_regularization"": 10, ""learning_rate"": 0.1, ""max_leaf_nodes"": 31}","{""valid"": true, ""warnings"": []}","{""center"": -0.016526774418172928, ""normalized_MAD"": 0.09142549798419829}"
BAYC,one-hot,OLS,2024-10-01,2025-01-01,True,33812,1394,2022-01-01 00:03:36+00:00,2024-09-30 23:18:35+00:00,3d3ad64d2add71848144ba16812e9b434ed81558014d00b266df24eb610b523c,ab1e410da0d8ab326d934e5105766786906864ee4f1afc6a7790a38146ede52f,171,0.10291552335320972,0.320804493972902,0.09936725513108542,0.31522572092246126,676,0.25488259998383,{},"{""valid"": true, ""warnings"": []}","{""center"": -0.01561203360892056, ""normalized_MAD"": 0.09146136686820992}"
BAYC,one-hot,Ridge,2024-10-01,2025-01-01,True,33812,1394,2022-01-01 00:03:36+00:00,2024-09-30 23:18:35+00:00,3d3ad64d2add71848144ba16812e9b434ed81558014d00b266df24eb610b523c,ab1e410da0d8ab326d934e5105766786906864ee4f1afc6a7790a38146ede52f,171,0.10291552840575155,0.32080450184770093,0.09936726764455332,0.3152257407708852,676,0.04643080005189404,"{""alpha"": 0.01}","{""valid"": true, ""warnings"": []}","{""center"": -0.01561203360892056, ""normalized_MAD"": 0.09146136686820992}"
BAYC,one-hot,Ridge,2024-10-01,2025-01-01,True,33812,1394,2022-01-01 00:03:36+00:00,2024-09-30 23:18:35+00:00,3d3ad64d2add71848144ba16812e9b434ed81558014d00b266df24eb610b523c,ab1e410da0d8ab326d934e5105766786906864ee4f1afc6a7790a38146ede52f,171,0.10291557387982672,0.3208045727227508,0.09936738026779683,0.3152259194098684,676,0.04638419998809695,"{""alpha"": 0.1}","{""valid"": true, ""warnings"": []}","{""center"": -0.01561203360892056, ""normalized_MAD"": 0.09146136686820992}"
BAYC,one-hot,Ridge,2024-10-01,2025-01-01,True,33812,1394,2022-01-01 00:03:36+00:00,2024-09-30 23:18:35+00:00,3d3ad64d2add71848144ba16812e9b434ed81558014d00b266df24eb610b523c,ab1e410da0d8ab326d934e5105766786906864ee4f1afc6a7790a38146ede52f,171,0.10291602873930374,0.32080528165743116,0.09936850670163136,0.31522770611358286,676,0.04670720000285655,"{""alpha"": 1}","{""valid"": true, ""warnings"": []}","{""center"": -0.01561203360892056, ""normalized_MAD"": 0.09146136686820992}"
BAYC,one-hot,Ridge,2024-10-01,2025-01-01,True,33812,1394,2022-01-01 00:03:36+00:00,2024-09-30 23:18:35+00:00,3d3ad64d2add71848144ba16812e9b434ed81558014d00b266df24eb610b523c,ab1e410da0d8ab326d934e5105766786906864ee4f1afc6a7790a38146ede52f,171,0.10292058918372665,0.3208123893862683,0.09937979113778508,0.3152456044702052,676,0.04559739999240264,"{""alpha"": 10}","{""valid"": true, ""warnings"": []}","{""center"": -0.01561203360892056, ""normalized_MAD"": 0.09146136686820992}"
BAYC,one-hot,Ridge,2024-10-01,2025-01-01,True,33812,1394,2022-01-01 00:03:36+00:00,2024-09-30 23:18:35+00:00,3d3ad64d2add71848144ba16812e9b434ed81558014d00b266df24eb610b523c,ab1e410da0d8ab326d934e5105766786906864ee4f1afc6a7790a38146ede52f,171,0.10296735596298584,0.32088526915859794,0.09949460366995726,0.3154276520376063,676,0.047355899994727224,"{""alpha"": 100}","{""valid"": true, ""warnings"": []}","{""center"": -0.01561203360892056, ""normalized_MAD"": 0.09146136686820992}"
BAYC,one-hot,Ridge,2024-10-01,2025-01-01,True,33812,1394,2022-01-01 00:03:36+00:00,2024-09-30 23:18:35+00:00,3d3ad64d2add71848144ba16812e9b434ed81558014d00b266df24eb610b523c,ab1e410da0d8ab326d934e5105766786906864ee4f1afc6a7790a38146ede52f,171,0.10353109647418765,0.3217624845661589,0.10080258973404198,0.31749423574931557,676,0.05078609997872263,"{""alpha"": 1000}","{""valid"": true, ""warnings"": []}","{""center"": -0.01561203360892056, ""normalized_MAD"": 0.09146136686820992}"
BAYC,one-hot,Ridge,2024-10-01,2025-01-01,True,33812,1394,2022-01-01 00:03:36+00:00,2024-09-30 23:18:35+00:00,3d3ad64d2add71848144ba16812e9b434ed81558014d00b266df24eb610b523c,ab1e410da0d8ab326d934e5105766786906864ee4f1afc6a7790a38146ede52f,171,0.11055675210167804,0.3325007550392601,0.11519508376855532,0.339404012599373,676,0.046874199993908405,"{""alpha"": 10000}","{""valid"": true, ""warnings"": []}","{""center"": -0.01561203360892056, ""normalized_MAD"": 0.09146136686820992}"
BAYC,one-hot,Ridge,2024-10-01,2025-01-01,True,33812,1394,2022-01-01 00:03:36+00:00,2024-09-30 23:18:35+00:00,3d3ad64d2add71848144ba16812e9b434ed81558014d00b266df24eb610b523c,ab1e410da0d8ab326d934e5105766786906864ee4f1afc6a7790a38146ede52f,171,0.12328109998311172,0.3511140839999326,0.1390470004281563,0.37289006480215625,676,0.05056430003605783,"{""alpha"": 100000}","{""valid"": true, ""warnings"": []}","{""center"": -0.01561203360892056, ""normalized_MAD"": 0.09146136686820992}"
BAYC,one-hot,Ridge,2024-10-01,2025-01-01,True,33812,1394,2022-01-01 00:03:36+00:00,2024-09-30 23:18:35+00:00,3d3ad64d2add71848144ba16812e9b434ed81558014d00b266df24eb610b523c,ab1e410da0d8ab326d934e5105766786906864ee4f1afc6a7790a38146ede52f,171,0.12649904137449344,0.3556670372335528,0.14458024883314266,0.3802370955511083,676,0.049538200022652745,"{""alpha"": 1000000}","{""valid"": true, ""warnings"": []}","{""center"": -0.01561203360892056, ""normalized_MAD"": 0.09146136686820992}"
BAYC,one-hot,ElasticNet,2024-10-01,2025-01-01,True,33812,1394,2022-01-01 00:03:36+00:00,2024-09-30 23:18:35+00:00,3d3ad64d2add71848144ba16812e9b434ed81558014d00b266df24eb610b523c,ab1e410da0d8ab326d934e5105766786906864ee4f1afc6a7790a38146ede52f,171,0.10295450171889137,0.320865239187562,0.09946266053478903,0.3153770133265724,676,5.856977100018412,"{""alpha"": 0.001, ""l1_ratio"": 0.1}","{""valid"": true, ""warnings"": []}","{""center"": -0.01561203360892056, ""normalized_MAD"": 0.09146136686820992}"
BAYC,one-hot,ElasticNet,2024-10-01,2025-01-01,True,33812,1394,2022-01-01 00:03:36+00:00,2024-09-30 23:18:35+00:00,3d3ad64d2add71848144ba16812e9b434ed81558014d00b266df24eb610b523c,ab1e410da0d8ab326d934e5105766786906864ee4f1afc6a7790a38146ede52f,171,0.10304203979745864,0.3210016196181238,0.09967661252265138,0.31571603146285016,676,0.7910560999880545,"{""alpha"": 0.001, ""l1_ratio"": 0.5}","{""valid"": true, ""warnings"": []}","{""center"": -0.01561203360892056, ""normalized_MAD"": 0.09146136686820992}"
BAYC,one-hot,ElasticNet,2024-10-01,2025-01-01,True,33812,1394,2022-01-01 00:03:36+00:00,2024-09-30 23:18:35+00:00,3d3ad64d2add71848144ba16812e9b434ed81558014d00b266df24eb610b523c,ab1e410da0d8ab326d934e5105766786906864ee4f1afc6a7790a38146ede52f,171,0.10313979532259722,0.3211538499264756,0.09990635853555341,0.3160796711836328,676,1.7518620999762788,"{""alpha"": 0.001, ""l1_ratio"": 0.9}","{""valid"": true, ""warnings"": []}","{""center"": -0.01561203360892056, ""normalized_MAD"": 0.09146136686820992}"
BAYC,one-hot,ElasticNet,2024-10-01,2025-01-01,True,33812,1394,2022-01-01 00:03:36+00:00,2024-09-30 23:18:35+00:00,3d3ad64d2add71848144ba16812e9b434ed81558014d00b266df24eb610b523c,ab1e410da0d8ab326d934e5105766786906864ee4f1afc6a7790a38146ede52f,171,0.10336732005287282,0.3215078849000018,0.10042449839264246,0.31689824611796524,676,0.49196209997171536,"{""alpha"": 0.01, ""l1_ratio"": 0.1}","{""valid"": true, ""warnings"": []}","{""center"": -0.01561203360892056, ""normalized_MAD"": 0.09146136686820992}"
BAYC,one-hot,ElasticNet,2024-10-01,2025-01-01,True,33812,1394,2022-01-01 00:03:36+00:00,2024-09-30 23:18:35+00:00,3d3ad64d2add71848144ba16812e9b434ed81558014d00b266df24eb610b523c,ab1e410da0d8ab326d934e5105766786906864ee4f1afc6a7790a38146ede52f,171,0.10489872994573197,0.32388073413794155,0.10364217130402453,0.3219350420566617,676,0.2779448999790475,"{""alpha"": 0.01, ""l1_ratio"": 0.5}","{""valid"": true, ""warnings"": []}","{""center"": -0.01561203360892056, ""normalized_MAD"": 0.09146136686820992}"
BAYC,one-hot,ElasticNet,2024-10-01,2025-01-01,True,33812,1394,2022-01-01 00:03:36+00:00,2024-09-30 23:18:35+00:00,3d3ad64d2add71848144ba16812e9b434ed81558014d00b266df24eb610b523c,ab1e410da0d8ab326d934e5105766786906864ee4f1afc6a7790a38146ede52f,171,0.10681141501495253,0.32682015698997596,0.10741688883892096,0.32774515837601775,676,0.13162160001229495,"{""alpha"": 0.01, ""l1_ratio"": 0.9}","{""valid"": true, ""warnings"": []}","{""center"": -0.01561203360892056, ""normalized_MAD"": 0.09146136686820992}"
BAYC,one-hot,ElasticNet,2024-10-01,2025-01-01,True,33812,1394,2022-01-01 00:03:36+00:00,2024-09-30 23:18:35+00:00,3d3ad64d2add71848144ba16812e9b434ed81558014d00b266df24eb610b523c,ab1e410da0d8ab326d934e5105766786906864ee4f1afc6a7790a38146ede52f,171,0.11006042576294693,0.3317535617939119,0.11386275105053616,0.33743555095830696,676,0.11258570000063628,"{""alpha"": 0.1, ""l1_ratio"": 0.1}","{""valid"": true, ""warnings"": []}","{""center"": -0.01561203360892056, ""normalized_MAD"": 0.09146136686820992}"
BAYC,one-hot,ElasticNet,2024-10-01,2025-01-01,True,33812,1394,2022-01-01 00:03:36+00:00,2024-09-30 23:18:35+00:00,3d3ad64d2add71848144ba16812e9b434ed81558014d00b266df24eb610b523c,ab1e410da0d8ab326d934e5105766786906864ee4f1afc6a7790a38146ede52f,171,0.12257041102382116,0.3501005727270682,0.13690900717598434,0.37001217165923656,676,0.05618130002403632,"{""alpha"": 0.1, ""l1_ratio"": 0.5}","{""valid"": true, ""warnings"": []}","{""center"": -0.01561203360892056, ""normalized_MAD"": 0.09146136686820992}"
BAYC,one-hot,ElasticNet,2024-10-01,2025-01-01,True,33812,1394,2022-01-01 00:03:36+00:00,2024-09-30 23:18:35+00:00,3d3ad64d2add71848144ba16812e9b434ed81558014d00b266df24eb610b523c,ab1e410da0d8ab326d934e5105766786906864ee4f1afc6a7790a38146ede52f,171,0.126774793529307,0.35605448112516014,0.14497931688966076,0.38076149607025755,676,0.054514899966306984,"{""alpha"": 0.1, ""l1_ratio"": 0.9}","{""valid"": true, ""warnings"": []}","{""center"": -0.01561203360892056, ""normalized_MAD"": 0.09146136686820992}"
BAYC,one-hot,ElasticNet,2024-10-01,2025-01-01,True,33812,1394,2022-01-01 00:03:36+00:00,2024-09-30 23:18:35+00:00,3d3ad64d2add71848144ba16812e9b434ed81558014d00b266df24eb610b523c,ab1e410da0d8ab326d934e5105766786906864ee4f1afc6a7790a38146ede52f,171,0.12698231198872084,0.3563457758816861,0.14539480567615973,0.3813067081447161,676,0.03391489997738972,"{""alpha"": 1, ""l1_ratio"": 0.1}","{""valid"": true, ""warnings"": []}","{""center"": -0.01561203360892056, ""normalized_MAD"": 0.09146136686820992}"
BAYC,one-hot,ElasticNet,2024-10-01,2025-01-01,True,33812,1394,2022-01-01 00:03:36+00:00,2024-09-30 23:18:35+00:00,3d3ad64d2add71848144ba16812e9b434ed81558014d00b266df24eb610b523c,ab1e410da0d8ab326d934e5105766786906864ee4f1afc6a7790a38146ede52f,171,0.12698231198872084,0.3563457758816861,0.14539480567615973,0.3813067081447161,676,0.03478789998916909,"{""alpha"": 1, ""l1_ratio"": 0.5}","{""valid"": true, ""warnings"": []}","{""center"": -0.01561203360892056, ""normalized_MAD"": 0.09146136686820992}"
BAYC,one-hot,ElasticNet,2024-10-01,2025-01-01,True,33812,1394,2022-01-01 00:03:36+00:00,2024-09-30 23:18:35+00:00,3d3ad64d2add71848144ba16812e9b434ed81558014d00b266df24eb610b523c,ab1e410da0d8ab326d934e5105766786906864ee4f1afc6a7790a38146ede52f,171,0.12698231198872084,0.3563457758816861,0.14539480567615973,0.3813067081447161,676,0.03339120000600815,"{""alpha"": 1, ""l1_ratio"": 0.9}","{""valid"": true, ""warnings"": []}","{""center"": -0.01561203360892056, ""normalized_MAD"": 0.09146136686820992}"
BAYC,one-hot,ElasticNet,2024-10-01,2025-01-01,True,33812,1394,2022-01-01 00:03:36+00:00,2024-09-30 23:18:35+00:00,3d3ad64d2add71848144ba16812e9b434ed81558014d00b266df24eb610b523c,ab1e410da0d8ab326d934e5105766786906864ee4f1afc6a7790a38146ede52f,171,0.12698231198872084,0.3563457758816861,0.14539480567615973,0.3813067081447161,676,0.034609599970281124,"{""alpha"": 10, ""l1_ratio"": 0.1}","{""valid"": true, ""warnings"": []}","{""center"": -0.01561203360892056, ""normalized_MAD"": 0.09146136686820992}"
BAYC,one-hot,ElasticNet,2024-10-01,2025-01-01,True,33812,1394,2022-01-01 00:03:36+00:00,2024-09-30 23:18:35+00:00,3d3ad64d2add71848144ba16812e9b434ed81558014d00b266df24eb610b523c,ab1e410da0d8ab326d934e5105766786906864ee4f1afc6a7790a38146ede52f,171,0.12698231198872084,0.3563457758816861,0.14539480567615973,0.3813067081447161,676,0.034511799982283264,"{""alpha"": 10, ""l1_ratio"": 0.5}","{""valid"": true, ""warnings"": []}","{""center"": -0.01561203360892056, ""normalized_MAD"": 0.09146136686820992}"
BAYC,one-hot,ElasticNet,2024-10-01,2025-01-01,True,33812,1394,2022-01-01 00:03:36+00:00,2024-09-30 23:18:35+00:00,3d3ad64d2add71848144ba16812e9b434ed81558014d00b266df24eb610b523c,ab1e410da0d8ab326d934e5105766786906864ee4f1afc6a7790a38146ede52f,171,0.12698231198872084,0.3563457758816861,0.14539480567615973,0.3813067081447161,676,0.033713300013914704,"{""alpha"": 10, ""l1_ratio"": 0.9}","{""valid"": true, ""warnings"": []}","{""center"": -0.01561203360892056, ""normalized_MAD"": 0.09146136686820992}"
BAYC,one-hot,PLS,2024-10-01,2025-01-01,True,33812,1394,2022-01-01 00:03:36+00:00,2024-09-30 23:18:35+00:00,3d3ad64d2add71848144ba16812e9b434ed81558014d00b266df24eb610b523c,ab1e410da0d8ab326d934e5105766786906864ee4f1afc6a7790a38146ede52f,171,0.1029155813575679,0.320804584377418,0.09936732902915973,0.3152258381369772,676,0.29179630003636703,"{""components"": 8}","{""valid"": true, ""warnings"": []}","{""center"": -0.01561203360892056, ""normalized_MAD"": 0.09146136686820992}"
BAYC,one-hot,PLS,2024-10-01,2025-01-01,True,33812,1394,2022-01-01 00:03:36+00:00,2024-09-30 23:18:35+00:00,3d3ad64d2add71848144ba16812e9b434ed81558014d00b266df24eb610b523c,ab1e410da0d8ab326d934e5105766786906864ee4f1afc6a7790a38146ede52f,171,0.10291552335416466,0.32080449397439037,0.0993672551332583,0.3152257209259078,676,0.56112219998613,"{""components"": 16}","{""valid"": true, ""warnings"": []}","{""center"": -0.01561203360892056, ""normalized_MAD"": 0.09146136686820992}"
BAYC,one-hot,PLS,2024-10-01,2025-01-01,True,33812,1394,2022-01-01 00:03:36+00:00,2024-09-30 23:18:35+00:00,3d3ad64d2add71848144ba16812e9b434ed81558014d00b266df24eb610b523c,ab1e410da0d8ab326d934e5105766786906864ee4f1afc6a7790a38146ede52f,171,0.10291552335320965,0.3208044939729019,0.09936725513108534,0.3152257209224611,676,1.1141349999816157,"{""components"": 32}","{""valid"": true, ""warnings"": []}","{""center"": -0.01561203360892056, ""normalized_MAD"": 0.09146136686820992}"
BAYC,one-hot,PLS,2024-10-01,2025-01-01,True,33812,1394,2022-01-01 00:03:36+00:00,2024-09-30 23:18:35+00:00,3d3ad64d2add71848144ba16812e9b434ed81558014d00b266df24eb610b523c,ab1e410da0d8ab326d934e5105766786906864ee4f1afc6a7790a38146ede52f,171,0.10276561149374294,0.32057075894994375,0.09892674539835909,0.3145262237053678,676,2.186150900030043,"{""components"": 64}","{""valid"": true, ""warnings"": []}","{""center"": -0.01561203360892056, ""normalized_MAD"": 0.09146136686820992}"
BAYC,one-hot,LinearSVR,2024-10-01,2025-01-01,True,33812,1394,2022-01-01 00:03:36+00:00,2024-09-30 23:18:35+00:00,3d3ad64d2add71848144ba16812e9b434ed81558014d00b266df24eb610b523c,ab1e410da0d8ab326d934e5105766786906864ee4f1afc6a7790a38146ede52f,171,0.10317263983538384,0.32120498102517625,0.09987082155428367,0.31602345095622836,676,0.2570829999749549,"{""C"": 0.01, ""epsilon"": 0.1}","{""valid"": true, ""warnings"": []}","{""center"": -0.01561203360892056, ""normalized_MAD"": 0.09146136686820992}"
BAYC,one-hot,LinearSVR,2024-10-01,2025-01-01,True,33812,1394,2022-01-01 00:03:36+00:00,2024-09-30 23:18:35+00:00,3d3ad64d2add71848144ba16812e9b434ed81558014d00b266df24eb610b523c,ab1e410da0d8ab326d934e5105766786906864ee4f1afc6a7790a38146ede52f,171,0.10347328671423868,0.3216726390513167,0.10046440527792717,0.3169612046890395,676,0.2494107999955304,"{""C"": 0.01, ""epsilon"": 0.2}","{""valid"": true, ""warnings"": []}","{""center"": -0.01561203360892056, ""normalized_MAD"": 0.09146136686820992}"
BAYC,one-hot,LinearSVR,2024-10-01,2025-01-01,True,33812,1394,2022-01-01 00:03:36+00:00,2024-09-30 23:18:35+00:00,3d3ad64d2add71848144ba16812e9b434ed81558014d00b266df24eb610b523c,ab1e410da0d8ab326d934e5105766786906864ee4f1afc6a7790a38146ede52f,171,0.10314495639347163,0.321161885026028,0.09980175631460467,0.31591415972476555,676,0.25616520002949983,"{""C"": 0.1, ""epsilon"": 0.1}","{""valid"": true, ""warnings"": []}","{""center"": -0.01561203360892056, ""normalized_MAD"": 0.09146136686820992}"
BAYC,one-hot,LinearSVR,2024-10-01,2025-01-01,True,33812,1394,2022-01-01 00:03:36+00:00,2024-09-30 23:18:35+00:00,3d3ad64d2add71848144ba16812e9b434ed81558014d00b266df24eb610b523c,ab1e410da0d8ab326d934e5105766786906864ee4f1afc6a7790a38146ede52f,171,0.10343620883679316,0.3216150009511266,0.10037694662001485,0.31682321035557803,676,0.24529380002059042,"{""C"": 0.1, ""epsilon"": 0.2}","{""valid"": true, ""warnings"": []}","{""center"": -0.01561203360892056, ""normalized_MAD"": 0.09146136686820992}"
BAYC,one-hot,LinearSVR,2024-10-01,2025-01-01,True,33812,1394,2022-01-01 00:03:36+00:00,2024-09-30 23:18:35+00:00,3d3ad64d2add71848144ba16812e9b434ed81558014d00b266df24eb610b523c,ab1e410da0d8ab326d934e5105766786906864ee4f1afc6a7790a38146ede52f,171,0.10314223141278157,0.3211576426192931,0.09979492097396742,0.3159033411883569,676,0.2588698999607004,"{""C"": 1, ""epsilon"": 0.1}","{""valid"": true, ""warnings"": []}","{""center"": -0.01561203360892056, ""normalized_MAD"": 0.09146136686820992}"
BAYC,one-hot,LinearSVR,2024-10-01,2025-01-01,True,33812,1394,2022-01-01 00:03:36+00:00,2024-09-30 23:18:35+00:00,3d3ad64d2add71848144ba16812e9b434ed81558014d00b266df24eb610b523c,ab1e410da0d8ab326d934e5105766786906864ee4f1afc6a7790a38146ede52f,171,0.10343252283853879,0.32160927044869025,0.10036826662764635,0.3168095115801392,676,0.246327500033658,"{""C"": 1, ""epsilon"": 0.2}","{""valid"": true, ""warnings"": []}","{""center"": -0.01561203360892056, ""normalized_MAD"": 0.09146136686820992}"
BAYC,one-hot,HistGradientBoosting,2024-10-01,2025-01-01,True,33812,1394,2022-01-01 00:03:36+00:00,2024-09-30 23:18:35+00:00,3d3ad64d2add71848144ba16812e9b434ed81558014d00b266df24eb610b523c,ab1e410da0d8ab326d934e5105766786906864ee4f1afc6a7790a38146ede52f,171,0.11863504651122372,0.34443438636585594,0.1300048042664478,0.36056178980370035,676,2.2967793000279926,"{""l2_regularization"": 1, ""learning_rate"": 0.05, ""max_leaf_nodes"": 15}","{""valid"": true, ""warnings"": []}","{""center"": -0.01561203360892056, ""normalized_MAD"": 0.09146136686820992}"
BAYC,one-hot,HistGradientBoosting,2024-10-01,2025-01-01,True,33812,1394,2022-01-01 00:03:36+00:00,2024-09-30 23:18:35+00:00,3d3ad64d2add71848144ba16812e9b434ed81558014d00b266df24eb610b523c,ab1e410da0d8ab326d934e5105766786906864ee4f1afc6a7790a38146ede52f,171,0.11879621973304183,0.34466827491523183,0.1302199176367948,0.3608599695682451,676,2.370071300014388,"{""l2_regularization"": 10, ""learning_rate"": 0.05, ""max_leaf_nodes"": 15}","{""valid"": true, ""warnings"": []}","{""center"": -0.01561203360892056, ""normalized_MAD"": 0.09146136686820992}"
BAYC,one-hot,HistGradientBoosting,2024-10-01,2025-01-01,True,33812,1394,2022-01-01 00:03:36+00:00,2024-09-30 23:18:35+00:00,3d3ad64d2add71848144ba16812e9b434ed81558014d00b266df24eb610b523c,ab1e410da0d8ab326d934e5105766786906864ee4f1afc6a7790a38146ede52f,171,0.11800122909360324,0.34351306975660073,0.1286896966509078,0.3587334618500312,676,3.132416700012982,"{""l2_regularization"": 1, ""learning_rate"": 0.05, ""max_leaf_nodes"": 31}","{""valid"": true, ""warnings"": []}","{""center"": -0.01561203360892056, ""normalized_MAD"": 0.09146136686820992}"
BAYC,one-hot,HistGradientBoosting,2024-10-01,2025-01-01,True,33812,1394,2022-01-01 00:03:36+00:00,2024-09-30 23:18:35+00:00,3d3ad64d2add71848144ba16812e9b434ed81558014d00b266df24eb610b523c,ab1e410da0d8ab326d934e5105766786906864ee4f1afc6a7790a38146ede52f,171,0.11798027973244196,0.34348257558781925,0.12866504362817238,0.3586990990066359,676,3.1573791000409983,"{""l2_regularization"": 10, ""learning_rate"": 0.05, ""max_leaf_nodes"": 31}","{""valid"": true, ""warnings"": []}","{""center"": -0.01561203360892056, ""normalized_MAD"": 0.09146136686820992}"
BAYC,one-hot,HistGradientBoosting,2024-10-01,2025-01-01,True,33812,1394,2022-01-01 00:03:36+00:00,2024-09-30 23:18:35+00:00,3d3ad64d2add71848144ba16812e9b434ed81558014d00b266df24eb610b523c,ab1e410da0d8ab326d934e5105766786906864ee4f1afc6a7790a38146ede52f,171,0.11818555676942306,0.3437812629702542,0.12919482140109984,0.35943681141627637,676,2.263319000019692,"{""l2_regularization"": 1, ""learning_rate"": 0.1, ""max_leaf_nodes"": 15}","{""valid"": true, ""warnings"": []}","{""center"": -0.01561203360892056, ""normalized_MAD"": 0.09146136686820992}"
BAYC,one-hot,HistGradientBoosting,2024-10-01,2025-01-01,True,33812,1394,2022-01-01 00:03:36+00:00,2024-09-30 23:18:35+00:00,3d3ad64d2add71848144ba16812e9b434ed81558014d00b266df24eb610b523c,ab1e410da0d8ab326d934e5105766786906864ee4f1afc6a7790a38146ede52f,171,0.11836734864187667,0.3440455618691755,0.12921470538925636,0.35946447027384554,676,2.305762199976016,"{""l2_regularization"": 10, ""learning_rate"": 0.1, ""max_leaf_nodes"": 15}","{""valid"": true, ""warnings"": []}","{""center"": -0.01561203360892056, ""normalized_MAD"": 0.09146136686820992}"
BAYC,one-hot,HistGradientBoosting,2024-10-01,2025-01-01,True,33812,1394,2022-01-01 00:03:36+00:00,2024-09-30 23:18:35+00:00,3d3ad64d2add71848144ba16812e9b434ed81558014d00b266df24eb610b523c,ab1e410da0d8ab326d934e5105766786906864ee4f1afc6a7790a38146ede52f,171,0.11786016757175997,0.3433076864443323,0.1281045749355225,0.3579169944771029,676,2.9739821000257507,"{""l2_regularization"": 1, ""learning_rate"": 0.1, ""max_leaf_nodes"": 31}","{""valid"": true, ""warnings"": []}","{""center"": -0.01561203360892056, ""normalized_MAD"": 0.09146136686820992}"
BAYC,one-hot,HistGradientBoosting,2024-10-01,2025-01-01,True,33812,1394,2022-01-01 00:03:36+00:00,2024-09-30 23:18:35+00:00,3d3ad64d2add71848144ba16812e9b434ed81558014d00b266df24eb610b523c,ab1e410da0d8ab326d934e5105766786906864ee4f1afc6a7790a38146ede52f,171,0.11775452910648512,0.3431537980359319,0.1278976008258953,0.3576277405709676,676,3.0295135999913327,"{""l2_regularization"": 10, ""learning_rate"": 0.1, ""max_leaf_nodes"": 31}","{""valid"": true, ""warnings"": []}","{""center"": -0.01561203360892056, ""normalized_MAD"": 0.09146136686820992}"
BAYC,one-hot,XGBoost,2024-10-01,2025-01-01,True,33812,1394,2022-01-01 00:03:36+00:00,2024-09-30 23:18:35+00:00,3d3ad64d2add71848144ba16812e9b434ed81558014d00b266df24eb610b523c,ab1e410da0d8ab326d934e5105766786906864ee4f1afc6a7790a38146ede52f,171,0.1186350474140332,0.3444343876764241,0.13000480651152407,0.36056179291700347,676,1.036761099996511,"{""l2_regularization"": 1, ""learning_rate"": 0.05, ""max_leaf_nodes"": 15}","{""valid"": true, ""warnings"": []}","{""center"": -0.01561203360892056, ""normalized_MAD"": 0.09146136686820992}"
BAYC,one-hot,XGBoost,2024-10-01,2025-01-01,True,33812,1394,2022-01-01 00:03:36+00:00,2024-09-30 23:18:35+00:00,3d3ad64d2add71848144ba16812e9b434ed81558014d00b266df24eb610b523c,ab1e410da0d8ab326d934e5105766786906864ee4f1afc6a7790a38146ede52f,171,0.11879621956332208,0.34466827466902444,0.13021991718162276,0.36085996893756833,676,1.1521697999560274,"{""l2_regularization"": 10, ""learning_rate"": 0.05, ""max_leaf_nodes"": 15}","{""valid"": true, ""warnings"": []}","{""center"": -0.01561203360892056, ""normalized_MAD"": 0.09146136686820992}"
BAYC,one-hot,XGBoost,2024-10-01,2025-01-01,True,33812,1394,2022-01-01 00:03:36+00:00,2024-09-30 23:18:35+00:00,3d3ad64d2add71848144ba16812e9b434ed81558014d00b266df24eb610b523c,ab1e410da0d8ab326d934e5105766786906864ee4f1afc6a7790a38146ede52f,171,0.11800122930056915,0.3435130700578497,0.1286896969780159,0.35873346230595204,676,1.244179199973587,"{""l2_regularization"": 1, ""learning_rate"": 0.05, ""max_leaf_nodes"": 31}","{""valid"": true, ""warnings"": []}","{""center"": -0.01561203360892056, ""normalized_MAD"": 0.09146136686820992}"
BAYC,one-hot,XGBoost,2024-10-01,2025-01-01,True,33812,1394,2022-01-01 00:03:36+00:00,2024-09-30 23:18:35+00:00,3d3ad64d2add71848144ba16812e9b434ed81558014d00b266df24eb610b523c,ab1e410da0d8ab326d934e5105766786906864ee4f1afc6a7790a38146ede52f,171,0.11798028023267679,0.34348257631600004,0.12866504411521404,0.3586990996855359,676,1.3155593000119552,"{""l2_regularization"": 10, ""learning_rate"": 0.05, ""max_leaf_nodes"": 31}","{""valid"": true, ""warnings"": []}","{""center"": -0.01561203360892056, ""normalized_MAD"": 0.09146136686820992}"
BAYC,one-hot,XGBoost,2024-10-01,2025-01-01,True,33812,1394,2022-01-01 00:03:36+00:00,2024-09-30 23:18:35+00:00,3d3ad64d2add71848144ba16812e9b434ed81558014d00b266df24eb610b523c,ab1e410da0d8ab326d934e5105766786906864ee4f1afc6a7790a38146ede52f,171,0.11818555890069704,0.34378126607000714,0.12919482644234956,0.3594368184289828,676,1.0120020000031218,"{""l2_regularization"": 1, ""learning_rate"": 0.1, ""max_leaf_nodes"": 15}","{""valid"": true, ""warnings"": []}","{""center"": -0.01561203360892056, ""normalized_MAD"": 0.09146136686820992}"
BAYC,one-hot,XGBoost,2024-10-01,2025-01-01,True,33812,1394,2022-01-01 00:03:36+00:00,2024-09-30 23:18:35+00:00,3d3ad64d2add71848144ba16812e9b434ed81558014d00b266df24eb610b523c,ab1e410da0d8ab326d934e5105766786906864ee4f1afc6a7790a38146ede52f,171,0.11836734937189694,0.34404556293011096,0.12921470615099867,0.3594644713333971,676,1.0443153000087477,"{""l2_regularization"": 10, ""learning_rate"": 0.1, ""max_leaf_nodes"": 15}","{""valid"": true, ""warnings"": []}","{""center"": -0.01561203360892056, ""normalized_MAD"": 0.09146136686820992}"
BAYC,one-hot,XGBoost,2024-10-01,2025-01-01,True,33812,1394,2022-01-01 00:03:36+00:00,2024-09-30 23:18:35+00:00,3d3ad64d2add71848144ba16812e9b434ed81558014d00b266df24eb610b523c,ab1e410da0d8ab326d934e5105766786906864ee4f1afc6a7790a38146ede52f,171,0.11786016870570107,0.3433076880958262,0.1281045770817733,0.35791699747535505,676,1.1722556000459008,"{""l2_regularization"": 1, ""learning_rate"": 0.1, ""max_leaf_nodes"": 31}","{""valid"": true, ""warnings"": []}","{""center"": -0.01561203360892056, ""normalized_MAD"": 0.09146136686820992}"
BAYC,one-hot,XGBoost,2024-10-01,2025-01-01,True,33812,1394,2022-01-01 00:03:36+00:00,2024-09-30 23:18:35+00:00,3d3ad64d2add71848144ba16812e9b434ed81558014d00b266df24eb610b523c,ab1e410da0d8ab326d934e5105766786906864ee4f1afc6a7790a38146ede52f,171,0.11775453011765649,0.343153799509282,0.12789760268484876,0.3576277431699738,676,1.1658413999830373,"{""l2_regularization"": 10, ""learning_rate"": 0.1, ""max_leaf_nodes"": 31}","{""valid"": true, ""warnings"": []}","{""center"": -0.01561203360892056, ""normalized_MAD"": 0.09146136686820992}"
BAYC,one-hot,LightGBM,2024-10-01,2025-01-01,True,33812,1394,2022-01-01 00:03:36+00:00,2024-09-30 23:18:35+00:00,3d3ad64d2add71848144ba16812e9b434ed81558014d00b266df24eb610b523c,ab1e410da0d8ab326d934e5105766786906864ee4f1afc6a7790a38146ede52f,171,0.11866386779613769,0.34447622239588277,0.13004665679190291,0.36061982307119905,676,0.2553763000178151,"{""l2_regularization"": 1, ""learning_rate"": 0.05, ""max_leaf_nodes"": 15}","{""valid"": true, ""warnings"": []}","{""center"": -0.01561203360892056, ""normalized_MAD"": 0.09146136686820992}"
BAYC,one-hot,LightGBM,2024-10-01,2025-01-01,True,33812,1394,2022-01-01 00:03:36+00:00,2024-09-30 23:18:35+00:00,3d3ad64d2add71848144ba16812e9b434ed81558014d00b266df24eb610b523c,ab1e410da0d8ab326d934e5105766786906864ee4f1afc6a7790a38146ede52f,171,0.11872367160472394,0.3445630154336416,0.13009573596128723,0.3606878650041989,676,0.2634775000042282,"{""l2_regularization"": 10, ""learning_rate"": 0.05, ""max_leaf_nodes"": 15}","{""valid"": true, ""warnings"": []}","{""center"": -0.01561203360892056, ""normalized_MAD"": 0.09146136686820992}"
BAYC,one-hot,LightGBM,2024-10-01,2025-01-01,True,33812,1394,2022-01-01 00:03:36+00:00,2024-09-30 23:18:35+00:00,3d3ad64d2add71848144ba16812e9b434ed81558014d00b266df24eb610b523c,ab1e410da0d8ab326d934e5105766786906864ee4f1afc6a7790a38146ede52f,171,0.11792574408603775,0.34340318007560405,0.1285804218110302,0.3585811230545052,676,0.37371620000340044,"{""l2_regularization"": 1, ""learning_rate"": 0.05, ""max_leaf_nodes"": 31}","{""valid"": true, ""warnings"": []}","{""center"": -0.01561203360892056, ""normalized_MAD"": 0.09146136686820992}"
BAYC,one-hot,LightGBM,2024-10-01,2025-01-01,True,33812,1394,2022-01-01 00:03:36+00:00,2024-09-30 23:18:35+00:00,3d3ad64d2add71848144ba16812e9b434ed81558014d00b266df24eb610b523c,ab1e410da0d8ab326d934e5105766786906864ee4f1afc6a7790a38146ede52f,171,0.11813829598603227,0.34371251939088904,0.128803276857376,0.358891734172544,676,0.3625556000042707,"{""l2_regularization"": 10, ""learning_rate"": 0.05, ""max_leaf_nodes"": 31}","{""valid"": true, ""warnings"": []}","{""center"": -0.01561203360892056, ""normalized_MAD"": 0.09146136686820992}"
BAYC,one-hot,LightGBM,2024-10-01,2025-01-01,True,33812,1394,2022-01-01 00:03:36+00:00,2024-09-30 23:18:35+00:00,3d3ad64d2add71848144ba16812e9b434ed81558014d00b266df24eb610b523c,ab1e410da0d8ab326d934e5105766786906864ee4f1afc6a7790a38146ede52f,171,0.11828940787319392,0.3439322722182289,0.12929003760917157,0.3595692389640298,676,0.24694750003982335,"{""l2_regularization"": 1, ""learning_rate"": 0.1, ""max_leaf_nodes"": 15}","{""valid"": true, ""warnings"": []}","{""center"": -0.01561203360892056, ""normalized_MAD"": 0.09146136686820992}"
BAYC,one-hot,LightGBM,2024-10-01,2025-01-01,True,33812,1394,2022-01-01 00:03:36+00:00,2024-09-30 23:18:35+00:00,3d3ad64d2add71848144ba16812e9b434ed81558014d00b266df24eb610b523c,ab1e410da0d8ab326d934e5105766786906864ee4f1afc6a7790a38146ede52f,171,0.11832820816586503,0.34398867447325215,0.1292050009742931,0.3594509715862417,676,0.2396178999915719,"{""l2_regularization"": 10, ""learning_rate"": 0.1, ""max_leaf_nodes"": 15}","{""valid"": true, ""warnings"": []}","{""center"": -0.01561203360892056, ""normalized_MAD"": 0.09146136686820992}"
BAYC,one-hot,LightGBM,2024-10-01,2025-01-01,True,33812,1394,2022-01-01 00:03:36+00:00,2024-09-30 23:18:35+00:00,3d3ad64d2add71848144ba16812e9b434ed81558014d00b266df24eb610b523c,ab1e410da0d8ab326d934e5105766786906864ee4f1afc6a7790a38146ede52f,171,0.11805793689015552,0.34359560080151713,0.12831293614184575,0.35820795097519226,676,0.3206580000114627,"{""l2_regularization"": 1, ""learning_rate"": 0.1, ""max_leaf_nodes"": 31}","{""valid"": true, ""warnings"": []}","{""center"": -0.01561203360892056, ""normalized_MAD"": 0.09146136686820992}"
BAYC,one-hot,LightGBM,2024-10-01,2025-01-01,True,33812,1394,2022-01-01 00:03:36+00:00,2024-09-30 23:18:35+00:00,3d3ad64d2add71848144ba16812e9b434ed81558014d00b266df24eb610b523c,ab1e410da0d8ab326d934e5105766786906864ee4f1afc6a7790a38146ede52f,171,0.11771649037692446,0.34309836836820495,0.12790354531376236,0.3576360514737886,676,0.3344715000130236,"{""l2_regularization"": 10, ""learning_rate"": 0.1, ""max_leaf_nodes"": 31}","{""valid"": true, ""warnings"": []}","{""center"": -0.01561203360892056, ""normalized_MAD"": 0.09146136686820992}"
BAYC,TF-IDF,OLS,2024-04-01,2024-07-01,True,29019,3643,2022-01-01 00:03:36+00:00,2024-03-31 23:18:35+00:00,62d3f670c9681fbccd86f3ceb7f6f0aedf2a046b6f4da5c37e7c84feca590f4d,82e8fcafedb1dc06cd0cc6d906be19ef4942359e6fda0bfb3767731b8cf6945d,171,0.03214077398788651,0.179278481664383,0.055344742732537776,0.23525463381735498,841,0.20097120001446456,{},"{""valid"": true, ""warnings"": []}","{""center"": -0.014252022707201389, ""normalized_MAD"": 0.08531864517626224}"
BAYC,TF-IDF,Ridge,2024-04-01,2024-07-01,True,29019,3643,2022-01-01 00:03:36+00:00,2024-03-31 23:18:35+00:00,62d3f670c9681fbccd86f3ceb7f6f0aedf2a046b6f4da5c37e7c84feca590f4d,82e8fcafedb1dc06cd0cc6d906be19ef4942359e6fda0bfb3767731b8cf6945d,171,0.03214038709198369,0.17927740262504835,0.055343490904025336,0.23525197322025873,841,0.04065619996981695,"{""alpha"": 0.01}","{""valid"": true, ""warnings"": []}","{""center"": -0.014252022707201389, ""normalized_MAD"": 0.08531864517626224}"
BAYC,TF-IDF,Ridge,2024-04-01,2024-07-01,True,29019,3643,2022-01-01 00:03:36+00:00,2024-03-31 23:18:35+00:00,62d3f670c9681fbccd86f3ceb7f6f0aedf2a046b6f4da5c37e7c84feca590f4d,82e8fcafedb1dc06cd0cc6d906be19ef4942359e6fda0bfb3767731b8cf6945d,171,0.03213711049310742,0.17926826404332535,0.05533287105478711,0.23522940091490926,841,0.04053520003799349,"{""alpha"": 0.1}","{""valid"": true, ""warnings"": []}","{""center"": -0.014252022707201389, ""normalized_MAD"": 0.08531864517626224}"
BAYC,TF-IDF,Ridge,2024-04-01,2024-07-01,True,29019,3643,2022-01-01 00:03:36+00:00,2024-03-31 23:18:35+00:00,62d3f670c9681fbccd86f3ceb7f6f0aedf2a046b6f4da5c37e7c84feca590f4d,82e8fcafedb1dc06cd0cc6d906be19ef4942359e6fda0bfb3767731b8cf6945d,171,0.032117782796104034,0.17921434874502665,0.05526903699805235,0.23509367706948725,841,0.043468000018037856,"{""alpha"": 1}","{""valid"": true, ""warnings"": []}","{""center"": -0.014252022707201389, ""normalized_MAD"": 0.08531864517626224}"
BAYC,TF-IDF,Ridge,2024-04-01,2024-07-01,True,29019,3643,2022-01-01 00:03:36+00:00,2024-03-31 23:18:35+00:00,62d3f670c9681fbccd86f3ceb7f6f0aedf2a046b6f4da5c37e7c84feca590f4d,82e8fcafedb1dc06cd0cc6d906be19ef4942359e6fda0bfb3767731b8cf6945d,171,0.03210694680663207,0.17918411426974232,0.055223453257194306,0.2349967090348167,841,0.04216499999165535,"{""alpha"": 10}","{""valid"": true, ""warnings"": []}","{""center"": -0.014252022707201389, ""normalized_MAD"": 0.08531864517626224}"
BAYC,TF-IDF,Ridge,2024-04-01,2024-07-01,True,29019,3643,2022-01-01 00:03:36+00:00,2024-03-31 23:18:35+00:00,62d3f670c9681fbccd86f3ceb7f6f0aedf2a046b6f4da5c37e7c84feca590f4d,82e8fcafedb1dc06cd0cc6d906be19ef4942359e6fda0bfb3767731b8cf6945d,171,0.032067258413610564,0.17907333250266652,0.055160346588692205,0.23486239926538305,841,0.04192790004890412,"{""alpha"": 100}","{""valid"": true, ""warnings"": []}","{""center"": -0.014252022707201389, ""normalized_MAD"": 0.08531864517626224}"
BAYC,TF-IDF,Ridge,2024-04-01,2024-07-01,True,29019,3643,2022-01-01 00:03:36+00:00,2024-03-31 23:18:35+00:00,62d3f670c9681fbccd86f3ceb7f6f0aedf2a046b6f4da5c37e7c84feca590f4d,82e8fcafedb1dc06cd0cc6d906be19ef4942359e6fda0bfb3767731b8cf6945d,171,0.031641506449072036,0.17788059604429043,0.0544791686449503,0.23340773047384336,841,0.042415999982040375,"{""alpha"": 1000}","{""valid"": true, ""warnings"": []}","{""center"": -0.014252022707201389, ""normalized_MAD"": 0.08531864517626224}"
BAYC,TF-IDF,Ridge,2024-04-01,2024-07-01,True,29019,3643,2022-01-01 00:03:36+00:00,2024-03-31 23:18:35+00:00,62d3f670c9681fbccd86f3ceb7f6f0aedf2a046b6f4da5c37e7c84feca590f4d,82e8fcafedb1dc06cd0cc6d906be19ef4942359e6fda0bfb3767731b8cf6945d,171,0.03115816635222746,0.17651675940892259,0.05555778208320799,0.2357069835265981,841,0.04102170001715422,"{""alpha"": 10000}","{""valid"": true, ""warnings"": []}","{""center"": -0.014252022707201389, ""normalized_MAD"": 0.08531864517626224}"
BAYC,TF-IDF,Ridge,2024-04-01,2024-07-01,True,29019,3643,2022-01-01 00:03:36+00:00,2024-03-31 23:18:35+00:00,62d3f670c9681fbccd86f3ceb7f6f0aedf2a046b6f4da5c37e7c84feca590f4d,82e8fcafedb1dc06cd0cc6d906be19ef4942359e6fda0bfb3767731b8cf6945d,171,0.03331090441779365,0.18251275138409823,0.0631616080292793,0.25131973266991847,841,0.03983419999713078,"{""alpha"": 100000}","{""valid"": true, ""warnings"": []}","{""center"": -0.014252022707201389, ""normalized_MAD"": 0.08531864517626224}"
BAYC,TF-IDF,Ridge,2024-04-01,2024-07-01,True,29019,3643,2022-01-01 00:03:36+00:00,2024-03-31 23:18:35+00:00,62d3f670c9681fbccd86f3ceb7f6f0aedf2a046b6f4da5c37e7c84feca590f4d,82e8fcafedb1dc06cd0cc6d906be19ef4942359e6fda0bfb3767731b8cf6945d,171,0.034068305711216385,0.18457601607797364,0.06529737718475204,0.25553351479747627,841,0.042580500012263656,"{""alpha"": 1000000}","{""valid"": true, ""warnings"": []}","{""center"": -0.014252022707201389, ""normalized_MAD"": 0.08531864517626224}"
BAYC,TF-IDF,ElasticNet,2024-04-01,2024-07-01,True,29019,3643,2022-01-01 00:03:36+00:00,2024-03-31 23:18:35+00:00,62d3f670c9681fbccd86f3ceb7f6f0aedf2a046b6f4da5c37e7c84feca590f4d,82e8fcafedb1dc06cd0cc6d906be19ef4942359e6fda0bfb3767731b8cf6945d,171,0.03209322835447132,0.1791458298550969,0.055208734395698365,0.2349653897826196,841,12.235353500000201,"{""alpha"": 0.001, ""l1_ratio"": 0.1}","{""valid"": true, ""warnings"": []}","{""center"": -0.014252022707201389, ""normalized_MAD"": 0.08531864517626224}"
BAYC,TF-IDF,ElasticNet,2024-04-01,2024-07-01,True,29019,3643,2022-01-01 00:03:36+00:00,2024-03-31 23:18:35+00:00,62d3f670c9681fbccd86f3ceb7f6f0aedf2a046b6f4da5c37e7c84feca590f4d,82e8fcafedb1dc06cd0cc6d906be19ef4942359e6fda0bfb3767731b8cf6945d,171,0.032030541436276885,0.17897078375052416,0.055114547427247286,0.23476487690292874,841,0.9023771000211127,"{""alpha"": 0.001, ""l1_ratio"": 0.5}","{""valid"": true, ""warnings"": []}","{""center"": -0.014252022707201389, ""normalized_MAD"": 0.08531864517626224}"
BAYC,TF-IDF,ElasticNet,2024-04-01,2024-07-01,True,29019,3643,2022-01-01 00:03:36+00:00,2024-03-31 23:18:35+00:00,62d3f670c9681fbccd86f3ceb7f6f0aedf2a046b6f4da5c37e7c84feca590f4d,82e8fcafedb1dc06cd0cc6d906be19ef4942359e6fda0bfb3767731b8cf6945d,171,0.031966118594742216,0.17879071171272354,0.055019757233707285,0.2345629067728043,841,0.5923539000214078,"{""alpha"": 0.001, ""l1_ratio"": 0.9}","{""valid"": true, ""warnings"": []}","{""center"": -0.014252022707201389, ""normalized_MAD"": 0.08531864517626224}"
BAYC,TF-IDF,ElasticNet,2024-04-01,2024-07-01,True,29019,3643,2022-01-01 00:03:36+00:00,2024-03-31 23:18:35+00:00,62d3f670c9681fbccd86f3ceb7f6f0aedf2a046b6f4da5c37e7c84feca590f4d,82e8fcafedb1dc06cd0cc6d906be19ef4942359e6fda0bfb3767731b8cf6945d,171,0.03181879942350659,0.17837824817927378,0.05478753233515213,0.23406736708723863,841,1.1227809999836609,"{""alpha"": 0.01, ""l1_ratio"": 0.1}","{""valid"": true, ""warnings"": []}","{""center"": -0.014252022707201389, ""normalized_MAD"": 0.08531864517626224}"
BAYC,TF-IDF,ElasticNet,2024-04-01,2024-07-01,True,29019,3643,2022-01-01 00:03:36+00:00,2024-03-31 23:18:35+00:00,62d3f670c9681fbccd86f3ceb7f6f0aedf2a046b6f4da5c37e7c84feca590f4d,82e8fcafedb1dc06cd0cc6d906be19ef4942359e6fda0bfb3767731b8cf6945d,171,0.031464747515392286,0.17738305306706242,0.05452001075327809,0.23349520498990572,841,0.17448600003262982,"{""alpha"": 0.01, ""l1_ratio"": 0.5}","{""valid"": true, ""warnings"": []}","{""center"": -0.014252022707201389, ""normalized_MAD"": 0.08531864517626224}"
BAYC,TF-IDF,ElasticNet,2024-04-01,2024-07-01,True,29019,3643,2022-01-01 00:03:36+00:00,2024-03-31 23:18:35+00:00,62d3f670c9681fbccd86f3ceb7f6f0aedf2a046b6f4da5c37e7c84feca590f4d,82e8fcafedb1dc06cd0cc6d906be19ef4942359e6fda0bfb3767731b8cf6945d,171,0.031413512634289695,0.1772385754690262,0.0548895209136877,0.23428512738474822,841,0.10798509995220229,"{""alpha"": 0.01, ""l1_ratio"": 0.9}","{""valid"": true, ""warnings"": []}","{""center"": -0.014252022707201389, ""normalized_MAD"": 0.08531864517626224}"
BAYC,TF-IDF,ElasticNet,2024-04-01,2024-07-01,True,29019,3643,2022-01-01 00:03:36+00:00,2024-03-31 23:18:35+00:00,62d3f670c9681fbccd86f3ceb7f6f0aedf2a046b6f4da5c37e7c84feca590f4d,82e8fcafedb1dc06cd0cc6d906be19ef4942359e6fda0bfb3767731b8cf6945d,171,0.03133637103676738,0.17702082091315524,0.05551049189133748,0.2356066465347221,841,0.09347039996646345,"{""alpha"": 0.1, ""l1_ratio"": 0.1}","{""valid"": true, ""warnings"": []}","{""center"": -0.014252022707201389, ""normalized_MAD"": 0.08531864517626224}"
BAYC,TF-IDF,ElasticNet,2024-04-01,2024-07-01,True,29019,3643,2022-01-01 00:03:36+00:00,2024-03-31 23:18:35+00:00,62d3f670c9681fbccd86f3ceb7f6f0aedf2a046b6f4da5c37e7c84feca590f4d,82e8fcafedb1dc06cd0cc6d906be19ef4942359e6fda0bfb3767731b8cf6945d,171,0.033054223184812825,0.18180820439356643,0.061650993433409046,0.24829618086754585,841,0.051787399977911264,"{""alpha"": 0.1, ""l1_ratio"": 0.5}","{""valid"": true, ""warnings"": []}","{""center"": -0.014252022707201389, ""normalized_MAD"": 0.08531864517626224}"
BAYC,TF-IDF,ElasticNet,2024-04-01,2024-07-01,True,29019,3643,2022-01-01 00:03:36+00:00,2024-03-31 23:18:35+00:00,62d3f670c9681fbccd86f3ceb7f6f0aedf2a046b6f4da5c37e7c84feca590f4d,82e8fcafedb1dc06cd0cc6d906be19ef4942359e6fda0bfb3767731b8cf6945d,171,0.0340608407194582,0.18455579297182248,0.06513438145207057,0.25521438331738,841,0.04871350002940744,"{""alpha"": 0.1, ""l1_ratio"": 0.9}","{""valid"": true, ""warnings"": []}","{""center"": -0.014252022707201389, ""normalized_MAD"": 0.08531864517626224}"
BAYC,TF-IDF,ElasticNet,2024-04-01,2024-07-01,True,29019,3643,2022-01-01 00:03:36+00:00,2024-03-31 23:18:35+00:00,62d3f670c9681fbccd86f3ceb7f6f0aedf2a046b6f4da5c37e7c84feca590f4d,82e8fcafedb1dc06cd0cc6d906be19ef4942359e6fda0bfb3767731b8cf6945d,171,0.03417700998409079,0.18487025175536162,0.06558487756051129,0.2560954461924524,841,0.03272009995998815,"{""alpha"": 1, ""l1_ratio"": 0.1}","{""valid"": true, ""warnings"": []}","{""center"": -0.014252022707201389, ""normalized_MAD"": 0.08531864517626224}"
BAYC,TF-IDF,ElasticNet,2024-04-01,2024-07-01,True,29019,3643,2022-01-01 00:03:36+00:00,2024-03-31 23:18:35+00:00,62d3f670c9681fbccd86f3ceb7f6f0aedf2a046b6f4da5c37e7c84feca590f4d,82e8fcafedb1dc06cd0cc6d906be19ef4942359e6fda0bfb3767731b8cf6945d,171,0.03418388204785511,0.18488883700173764,0.0656130625251903,0.2561504685242451,841,0.029810599982738495,"{""alpha"": 1, ""l1_ratio"": 0.5}","{""valid"": true, ""warnings"": []}","{""center"": -0.014252022707201389, ""normalized_MAD"": 0.08531864517626224}"
BAYC,TF-IDF,ElasticNet,2024-04-01,2024-07-01,True,29019,3643,2022-01-01 00:03:36+00:00,2024-03-31 23:18:35+00:00,62d3f670c9681fbccd86f3ceb7f6f0aedf2a046b6f4da5c37e7c84feca590f4d,82e8fcafedb1dc06cd0cc6d906be19ef4942359e6fda0bfb3767731b8cf6945d,171,0.03418388204785511,0.18488883700173764,0.0656130625251903,0.2561504685242451,841,0.03129130002344027,"{""alpha"": 1, ""l1_ratio"": 0.9}","{""valid"": true, ""warnings"": []}","{""center"": -0.014252022707201389, ""normalized_MAD"": 0.08531864517626224}"
BAYC,TF-IDF,ElasticNet,2024-04-01,2024-07-01,True,29019,3643,2022-01-01 00:03:36+00:00,2024-03-31 23:18:35+00:00,62d3f670c9681fbccd86f3ceb7f6f0aedf2a046b6f4da5c37e7c84feca590f4d,82e8fcafedb1dc06cd0cc6d906be19ef4942359e6fda0bfb3767731b8cf6945d,171,0.03418388204785511,0.18488883700173764,0.0656130625251903,0.2561504685242451,841,0.0306352999759838,"{""alpha"": 10, ""l1_ratio"": 0.1}","{""valid"": true, ""warnings"": []}","{""center"": -0.014252022707201389, ""normalized_MAD"": 0.08531864517626224}"
BAYC,TF-IDF,ElasticNet,2024-04-01,2024-07-01,True,29019,3643,2022-01-01 00:03:36+00:00,2024-03-31 23:18:35+00:00,62d3f670c9681fbccd86f3ceb7f6f0aedf2a046b6f4da5c37e7c84feca590f4d,82e8fcafedb1dc06cd0cc6d906be19ef4942359e6fda0bfb3767731b8cf6945d,171,0.03418388204785511,0.18488883700173764,0.0656130625251903,0.2561504685242451,841,0.0300452999654226,"{""alpha"": 10, ""l1_ratio"": 0.5}","{""valid"": true, ""warnings"": []}","{""center"": -0.014252022707201389, ""normalized_MAD"": 0.08531864517626224}"
BAYC,TF-IDF,ElasticNet,2024-04-01,2024-07-01,True,29019,3643,2022-01-01 00:03:36+00:00,2024-03-31 23:18:35+00:00,62d3f670c9681fbccd86f3ceb7f6f0aedf2a046b6f4da5c37e7c84feca590f4d,82e8fcafedb1dc06cd0cc6d906be19ef4942359e6fda0bfb3767731b8cf6945d,171,0.03418388204785511,0.18488883700173764,0.0656130625251903,0.2561504685242451,841,0.03174169996054843,"{""alpha"": 10, ""l1_ratio"": 0.9}","{""valid"": true, ""warnings"": []}","{""center"": -0.014252022707201389, ""normalized_MAD"": 0.08531864517626224}"
BAYC,TF-IDF,PLS,2024-04-01,2024-07-01,True,29019,3643,2022-01-01 00:03:36+00:00,2024-03-31 23:18:35+00:00,62d3f670c9681fbccd86f3ceb7f6f0aedf2a046b6f4da5c37e7c84feca590f4d,82e8fcafedb1dc06cd0cc6d906be19ef4942359e6fda0bfb3767731b8cf6945d,171,0.03213661617594062,0.17926688533005927,0.05527089290422232,0.23509762419944255,841,0.30526289995759726,"{""components"": 8}","{""valid"": true, ""warnings"": []}","{""center"": -0.014252022707201389, ""normalized_MAD"": 0.08531864517626224}"
BAYC,TF-IDF,PLS,2024-04-01,2024-07-01,True,29019,3643,2022-01-01 00:03:36+00:00,2024-03-31 23:18:35+00:00,62d3f670c9681fbccd86f3ceb7f6f0aedf2a046b6f4da5c37e7c84feca590f4d,82e8fcafedb1dc06cd0cc6d906be19ef4942359e6fda0bfb3767731b8cf6945d,171,0.0321407741577085,0.17927848213800926,0.05534469409430173,0.23525453044373393,841,0.5737160000135191,"{""components"": 16}","{""valid"": true, ""warnings"": []}","{""center"": -0.014252022707201389, ""normalized_MAD"": 0.08531864517626224}"
BAYC,TF-IDF,PLS,2024-04-01,2024-07-01,True,29019,3643,2022-01-01 00:03:36+00:00,2024-03-31 23:18:35+00:00,62d3f670c9681fbccd86f3ceb7f6f0aedf2a046b6f4da5c37e7c84feca590f4d,82e8fcafedb1dc06cd0cc6d906be19ef4942359e6fda0bfb3767731b8cf6945d,171,0.03214077398788672,0.1792784816643836,0.055344742732538386,0.23525463381735626,841,1.1505859000026248,"{""components"": 32}","{""valid"": true, ""warnings"": []}","{""center"": -0.014252022707201389, ""normalized_MAD"": 0.08531864517626224}"
BAYC,TF-IDF,PLS,2024-04-01,2024-07-01,True,29019,3643,2022-01-01 00:03:36+00:00,2024-03-31 23:18:35+00:00,62d3f670c9681fbccd86f3ceb7f6f0aedf2a046b6f4da5c37e7c84feca590f4d,82e8fcafedb1dc06cd0cc6d906be19ef4942359e6fda0bfb3767731b8cf6945d,171,0.03214076872207787,0.17927846697826783,0.05534473309448923,0.23525461333306352,841,2.3090723999775946,"{""components"": 64}","{""valid"": true, ""warnings"": []}","{""center"": -0.014252022707201389, ""normalized_MAD"": 0.08531864517626224}"
BAYC,TF-IDF,LinearSVR,2024-04-01,2024-07-01,True,29019,3643,2022-01-01 00:03:36+00:00,2024-03-31 23:18:35+00:00,62d3f670c9681fbccd86f3ceb7f6f0aedf2a046b6f4da5c37e7c84feca590f4d,82e8fcafedb1dc06cd0cc6d906be19ef4942359e6fda0bfb3767731b8cf6945d,171,0.03192456644529421,0.17867447060308927,0.054969044361562545,0.23445478105929626,841,0.2767603999818675,"{""C"": 0.01, ""epsilon"": 0.1}","{""valid"": true, ""warnings"": []}","{""center"": -0.014252022707201389, ""normalized_MAD"": 0.08531864517626224}"
BAYC,TF-IDF,LinearSVR,2024-04-01,2024-07-01,True,29019,3643,2022-01-01 00:03:36+00:00,2024-03-31 23:18:35+00:00,62d3f670c9681fbccd86f3ceb7f6f0aedf2a046b6f4da5c37e7c84feca590f4d,82e8fcafedb1dc06cd0cc6d906be19ef4942359e6fda0bfb3767731b8cf6945d,171,0.031727295995019125,0.17812157644434637,0.05469405852513701,0.2338676089695557,841,0.28125890000956133,"{""C"": 0.01, ""epsilon"": 0.2}","{""valid"": true, ""warnings"": []}","{""center"": -0.014252022707201389, ""normalized_MAD"": 0.08531864517626224}"
BAYC,TF-IDF,LinearSVR,2024-04-01,2024-07-01,True,29019,3643,2022-01-01 00:03:36+00:00,2024-03-31 23:18:35+00:00,62d3f670c9681fbccd86f3ceb7f6f0aedf2a046b6f4da5c37e7c84feca590f4d,82e8fcafedb1dc06cd0cc6d906be19ef4942359e6fda0bfb3767731b8cf6945d,171,0.03192449226179018,0.17867426300894648,0.054954325730948765,0.23442338989731543,841,0.6214879999752156,"{""C"": 0.1, ""epsilon"": 0.1}","{""valid"": true, ""warnings"": []}","{""center"": -0.014252022707201389, ""normalized_MAD"": 0.08531864517626224}"
BAYC,TF-IDF,LinearSVR,2024-04-01,2024-07-01,True,29019,3643,2022-01-01 00:03:36+00:00,2024-03-31 23:18:35+00:00,62d3f670c9681fbccd86f3ceb7f6f0aedf2a046b6f4da5c37e7c84feca590f4d,82e8fcafedb1dc06cd0cc6d906be19ef4942359e6fda0bfb3767731b8cf6945d,171,0.03173452887545877,0.17814187849985968,0.054690817497023134,0.23386067967279822,841,0.511493000027258,"{""C"": 0.1, ""epsilon"": 0.2}","{""valid"": true, ""warnings"": []}","{""center"": -0.014252022707201389, ""normalized_MAD"": 0.08531864517626224}"
BAYC,TF-IDF,LinearSVR,2024-04-01,2024-07-01,True,29019,3643,2022-01-01 00:03:36+00:00,2024-03-31 23:18:35+00:00,62d3f670c9681fbccd86f3ceb7f6f0aedf2a046b6f4da5c37e7c84feca590f4d,82e8fcafedb1dc06cd0cc6d906be19ef4942359e6fda0bfb3767731b8cf6945d,171,0.03196149436671824,0.1787777792867957,0.05506070917380401,0.23465018468734264,841,0.9055708000087179,"{""C"": 1, ""epsilon"": 0.1}","{""valid"": true, ""warnings"": []}","{""center"": -0.014252022707201389, ""normalized_MAD"": 0.08531864517626224}"
BAYC,TF-IDF,LinearSVR,2024-04-01,2024-07-01,True,29019,3643,2022-01-01 00:03:36+00:00,2024-03-31 23:18:35+00:00,62d3f670c9681fbccd86f3ceb7f6f0aedf2a046b6f4da5c37e7c84feca590f4d,82e8fcafedb1dc06cd0cc6d906be19ef4942359e6fda0bfb3767731b8cf6945d,171,0.031790357172953435,0.1782985058068447,0.05481645982985627,0.23412915202908047,841,0.8714539000065997,"{""C"": 1, ""epsilon"": 0.2}","{""valid"": true, ""warnings"": []}","{""center"": -0.014252022707201389, ""normalized_MAD"": 0.08531864517626224}"
BAYC,TF-IDF,HistGradientBoosting,2024-04-01,2024-07-01,True,29019,3643,2022-01-01 00:03:36+00:00,2024-03-31 23:18:35+00:00,62d3f670c9681fbccd86f3ceb7f6f0aedf2a046b6f4da5c37e7c84feca590f4d,82e8fcafedb1dc06cd0cc6d906be19ef4942359e6fda0bfb3767731b8cf6945d,171,0.031068795480614392,0.176263426383962,0.05369280001350948,0.231717068886842,841,2.7502973999944516,"{""l2_regularization"": 1, ""learning_rate"": 0.05, ""max_leaf_nodes"": 15}","{""valid"": true, ""warnings"": []}","{""center"": -0.014252022707201389, ""normalized_MAD"": 0.08531864517626224}"
BAYC,TF-IDF,HistGradientBoosting,2024-04-01,2024-07-01,True,29019,3643,2022-01-01 00:03:36+00:00,2024-03-31 23:18:35+00:00,62d3f670c9681fbccd86f3ceb7f6f0aedf2a046b6f4da5c37e7c84feca590f4d,82e8fcafedb1dc06cd0cc6d906be19ef4942359e6fda0bfb3767731b8cf6945d,171,0.03099133010746623,0.17604354605456637,0.0535555734409841,0.23142077141212736,841,2.8007751000113785,"{""l2_regularization"": 10, ""learning_rate"": 0.05, ""max_leaf_nodes"": 15}","{""valid"": true, ""warnings"": []}","{""center"": -0.014252022707201389, ""normalized_MAD"": 0.08531864517626224}"
BAYC,TF-IDF,HistGradientBoosting,2024-04-01,2024-07-01,True,29019,3643,2022-01-01 00:03:36+00:00,2024-03-31 23:18:35+00:00,62d3f670c9681fbccd86f3ceb7f6f0aedf2a046b6f4da5c37e7c84feca590f4d,82e8fcafedb1dc06cd0cc6d906be19ef4942359e6fda0bfb3767731b8cf6945d,171,0.03200519474985014,0.1788999573779998,0.05480610085173878,0.23410702862523966,841,4.2871038999874145,"{""l2_regularization"": 1, ""learning_rate"": 0.05, ""max_leaf_nodes"": 31}","{""valid"": true, ""warnings"": []}","{""center"": -0.014252022707201389, ""normalized_MAD"": 0.08531864517626224}"
BAYC,TF-IDF,HistGradientBoosting,2024-04-01,2024-07-01,True,29019,3643,2022-01-01 00:03:36+00:00,2024-03-31 23:18:35+00:00,62d3f670c9681fbccd86f3ceb7f6f0aedf2a046b6f4da5c37e7c84feca590f4d,82e8fcafedb1dc06cd0cc6d906be19ef4942359e6fda0bfb3767731b8cf6945d,171,0.031659761786183536,0.17793190210353943,0.05439421429632925,0.23322567246409484,841,4.208755399973597,"{""l2_regularization"": 10, ""learning_rate"": 0.05, ""max_leaf_nodes"": 31}","{""valid"": true, ""warnings"": []}","{""center"": -0.014252022707201389, ""normalized_MAD"": 0.08531864517626224}"
BAYC,TF-IDF,HistGradientBoosting,2024-04-01,2024-07-01,True,29019,3643,2022-01-01 00:03:36+00:00,2024-03-31 23:18:35+00:00,62d3f670c9681fbccd86f3ceb7f6f0aedf2a046b6f4da5c37e7c84feca590f4d,82e8fcafedb1dc06cd0cc6d906be19ef4942359e6fda0bfb3767731b8cf6945d,171,0.03155710044742974,0.17764318294668596,0.05360448700645273,0.2315264283110089,841,2.549553900025785,"{""l2_regularization"": 1, ""learning_rate"": 0.1, ""max_leaf_nodes"": 15}","{""valid"": true, ""warnings"": []}","{""center"": -0.014252022707201389, ""normalized_MAD"": 0.08531864517626224}"
BAYC,TF-IDF,HistGradientBoosting,2024-04-01,2024-07-01,True,29019,3643,2022-01-01 00:03:36+00:00,2024-03-31 23:18:35+00:00,62d3f670c9681fbccd86f3ceb7f6f0aedf2a046b6f4da5c37e7c84feca590f4d,82e8fcafedb1dc06cd0cc6d906be19ef4942359e6fda0bfb3767731b8cf6945d,171,0.03141943198939671,0.1772552735164647,0.05366484960485201,0.23165674953441787,841,2.4850771999917924,"{""l2_regularization"": 10, ""learning_rate"": 0.1, ""max_leaf_nodes"": 15}","{""valid"": true, ""warnings"": []}","{""center"": -0.014252022707201389, ""normalized_MAD"": 0.08531864517626224}"
BAYC,TF-IDF,HistGradientBoosting,2024-04-01,2024-07-01,True,29019,3643,2022-01-01 00:03:36+00:00,2024-03-31 23:18:35+00:00,62d3f670c9681fbccd86f3ceb7f6f0aedf2a046b6f4da5c37e7c84feca590f4d,82e8fcafedb1dc06cd0cc6d906be19ef4942359e6fda0bfb3767731b8cf6945d,171,0.03284589026151206,0.18123435177005506,0.05586168210720209,0.23635076075020806,841,3.4978437999961898,"{""l2_regularization"": 1, ""learning_rate"": 0.1, ""max_leaf_nodes"": 31}","{""valid"": true, ""warnings"": []}","{""center"": -0.014252022707201389, ""normalized_MAD"": 0.08531864517626224}"
BAYC,TF-IDF,HistGradientBoosting,2024-04-01,2024-07-01,True,29019,3643,2022-01-01 00:03:36+00:00,2024-03-31 23:18:35+00:00,62d3f670c9681fbccd86f3ceb7f6f0aedf2a046b6f4da5c37e7c84feca590f4d,82e8fcafedb1dc06cd0cc6d906be19ef4942359e6fda0bfb3767731b8cf6945d,171,0.031926570838650435,0.17868007957981896,0.05407725872176548,0.2325451756579041,841,3.5448475999874063,"{""l2_regularization"": 10, ""learning_rate"": 0.1, ""max_leaf_nodes"": 31}","{""valid"": true, ""warnings"": []}","{""center"": -0.014252022707201389, ""normalized_MAD"": 0.08531864517626224}"
BAYC,TF-IDF,XGBoost,2024-04-01,2024-07-01,True,29019,3643,2022-01-01 00:03:36+00:00,2024-03-31 23:18:35+00:00,62d3f670c9681fbccd86f3ceb7f6f0aedf2a046b6f4da5c37e7c84feca590f4d,82e8fcafedb1dc06cd0cc6d906be19ef4942359e6fda0bfb3767731b8cf6945d,171,0.03124092278297828,0.17675101918511893,0.054128372331658195,0.2326550500884479,841,2.0763816000544466,"{""l2_regularization"": 1, ""learning_rate"": 0.05, ""max_leaf_nodes"": 15}","{""valid"": true, ""warnings"": []}","{""center"": -0.014252022707201389, ""normalized_MAD"": 0.08531864517626224}"
BAYC,TF-IDF,XGBoost,2024-04-01,2024-07-01,True,29019,3643,2022-01-01 00:03:36+00:00,2024-03-31 23:18:35+00:00,62d3f670c9681fbccd86f3ceb7f6f0aedf2a046b6f4da5c37e7c84feca590f4d,82e8fcafedb1dc06cd0cc6d906be19ef4942359e6fda0bfb3767731b8cf6945d,171,0.031077906169072755,0.17628926844556578,0.05383475039290285,0.23202316779344007,841,1.9786280999542214,"{""l2_regularization"": 10, ""learning_rate"": 0.05, ""max_leaf_nodes"": 15}","{""valid"": true, ""warnings"": []}","{""center"": -0.014252022707201389, ""normalized_MAD"": 0.08531864517626224}"
BAYC,TF-IDF,XGBoost,2024-04-01,2024-07-01,True,29019,3643,2022-01-01 00:03:36+00:00,2024-03-31 23:18:35+00:00,62d3f670c9681fbccd86f3ceb7f6f0aedf2a046b6f4da5c37e7c84feca590f4d,82e8fcafedb1dc06cd0cc6d906be19ef4942359e6fda0bfb3767731b8cf6945d,171,0.03177394300792846,0.17825246985085078,0.054272729378745346,0.2329650818872763,841,3.217380700050853,"{""l2_regularization"": 1, ""learning_rate"": 0.05, ""max_leaf_nodes"": 31}","{""valid"": true, ""warnings"": []}","{""center"": -0.014252022707201389, ""normalized_MAD"": 0.08531864517626224}"
BAYC,TF-IDF,XGBoost,2024-04-01,2024-07-01,True,29019,3643,2022-01-01 00:03:36+00:00,2024-03-31 23:18:35+00:00,62d3f670c9681fbccd86f3ceb7f6f0aedf2a046b6f4da5c37e7c84feca590f4d,82e8fcafedb1dc06cd0cc6d906be19ef4942359e6fda0bfb3767731b8cf6945d,171,0.031791614086901135,0.17830203051816637,0.05462742589262618,0.2337251075358105,841,3.2856688000028953,"{""l2_regularization"": 10, ""learning_rate"": 0.05, ""max_leaf_nodes"": 31}","{""valid"": true, ""warnings"": []}","{""center"": -0.014252022707201389, ""normalized_MAD"": 0.08531864517626224}"
BAYC,TF-IDF,XGBoost,2024-04-01,2024-07-01,True,29019,3643,2022-01-01 00:03:36+00:00,2024-03-31 23:18:35+00:00,62d3f670c9681fbccd86f3ceb7f6f0aedf2a046b6f4da5c37e7c84feca590f4d,82e8fcafedb1dc06cd0cc6d906be19ef4942359e6fda0bfb3767731b8cf6945d,171,0.032086054974670965,0.17912580767346442,0.05516454169767778,0.2348713300887909,841,1.8714753000531346,"{""l2_regularization"": 1, ""learning_rate"": 0.1, ""max_leaf_nodes"": 15}","{""valid"": true, ""warnings"": []}","{""center"": -0.014252022707201389, ""normalized_MAD"": 0.08531864517626224}"
BAYC,TF-IDF,XGBoost,2024-04-01,2024-07-01,True,29019,3643,2022-01-01 00:03:36+00:00,2024-03-31 23:18:35+00:00,62d3f670c9681fbccd86f3ceb7f6f0aedf2a046b6f4da5c37e7c84feca590f4d,82e8fcafedb1dc06cd0cc6d906be19ef4942359e6fda0bfb3767731b8cf6945d,171,0.031626465324766574,0.17783831230858713,0.05426567464936861,0.232949940221861,841,2.006476800015662,"{""l2_regularization"": 10, ""learning_rate"": 0.1, ""max_leaf_nodes"": 15}","{""valid"": true, ""warnings"": []}","{""center"": -0.014252022707201389, ""normalized_MAD"": 0.08531864517626224}"
BAYC,TF-IDF,XGBoost,2024-04-01,2024-07-01,True,29019,3643,2022-01-01 00:03:36+00:00,2024-03-31 23:18:35+00:00,62d3f670c9681fbccd86f3ceb7f6f0aedf2a046b6f4da5c37e7c84feca590f4d,82e8fcafedb1dc06cd0cc6d906be19ef4942359e6fda0bfb3767731b8cf6945d,171,0.0330878620137599,0.18190069272479392,0.05631102791643685,0.23729944777946038,841,3.043669199978467,"{""l2_regularization"": 1, ""learning_rate"": 0.1, ""max_leaf_nodes"": 31}","{""valid"": true, ""warnings"": []}","{""center"": -0.014252022707201389, ""normalized_MAD"": 0.08531864517626224}"
BAYC,TF-IDF,XGBoost,2024-04-01,2024-07-01,True,29019,3643,2022-01-01 00:03:36+00:00,2024-03-31 23:18:35+00:00,62d3f670c9681fbccd86f3ceb7f6f0aedf2a046b6f4da5c37e7c84feca590f4d,82e8fcafedb1dc06cd0cc6d906be19ef4942359e6fda0bfb3767731b8cf6945d,171,0.03316830951522537,0.1821216887556926,0.05641119097949039,0.23751040183429944,841,3.0704664000077173,"{""l2_regularization"": 10, ""learning_rate"": 0.1, ""max_leaf_nodes"": 31}","{""valid"": true, ""warnings"": []}","{""center"": -0.014252022707201389, ""normalized_MAD"": 0.08531864517626224}"
BAYC,TF-IDF,LightGBM,2024-04-01,2024-07-01,True,29019,3643,2022-01-01 00:03:36+00:00,2024-03-31 23:18:35+00:00,62d3f670c9681fbccd86f3ceb7f6f0aedf2a046b6f4da5c37e7c84feca590f4d,82e8fcafedb1dc06cd0cc6d906be19ef4942359e6fda0bfb3767731b8cf6945d,171,0.030941509750243887,0.17590198904572935,0.05338442282226446,0.23105069318715418,841,0.529267699981574,"{""l2_regularization"": 1, ""learning_rate"": 0.05, ""max_leaf_nodes"": 15}","{""valid"": true, ""warnings"": []}","{""center"": -0.014252022707201389, ""normalized_MAD"": 0.08531864517626224}"
BAYC,TF-IDF,LightGBM,2024-04-01,2024-07-01,True,29019,3643,2022-01-01 00:03:36+00:00,2024-03-31 23:18:35+00:00,62d3f670c9681fbccd86f3ceb7f6f0aedf2a046b6f4da5c37e7c84feca590f4d,82e8fcafedb1dc06cd0cc6d906be19ef4942359e6fda0bfb3767731b8cf6945d,171,0.030967078774253743,0.17597465378358823,0.053887768838726244,0.23213739215974286,841,0.5316659000236541,"{""l2_regularization"": 10, ""learning_rate"": 0.05, ""max_leaf_nodes"": 15}","{""valid"": true, ""warnings"": []}","{""center"": -0.014252022707201389, ""normalized_MAD"": 0.08531864517626224}"
BAYC,TF-IDF,LightGBM,2024-04-01,2024-07-01,True,29019,3643,2022-01-01 00:03:36+00:00,2024-03-31 23:18:35+00:00,62d3f670c9681fbccd86f3ceb7f6f0aedf2a046b6f4da5c37e7c84feca590f4d,82e8fcafedb1dc06cd0cc6d906be19ef4942359e6fda0bfb3767731b8cf6945d,171,0.03146265011514012,0.17737714090361284,0.05368694250199545,0.2317044291807894,841,0.835939500015229,"{""l2_regularization"": 1, ""learning_rate"": 0.05, ""max_leaf_nodes"": 31}","{""valid"": true, ""warnings"": []}","{""center"": -0.014252022707201389, ""normalized_MAD"": 0.08531864517626224}"
BAYC,TF-IDF,LightGBM,2024-04-01,2024-07-01,True,29019,3643,2022-01-01 00:03:36+00:00,2024-03-31 23:18:35+00:00,62d3f670c9681fbccd86f3ceb7f6f0aedf2a046b6f4da5c37e7c84feca590f4d,82e8fcafedb1dc06cd0cc6d906be19ef4942359e6fda0bfb3767731b8cf6945d,171,0.031375289134500266,0.1771307120024652,0.053682323946209316,0.2316944624849919,841,0.8360812999890186,"{""l2_regularization"": 10, ""learning_rate"": 0.05, ""max_leaf_nodes"": 31}","{""valid"": true, ""warnings"": []}","{""center"": -0.014252022707201389, ""normalized_MAD"": 0.08531864517626224}"
BAYC,TF-IDF,LightGBM,2024-04-01,2024-07-01,True,29019,3643,2022-01-01 00:03:36+00:00,2024-03-31 23:18:35+00:00,62d3f670c9681fbccd86f3ceb7f6f0aedf2a046b6f4da5c37e7c84feca590f4d,82e8fcafedb1dc06cd0cc6d906be19ef4942359e6fda0bfb3767731b8cf6945d,171,0.03113903087589739,0.17646254808286485,0.053076224454703155,0.23038277812089852,841,0.4805980999954045,"{""l2_regularization"": 1, ""learning_rate"": 0.1, ""max_leaf_nodes"": 15}","{""valid"": true, ""warnings"": []}","{""center"": -0.014252022707201389, ""normalized_MAD"": 0.08531864517626224}"
BAYC,TF-IDF,LightGBM,2024-04-01,2024-07-01,True,29019,3643,2022-01-01 00:03:36+00:00,2024-03-31 23:18:35+00:00,62d3f670c9681fbccd86f3ceb7f6f0aedf2a046b6f4da5c37e7c84feca590f4d,82e8fcafedb1dc06cd0cc6d906be19ef4942359e6fda0bfb3767731b8cf6945d,171,0.031177597181217702,0.17657179044574958,0.05330256099315142,0.2308734739920362,841,0.4787194000091404,"{""l2_regularization"": 10, ""learning_rate"": 0.1, ""max_leaf_nodes"": 15}","{""valid"": true, ""warnings"": []}","{""center"": -0.014252022707201389, ""normalized_MAD"": 0.08531864517626224}"
BAYC,TF-IDF,LightGBM,2024-04-01,2024-07-01,True,29019,3643,2022-01-01 00:03:36+00:00,2024-03-31 23:18:35+00:00,62d3f670c9681fbccd86f3ceb7f6f0aedf2a046b6f4da5c37e7c84feca590f4d,82e8fcafedb1dc06cd0cc6d906be19ef4942359e6fda0bfb3767731b8cf6945d,171,0.03222354540602789,0.17950917916927783,0.05467979526149311,0.2338371126692534,841,0.8221567000146024,"{""l2_regularization"": 1, ""learning_rate"": 0.1, ""max_leaf_nodes"": 31}","{""valid"": true, ""warnings"": []}","{""center"": -0.014252022707201389, ""normalized_MAD"": 0.08531864517626224}"
BAYC,TF-IDF,LightGBM,2024-04-01,2024-07-01,True,29019,3643,2022-01-01 00:03:36+00:00,2024-03-31 23:18:35+00:00,62d3f670c9681fbccd86f3ceb7f6f0aedf2a046b6f4da5c37e7c84feca590f4d,82e8fcafedb1dc06cd0cc6d906be19ef4942359e6fda0bfb3767731b8cf6945d,171,0.03201663539550873,0.17893192950255896,0.05422510045067217,0.23286283613035416,841,0.8590913999942131,"{""l2_regularization"": 10, ""learning_rate"": 0.1, ""max_leaf_nodes"": 31}","{""valid"": true, ""warnings"": []}","{""center"": -0.014252022707201389, ""normalized_MAD"": 0.08531864517626224}"
BAYC,TF-IDF,OLS,2024-07-01,2024-10-01,True,32662,1150,2022-01-01 00:03:36+00:00,2024-06-30 23:44:11+00:00,62211f883d58c592e36128d5845b4f9c92a3cc5df7a29c93d5253fed5f354fc5,3f21bc9aa919a6d8ea13eb0604dc0bb88fe7affc0c5c1d9e90e1c7113a3c5b44,171,10.075191419043378,3.174144202622713,10.017851612677351,3.1650989893962795,483,0.21982229995774105,{},"{""valid"": true, ""warnings"": []}","{""center"": -0.016526774418172928, ""normalized_MAD"": 0.09142549798419829}"
BAYC,TF-IDF,Ridge,2024-07-01,2024-10-01,True,32662,1150,2022-01-01 00:03:36+00:00,2024-06-30 23:44:11+00:00,62211f883d58c592e36128d5845b4f9c92a3cc5df7a29c93d5253fed5f354fc5,3f21bc9aa919a6d8ea13eb0604dc0bb88fe7affc0c5c1d9e90e1c7113a3c5b44,171,10.075187816873656,3.174143635198895,10.01784730114887,3.165098308291366,483,0.0482643999857828,"{""alpha"": 0.01}","{""valid"": true, ""warnings"": []}","{""center"": -0.016526774418172928, ""normalized_MAD"": 0.09142549798419829}"
BAYC,TF-IDF,Ridge,2024-07-01,2024-10-01,True,32662,1150,2022-01-01 00:03:36+00:00,2024-06-30 23:44:11+00:00,62211f883d58c592e36128d5845b4f9c92a3cc5df7a29c93d5253fed5f354fc5,3f21bc9aa919a6d8ea13eb0604dc0bb88fe7affc0c5c1d9e90e1c7113a3c5b44,171,10.07515652409299,3.174138705868568,10.017810089532892,3.165092429856179,483,0.04467240005033091,"{""alpha"": 0.1}","{""valid"": true, ""warnings"": []}","{""center"": -0.016526774418172928, ""normalized_MAD"": 0.09142549798419829}"
BAYC,TF-IDF,Ridge,2024-07-01,2024-10-01,True,32662,1150,2022-01-01 00:03:36+00:00,2024-06-30 23:44:11+00:00,62211f883d58c592e36128d5845b4f9c92a3cc5df7a29c93d5253fed5f354fc5,3f21bc9aa919a6d8ea13eb0604dc0bb88fe7affc0c5c1d9e90e1c7113a3c5b44,171,10.074925637244288,3.174102335660318,10.017549793218759,3.165051309729237,483,0.04432650003582239,"{""alpha"": 1}","{""valid"": true, ""warnings"": []}","{""center"": -0.016526774418172928, ""normalized_MAD"": 0.09142549798419829}"
BAYC,TF-IDF,Ridge,2024-07-01,2024-10-01,True,32662,1150,2022-01-01 00:03:36+00:00,2024-06-30 23:44:11+00:00,62211f883d58c592e36128d5845b4f9c92a3cc5df7a29c93d5253fed5f354fc5,3f21bc9aa919a6d8ea13eb0604dc0bb88fe7affc0c5c1d9e90e1c7113a3c5b44,171,10.074406508868877,3.1740205589864847,10.01707378234562,3.1649761108649175,483,0.04504390002693981,"{""alpha"": 10}","{""valid"": true, ""warnings"": []}","{""center"": -0.016526774418172928, ""normalized_MAD"": 0.09142549798419829}"
BAYC,TF-IDF,Ridge,2024-07-01,2024-10-01,True,32662,1150,2022-01-01 00:03:36+00:00,2024-06-30 23:44:11+00:00,62211f883d58c592e36128d5845b4f9c92a3cc5df7a29c93d5253fed5f354fc5,3f21bc9aa919a6d8ea13eb0604dc0bb88fe7affc0c5c1d9e90e1c7113a3c5b44,171,10.07422731754594,3.1739923310471214,10.016972920849742,3.164960176818935,483,0.04341430001659319,"{""alpha"": 100}","{""valid"": true, ""warnings"": []}","{""center"": -0.016526774418172928, ""normalized_MAD"": 0.09142549798419829}"
BAYC,TF-IDF,Ridge,2024-07-01,2024-10-01,True,32662,1150,2022-01-01 00:03:36+00:00,2024-06-30 23:44:11+00:00,62211f883d58c592e36128d5845b4f9c92a3cc5df7a29c93d5253fed5f354fc5,3f21bc9aa919a6d8ea13eb0604dc0bb88fe7affc0c5c1d9e90e1c7113a3c5b44,171,10.074467271096456,3.1740301307795513,10.017577877062777,3.1650557462804314,483,0.04428469995036721,"{""alpha"": 1000}","{""valid"": true, ""warnings"": []}","{""center"": -0.016526774418172928, ""normalized_MAD"": 0.09142549798419829}"
BAYC,TF-IDF,Ridge,2024-07-01,2024-10-01,True,32662,1150,2022-01-01 00:03:36+00:00,2024-06-30 23:44:11+00:00,62211f883d58c592e36128d5845b4f9c92a3cc5df7a29c93d5253fed5f354fc5,3f21bc9aa919a6d8ea13eb0604dc0bb88fe7affc0c5c1d9e90e1c7113a3c5b44,171,10.0806180692274,3.1749989085395605,10.031789017265266,3.167299956945232,483,0.04888390004634857,"{""alpha"": 10000}","{""valid"": true, ""warnings"": []}","{""center"": -0.016526774418172928, ""normalized_MAD"": 0.09142549798419829}"
BAYC,TF-IDF,Ridge,2024-07-01,2024-10-01,True,32662,1150,2022-01-01 00:03:36+00:00,2024-06-30 23:44:11+00:00,62211f883d58c592e36128d5845b4f9c92a3cc5df7a29c93d5253fed5f354fc5,3f21bc9aa919a6d8ea13eb0604dc0bb88fe7affc0c5c1d9e90e1c7113a3c5b44,171,10.093052513379794,3.1769564859122315,10.060890735298601,3.171890719318464,483,0.04523950000293553,"{""alpha"": 100000}","{""valid"": true, ""warnings"": []}","{""center"": -0.016526774418172928, ""normalized_MAD"": 0.09142549798419829}"
BAYC,TF-IDF,Ridge,2024-07-01,2024-10-01,True,32662,1150,2022-01-01 00:03:36+00:00,2024-06-30 23:44:11+00:00,62211f883d58c592e36128d5845b4f9c92a3cc5df7a29c93d5253fed5f354fc5,3f21bc9aa919a6d8ea13eb0604dc0bb88fe7affc0c5c1d9e90e1c7113a3c5b44,171,10.095666298948311,3.1773678255669915,10.067345838290294,3.17290810429333,483,0.04468410002300516,"{""alpha"": 1000000}","{""valid"": true, ""warnings"": []}","{""center"": -0.016526774418172928, ""normalized_MAD"": 0.09142549798419829}"
BAYC,TF-IDF,ElasticNet,2024-07-01,2024-10-01,True,32662,1150,2022-01-01 00:03:36+00:00,2024-06-30 23:44:11+00:00,62211f883d58c592e36128d5845b4f9c92a3cc5df7a29c93d5253fed5f354fc5,3f21bc9aa919a6d8ea13eb0604dc0bb88fe7affc0c5c1d9e90e1c7113a3c5b44,171,10.074201322341212,3.1739882360117866,10.016950230394949,3.164956592181787,483,6.375472699990496,"{""alpha"": 0.001, ""l1_ratio"": 0.1}","{""valid"": true, ""warnings"": []}","{""center"": -0.016526774418172928, ""normalized_MAD"": 0.09142549798419829}"
BAYC,TF-IDF,ElasticNet,2024-07-01,2024-10-01,True,32662,1150,2022-01-01 00:03:36+00:00,2024-06-30 23:44:11+00:00,62211f883d58c592e36128d5845b4f9c92a3cc5df7a29c93d5253fed5f354fc5,3f21bc9aa919a6d8ea13eb0604dc0bb88fe7affc0c5c1d9e90e1c7113a3c5b44,171,10.074221951810033,3.1739914857809612,10.017025989550467,3.1649685605943176,483,1.0277804999495856,"{""alpha"": 0.001, ""l1_ratio"": 0.5}","{""valid"": true, ""warnings"": []}","{""center"": -0.016526774418172928, ""normalized_MAD"": 0.09142549798419829}"
BAYC,TF-IDF,ElasticNet,2024-07-01,2024-10-01,True,32662,1150,2022-01-01 00:03:36+00:00,2024-06-30 23:44:11+00:00,62211f883d58c592e36128d5845b4f9c92a3cc5df7a29c93d5253fed5f354fc5,3f21bc9aa919a6d8ea13eb0604dc0bb88fe7affc0c5c1d9e90e1c7113a3c5b44,171,10.074235239671758,3.1739935790218223,10.017112529378094,3.1649822320793675,483,0.6469929000013508,"{""alpha"": 0.001, ""l1_ratio"": 0.9}","{""valid"": true, ""warnings"": []}","{""center"": -0.016526774418172928, ""normalized_MAD"": 0.09142549798419829}"
BAYC,TF-IDF,ElasticNet,2024-07-01,2024-10-01,True,32662,1150,2022-01-01 00:03:36+00:00,2024-06-30 23:44:11+00:00,62211f883d58c592e36128d5845b4f9c92a3cc5df7a29c93d5253fed5f354fc5,3f21bc9aa919a6d8ea13eb0604dc0bb88fe7affc0c5c1d9e90e1c7113a3c5b44,171,10.074345978939155,3.174011023758291,10.017379290411288,3.165024374378701,483,0.6289614000124857,"{""alpha"": 0.01, ""l1_ratio"": 0.1}","{""valid"": true, ""warnings"": []}","{""center"": -0.016526774418172928, ""normalized_MAD"": 0.09142549798419829}"
BAYC,TF-IDF,ElasticNet,2024-07-01,2024-10-01,True,32662,1150,2022-01-01 00:03:36+00:00,2024-06-30 23:44:11+00:00,62211f883d58c592e36128d5845b4f9c92a3cc5df7a29c93d5253fed5f354fc5,3f21bc9aa919a6d8ea13eb0604dc0bb88fe7affc0c5c1d9e90e1c7113a3c5b44,171,10.074705043231935,3.1740675864310033,10.019302129237893,3.1653281234712294,483,0.22859060001792386,"{""alpha"": 0.01, ""l1_ratio"": 0.5}","{""valid"": true, ""warnings"": []}","{""center"": -0.016526774418172928, ""normalized_MAD"": 0.09142549798419829}"
BAYC,TF-IDF,ElasticNet,2024-07-01,2024-10-01,True,32662,1150,2022-01-01 00:03:36+00:00,2024-06-30 23:44:11+00:00,62211f883d58c592e36128d5845b4f9c92a3cc5df7a29c93d5253fed5f354fc5,3f21bc9aa919a6d8ea13eb0604dc0bb88fe7affc0c5c1d9e90e1c7113a3c5b44,171,10.075586033910119,3.1742063628425483,10.022220868368509,3.165789138330048,483,0.12917259999085218,"{""alpha"": 0.01, ""l1_ratio"": 0.9}","{""valid"": true, ""warnings"": []}","{""center"": -0.016526774418172928, ""normalized_MAD"": 0.09142549798419829}"
BAYC,TF-IDF,ElasticNet,2024-07-01,2024-10-01,True,32662,1150,2022-01-01 00:03:36+00:00,2024-06-30 23:44:11+00:00,62211f883d58c592e36128d5845b4f9c92a3cc5df7a29c93d5253fed5f354fc5,3f21bc9aa919a6d8ea13eb0604dc0bb88fe7affc0c5c1d9e90e1c7113a3c5b44,171,10.078422392928262,3.174653113794996,10.028830163518768,3.166832828476863,483,0.10862290003569797,"{""alpha"": 0.1, ""l1_ratio"": 0.1}","{""valid"": true, ""warnings"": []}","{""center"": -0.016526774418172928, ""normalized_MAD"": 0.09142549798419829}"
BAYC,TF-IDF,ElasticNet,2024-07-01,2024-10-01,True,32662,1150,2022-01-01 00:03:36+00:00,2024-06-30 23:44:11+00:00,62211f883d58c592e36128d5845b4f9c92a3cc5df7a29c93d5253fed5f354fc5,3f21bc9aa919a6d8ea13eb0604dc0bb88fe7affc0c5c1d9e90e1c7113a3c5b44,171,10.089973346248984,3.176471839360296,10.056410463985582,3.171184394510288,483,0.05428579996805638,"{""alpha"": 0.1, ""l1_ratio"": 0.5}","{""valid"": true, ""warnings"": []}","{""center"": -0.016526774418172928, ""normalized_MAD"": 0.09142549798419829}"
BAYC,TF-IDF,ElasticNet,2024-07-01,2024-10-01,True,32662,1150,2022-01-01 00:03:36+00:00,2024-06-30 23:44:11+00:00,62211f883d58c592e36128d5845b4f9c92a3cc5df7a29c93d5253fed5f354fc5,3f21bc9aa919a6d8ea13eb0604dc0bb88fe7affc0c5c1d9e90e1c7113a3c5b44,171,10.095829626060686,3.1773935271005835,10.067863611032834,3.172989696017438,483,0.05207710003014654,"{""alpha"": 0.1, ""l1_ratio"": 0.9}","{""valid"": true, ""warnings"": []}","{""center"": -0.016526774418172928, ""normalized_MAD"": 0.09142549798419829}"
BAYC,TF-IDF,ElasticNet,2024-07-01,2024-10-01,True,32662,1150,2022-01-01 00:03:36+00:00,2024-06-30 23:44:11+00:00,62211f883d58c592e36128d5845b4f9c92a3cc5df7a29c93d5253fed5f354fc5,3f21bc9aa919a6d8ea13eb0604dc0bb88fe7affc0c5c1d9e90e1c7113a3c5b44,171,10.09603464285433,3.1774257887249435,10.068265423018577,3.173053012954334,483,0.03264290001243353,"{""alpha"": 1, ""l1_ratio"": 0.1}","{""valid"": true, ""warnings"": []}","{""center"": -0.016526774418172928, ""normalized_MAD"": 0.09142549798419829}"
BAYC,TF-IDF,ElasticNet,2024-07-01,2024-10-01,True,32662,1150,2022-01-01 00:03:36+00:00,2024-06-30 23:44:11+00:00,62211f883d58c592e36128d5845b4f9c92a3cc5df7a29c93d5253fed5f354fc5,3f21bc9aa919a6d8ea13eb0604dc0bb88fe7affc0c5c1d9e90e1c7113a3c5b44,171,10.09603464285433,3.1774257887249435,10.068265423018577,3.173053012954334,483,0.03305949998321012,"{""alpha"": 1, ""l1_ratio"": 0.5}","{""valid"": true, ""warnings"": []}","{""center"": -0.016526774418172928, ""normalized_MAD"": 0.09142549798419829}"
BAYC,TF-IDF,ElasticNet,2024-07-01,2024-10-01,True,32662,1150,2022-01-01 00:03:36+00:00,2024-06-30 23:44:11+00:00,62211f883d58c592e36128d5845b4f9c92a3cc5df7a29c93d5253fed5f354fc5,3f21bc9aa919a6d8ea13eb0604dc0bb88fe7affc0c5c1d9e90e1c7113a3c5b44,171,10.09603464285433,3.1774257887249435,10.068265423018577,3.173053012954334,483,0.032360400015022606,"{""alpha"": 1, ""l1_ratio"": 0.9}","{""valid"": true, ""warnings"": []}","{""center"": -0.016526774418172928, ""normalized_MAD"": 0.09142549798419829}"
BAYC,TF-IDF,ElasticNet,2024-07-01,2024-10-01,True,32662,1150,2022-01-01 00:03:36+00:00,2024-06-30 23:44:11+00:00,62211f883d58c592e36128d5845b4f9c92a3cc5df7a29c93d5253fed5f354fc5,3f21bc9aa919a6d8ea13eb0604dc0bb88fe7affc0c5c1d9e90e1c7113a3c5b44,171,10.09603464285433,3.1774257887249435,10.068265423018577,3.173053012954334,483,0.03253289998974651,"{""alpha"": 10, ""l1_ratio"": 0.1}","{""valid"": true, ""warnings"": []}","{""center"": -0.016526774418172928, ""normalized_MAD"": 0.09142549798419829}"
BAYC,TF-IDF,ElasticNet,2024-07-01,2024-10-01,True,32662,1150,2022-01-01 00:03:36+00:00,2024-06-30 23:44:11+00:00,62211f883d58c592e36128d5845b4f9c92a3cc5df7a29c93d5253fed5f354fc5,3f21bc9aa919a6d8ea13eb0604dc0bb88fe7affc0c5c1d9e90e1c7113a3c5b44,171,10.09603464285433,3.1774257887249435,10.068265423018577,3.173053012954334,483,0.03296460001729429,"{""alpha"": 10, ""l1_ratio"": 0.5}","{""valid"": true, ""warnings"": []}","{""center"": -0.016526774418172928, ""normalized_MAD"": 0.09142549798419829}"
BAYC,TF-IDF,ElasticNet,2024-07-01,2024-10-01,True,32662,1150,2022-01-01 00:03:36+00:00,2024-06-30 23:44:11+00:00,62211f883d58c592e36128d5845b4f9c92a3cc5df7a29c93d5253fed5f354fc5,3f21bc9aa919a6d8ea13eb0604dc0bb88fe7affc0c5c1d9e90e1c7113a3c5b44,171,10.09603464285433,3.1774257887249435,10.068265423018577,3.173053012954334,483,0.03270669997436926,"{""alpha"": 10, ""l1_ratio"": 0.9}","{""valid"": true, ""warnings"": []}","{""center"": -0.016526774418172928, ""normalized_MAD"": 0.09142549798419829}"
BAYC,TF-IDF,PLS,2024-07-01,2024-10-01,True,32662,1150,2022-01-01 00:03:36+00:00,2024-06-30 23:44:11+00:00,62211f883d58c592e36128d5845b4f9c92a3cc5df7a29c93d5253fed5f354fc5,3f21bc9aa919a6d8ea13eb0604dc0bb88fe7affc0c5c1d9e90e1c7113a3c5b44,171,10.074087746149727,3.173970344245473,10.01679097194694,3.164931432424238,483,0.34844860003795475,"{""components"": 8}","{""valid"": true, ""warnings"": []}","{""center"": -0.016526774418172928, ""normalized_MAD"": 0.09142549798419829}"
BAYC,TF-IDF,PLS,2024-07-01,2024-10-01,True,32662,1150,2022-01-01 00:03:36+00:00,2024-06-30 23:44:11+00:00,62211f883d58c592e36128d5845b4f9c92a3cc5df7a29c93d5253fed5f354fc5,3f21bc9aa919a6d8ea13eb0604dc0bb88fe7affc0c5c1d9e90e1c7113a3c5b44,171,10.075191456563925,3.1741442085330536,10.017851496502566,3.165098971043807,483,0.6017809000331908,"{""components"": 16}","{""valid"": true, ""warnings"": []}","{""center"": -0.016526774418172928, ""normalized_MAD"": 0.09142549798419829}"
BAYC,TF-IDF,PLS,2024-07-01,2024-10-01,True,32662,1150,2022-01-01 00:03:36+00:00,2024-06-30 23:44:11+00:00,62211f883d58c592e36128d5845b4f9c92a3cc5df7a29c93d5253fed5f354fc5,3f21bc9aa919a6d8ea13eb0604dc0bb88fe7affc0c5c1d9e90e1c7113a3c5b44,171,10.075191419043382,3.1741442026227134,10.017851612677351,3.1650989893962795,483,1.1901066999998875,"{""components"": 32}","{""valid"": true, ""warnings"": []}","{""center"": -0.016526774418172928, ""normalized_MAD"": 0.09142549798419829}"
BAYC,TF-IDF,PLS,2024-07-01,2024-10-01,True,32662,1150,2022-01-01 00:03:36+00:00,2024-06-30 23:44:11+00:00,62211f883d58c592e36128d5845b4f9c92a3cc5df7a29c93d5253fed5f354fc5,3f21bc9aa919a6d8ea13eb0604dc0bb88fe7affc0c5c1d9e90e1c7113a3c5b44,171,10.07511277470014,3.1741318143234283,10.017896407102418,3.1651060656954955,483,2.3521637999801897,"{""components"": 64}","{""valid"": true, ""warnings"": []}","{""center"": -0.016526774418172928, ""normalized_MAD"": 0.09142549798419829}"
BAYC,TF-IDF,LinearSVR,2024-07-01,2024-10-01,True,32662,1150,2022-01-01 00:03:36+00:00,2024-06-30 23:44:11+00:00,62211f883d58c592e36128d5845b4f9c92a3cc5df7a29c93d5253fed5f354fc5,3f21bc9aa919a6d8ea13eb0604dc0bb88fe7affc0c5c1d9e90e1c7113a3c5b44,171,10.074001551530188,3.17395676585712,10.01671664419555,3.164919690007244,483,0.30152400000952184,"{""C"": 0.01, ""epsilon"": 0.1}","{""valid"": true, ""warnings"": []}","{""center"": -0.016526774418172928, ""normalized_MAD"": 0.09142549798419829}"
BAYC,TF-IDF,LinearSVR,2024-07-01,2024-10-01,True,32662,1150,2022-01-01 00:03:36+00:00,2024-06-30 23:44:11+00:00,62211f883d58c592e36128d5845b4f9c92a3cc5df7a29c93d5253fed5f354fc5,3f21bc9aa919a6d8ea13eb0604dc0bb88fe7affc0c5c1d9e90e1c7113a3c5b44,171,10.073854650891352,3.173933624210083,10.016692173876027,3.164915824137512,483,0.2815495999529958,"{""C"": 0.01, ""epsilon"": 0.2}","{""valid"": true, ""warnings"": []}","{""center"": -0.016526774418172928, ""normalized_MAD"": 0.09142549798419829}"
BAYC,TF-IDF,LinearSVR,2024-07-01,2024-10-01,True,32662,1150,2022-01-01 00:03:36+00:00,2024-06-30 23:44:11+00:00,62211f883d58c592e36128d5845b4f9c92a3cc5df7a29c93d5253fed5f354fc5,3f21bc9aa919a6d8ea13eb0604dc0bb88fe7affc0c5c1d9e90e1c7113a3c5b44,171,10.074268646748736,3.173998841642627,10.01683808729294,3.164938875759363,483,0.6622908999561332,"{""C"": 0.1, ""epsilon"": 0.1}","{""valid"": true, ""warnings"": []}","{""center"": -0.016526774418172928, ""normalized_MAD"": 0.09142549798419829}"
BAYC,TF-IDF,LinearSVR,2024-07-01,2024-10-01,True,32662,1150,2022-01-01 00:03:36+00:00,2024-06-30 23:44:11+00:00,62211f883d58c592e36128d5845b4f9c92a3cc5df7a29c93d5253fed5f354fc5,3f21bc9aa919a6d8ea13eb0604dc0bb88fe7affc0c5c1d9e90e1c7113a3c5b44,171,10.074086648764148,3.173970171372779,10.01673221278443,3.164922149561412,483,0.6121636999887414,"{""C"": 0.1, ""epsilon"": 0.2}","{""valid"": true, ""warnings"": []}","{""center"": -0.016526774418172928, ""normalized_MAD"": 0.09142549798419829}"
BAYC,TF-IDF,LinearSVR,2024-07-01,2024-10-01,True,32662,1150,2022-01-01 00:03:36+00:00,2024-06-30 23:44:11+00:00,62211f883d58c592e36128d5845b4f9c92a3cc5df7a29c93d5253fed5f354fc5,3f21bc9aa919a6d8ea13eb0604dc0bb88fe7affc0c5c1d9e90e1c7113a3c5b44,171,10.074754245899593,3.1740753371493238,10.017253172346177,3.1650044506044814,483,0.8368927999981679,"{""C"": 1, ""epsilon"": 0.1}","{""valid"": true, ""warnings"": []}","{""center"": -0.016526774418172928, ""normalized_MAD"": 0.09142549798419829}"
BAYC,TF-IDF,LinearSVR,2024-07-01,2024-10-01,True,32662,1150,2022-01-01 00:03:36+00:00,2024-06-30 23:44:11+00:00,62211f883d58c592e36128d5845b4f9c92a3cc5df7a29c93d5253fed5f354fc5,3f21bc9aa919a6d8ea13eb0604dc0bb88fe7affc0c5c1d9e90e1c7113a3c5b44,171,10.074533879980972,3.1740406235555607,10.01699423816309,3.1649635445235527,483,0.8036509000230581,"{""C"": 1, ""epsilon"": 0.2}","{""valid"": true, ""warnings"": []}","{""center"": -0.016526774418172928, ""normalized_MAD"": 0.09142549798419829}"
BAYC,TF-IDF,HistGradientBoosting,2024-07-01,2024-10-01,True,32662,1150,2022-01-01 00:03:36+00:00,2024-06-30 23:44:11+00:00,62211f883d58c592e36128d5845b4f9c92a3cc5df7a29c93d5253fed5f354fc5,3f21bc9aa919a6d8ea13eb0604dc0bb88fe7affc0c5c1d9e90e1c7113a3c5b44,171,10.093127448214165,3.1769682793843197,10.051219665397316,3.170365856710754,483,2.6350144000025466,"{""l2_regularization"": 1, ""learning_rate"": 0.05, ""max_leaf_nodes"": 15}","{""valid"": true, ""warnings"": []}","{""center"": -0.016526774418172928, ""normalized_MAD"": 0.09142549798419829}"
BAYC,TF-IDF,HistGradientBoosting,2024-07-01,2024-10-01,True,32662,1150,2022-01-01 00:03:36+00:00,2024-06-30 23:44:11+00:00,62211f883d58c592e36128d5845b4f9c92a3cc5df7a29c93d5253fed5f354fc5,3f21bc9aa919a6d8ea13eb0604dc0bb88fe7affc0c5c1d9e90e1c7113a3c5b44,171,10.09327956827801,3.1769922203678767,10.051901895149394,3.170473449683721,483,2.7203157999902032,"{""l2_regularization"": 10, ""learning_rate"": 0.05, ""max_leaf_nodes"": 15}","{""valid"": true, ""warnings"": []}","{""center"": -0.016526774418172928, ""normalized_MAD"": 0.09142549798419829}"
BAYC,TF-IDF,HistGradientBoosting,2024-07-01,2024-10-01,True,32662,1150,2022-01-01 00:03:36+00:00,2024-06-30 23:44:11+00:00,62211f883d58c592e36128d5845b4f9c92a3cc5df7a29c93d5253fed5f354fc5,3f21bc9aa919a6d8ea13eb0604dc0bb88fe7affc0c5c1d9e90e1c7113a3c5b44,171,10.094838839672596,3.177237611459457,10.051447091794055,3.170401724039724,483,3.8083821999607608,"{""l2_regularization"": 1, ""learning_rate"": 0.05, ""max_leaf_nodes"": 31}","{""valid"": true, ""warnings"": []}","{""center"": -0.016526774418172928, ""normalized_MAD"": 0.09142549798419829}"
BAYC,TF-IDF,HistGradientBoosting,2024-07-01,2024-10-01,True,32662,1150,2022-01-01 00:03:36+00:00,2024-06-30 23:44:11+00:00,62211f883d58c592e36128d5845b4f9c92a3cc5df7a29c93d5253fed5f354fc5,3f21bc9aa919a6d8ea13eb0604dc0bb88fe7affc0c5c1d9e90e1c7113a3c5b44,171,10.094291726626137,3.1771515114369566,10.050801480075869,3.1702999038065576,483,3.8321290999883786,"{""l2_regularization"": 10, ""learning_rate"": 0.05, ""max_leaf_nodes"": 31}","{""valid"": true, ""warnings"": []}","{""center"": -0.016526774418172928, ""normalized_MAD"": 0.09142549798419829}"
BAYC,TF-IDF,HistGradientBoosting,2024-07-01,2024-10-01,True,32662,1150,2022-01-01 00:03:36+00:00,2024-06-30 23:44:11+00:00,62211f883d58c592e36128d5845b4f9c92a3cc5df7a29c93d5253fed5f354fc5,3f21bc9aa919a6d8ea13eb0604dc0bb88fe7affc0c5c1d9e90e1c7113a3c5b44,171,10.094792144460449,3.1772302630530964,10.051698592338093,3.1704413876206723,483,2.432606799993664,"{""l2_regularization"": 1, ""learning_rate"": 0.1, ""max_leaf_nodes"": 15}","{""valid"": true, ""warnings"": []}","{""center"": -0.016526774418172928, ""normalized_MAD"": 0.09142549798419829}"
BAYC,TF-IDF,HistGradientBoosting,2024-07-01,2024-10-01,True,32662,1150,2022-01-01 00:03:36+00:00,2024-06-30 23:44:11+00:00,62211f883d58c592e36128d5845b4f9c92a3cc5df7a29c93d5253fed5f354fc5,3f21bc9aa919a6d8ea13eb0604dc0bb88fe7affc0c5c1d9e90e1c7113a3c5b44,171,10.094476525772416,3.177180593824093,10.051376455905132,3.1703905841244753,483,2.4928894000477158,"{""l2_regularization"": 10, ""learning_rate"": 0.1, ""max_leaf_nodes"": 15}","{""valid"": true, ""warnings"": []}","{""center"": -0.016526774418172928, ""normalized_MAD"": 0.09142549798419829}"
BAYC,TF-IDF,HistGradientBoosting,2024-07-01,2024-10-01,True,32662,1150,2022-01-01 00:03:36+00:00,2024-06-30 23:44:11+00:00,62211f883d58c592e36128d5845b4f9c92a3cc5df7a29c93d5253fed5f354fc5,3f21bc9aa919a6d8ea13eb0604dc0bb88fe7affc0c5c1d9e90e1c7113a3c5b44,171,10.09204283915939,3.176797576044056,10.047606805389863,3.1697960195239476,483,3.442845999961719,"{""l2_regularization"": 1, ""learning_rate"": 0.1, ""max_leaf_nodes"": 31}","{""valid"": true, ""warnings"": []}","{""center"": -0.016526774418172928, ""normalized_MAD"": 0.09142549798419829}"
BAYC,TF-IDF,HistGradientBoosting,2024-07-01,2024-10-01,True,32662,1150,2022-01-01 00:03:36+00:00,2024-06-30 23:44:11+00:00,62211f883d58c592e36128d5845b4f9c92a3cc5df7a29c93d5253fed5f354fc5,3f21bc9aa919a6d8ea13eb0604dc0bb88fe7affc0c5c1d9e90e1c7113a3c5b44,171,10.09484647123419,3.1772388124335555,10.050451925298473,3.170244773719921,483,3.5232819999800995,"{""l2_regularization"": 10, ""learning_rate"": 0.1, ""max_leaf_nodes"": 31}","{""valid"": true, ""warnings"": []}","{""center"": -0.016526774418172928, ""normalized_MAD"": 0.09142549798419829}"
BAYC,TF-IDF,XGBoost,2024-07-01,2024-10-01,True,32662,1150,2022-01-01 00:03:36+00:00,2024-06-30 23:44:11+00:00,62211f883d58c592e36128d5845b4f9c92a3cc5df7a29c93d5253fed5f354fc5,3f21bc9aa919a6d8ea13eb0604dc0bb88fe7affc0c5c1d9e90e1c7113a3c5b44,171,10.092356437212109,3.176846933236178,10.050444520739159,3.170243605898316,483,2.073529299988877,"{""l2_regularization"": 1, ""learning_rate"": 0.05, ""max_leaf_nodes"": 15}","{""valid"": true, ""warnings"": []}","{""center"": -0.016526774418172928, ""normalized_MAD"": 0.09142549798419829}"
BAYC,TF-IDF,XGBoost,2024-07-01,2024-10-01,True,32662,1150,2022-01-01 00:03:36+00:00,2024-06-30 23:44:11+00:00,62211f883d58c592e36128d5845b4f9c92a3cc5df7a29c93d5253fed5f354fc5,3f21bc9aa919a6d8ea13eb0604dc0bb88fe7affc0c5c1d9e90e1c7113a3c5b44,171,10.093424118045826,3.177014969754758,10.052050129964169,3.1704968269916574,483,2.090784900006838,"{""l2_regularization"": 10, ""learning_rate"": 0.05, ""max_leaf_nodes"": 15}","{""valid"": true, ""warnings"": []}","{""center"": -0.016526774418172928, ""normalized_MAD"": 0.09142549798419829}"
BAYC,TF-IDF,XGBoost,2024-07-01,2024-10-01,True,32662,1150,2022-01-01 00:03:36+00:00,2024-06-30 23:44:11+00:00,62211f883d58c592e36128d5845b4f9c92a3cc5df7a29c93d5253fed5f354fc5,3f21bc9aa919a6d8ea13eb0604dc0bb88fe7affc0c5c1d9e90e1c7113a3c5b44,171,10.09064545349712,3.176577632216332,10.046847719307328,3.1696762798915805,483,3.3065851000137627,"{""l2_regularization"": 1, ""learning_rate"": 0.05, ""max_leaf_nodes"": 31}","{""valid"": true, ""warnings"": []}","{""center"": -0.016526774418172928, ""normalized_MAD"": 0.09142549798419829}"
BAYC,TF-IDF,XGBoost,2024-07-01,2024-10-01,True,32662,1150,2022-01-01 00:03:36+00:00,2024-06-30 23:44:11+00:00,62211f883d58c592e36128d5845b4f9c92a3cc5df7a29c93d5253fed5f354fc5,3f21bc9aa919a6d8ea13eb0604dc0bb88fe7affc0c5c1d9e90e1c7113a3c5b44,171,10.092695049328132,3.176900226530278,10.04970103545474,3.170126343768453,483,3.388402800017502,"{""l2_regularization"": 10, ""learning_rate"": 0.05, ""max_leaf_nodes"": 31}","{""valid"": true, ""warnings"": []}","{""center"": -0.016526774418172928, ""normalized_MAD"": 0.09142549798419829}"
BAYC,TF-IDF,XGBoost,2024-07-01,2024-10-01,True,32662,1150,2022-01-01 00:03:36+00:00,2024-06-30 23:44:11+00:00,62211f883d58c592e36128d5845b4f9c92a3cc5df7a29c93d5253fed5f354fc5,3f21bc9aa919a6d8ea13eb0604dc0bb88fe7affc0c5c1d9e90e1c7113a3c5b44,171,10.092065019864586,3.1768010670900666,10.048922466808522,3.1700035436586695,483,1.9853682999964803,"{""l2_regularization"": 1, ""learning_rate"": 0.1, ""max_leaf_nodes"": 15}","{""valid"": true, ""warnings"": []}","{""center"": -0.016526774418172928, ""normalized_MAD"": 0.09142549798419829}"
BAYC,TF-IDF,XGBoost,2024-07-01,2024-10-01,True,32662,1150,2022-01-01 00:03:36+00:00,2024-06-30 23:44:11+00:00,62211f883d58c592e36128d5845b4f9c92a3cc5df7a29c93d5253fed5f354fc5,3f21bc9aa919a6d8ea13eb0604dc0bb88fe7affc0c5c1d9e90e1c7113a3c5b44,171,10.092707519252848,3.1769021891227385,10.050218671127066,3.170207985468314,483,2.0770860000047833,"{""l2_regularization"": 10, ""learning_rate"": 0.1, ""max_leaf_nodes"": 15}","{""valid"": true, ""warnings"": []}","{""center"": -0.016526774418172928, ""normalized_MAD"": 0.09142549798419829}"
BAYC,TF-IDF,XGBoost,2024-07-01,2024-10-01,True,32662,1150,2022-01-01 00:03:36+00:00,2024-06-30 23:44:11+00:00,62211f883d58c592e36128d5845b4f9c92a3cc5df7a29c93d5253fed5f354fc5,3f21bc9aa919a6d8ea13eb0604dc0bb88fe7affc0c5c1d9e90e1c7113a3c5b44,171,10.091595940237175,3.17672723730527,10.046815506965766,3.1696711985576305,483,3.186043299967423,"{""l2_regularization"": 1, ""learning_rate"": 0.1, ""max_leaf_nodes"": 31}","{""valid"": true, ""warnings"": []}","{""center"": -0.016526774418172928, ""normalized_MAD"": 0.09142549798419829}"
BAYC,TF-IDF,XGBoost,2024-07-01,2024-10-01,True,32662,1150,2022-01-01 00:03:36+00:00,2024-06-30 23:44:11+00:00,62211f883d58c592e36128d5845b4f9c92a3cc5df7a29c93d5253fed5f354fc5,3f21bc9aa919a6d8ea13eb0604dc0bb88fe7affc0c5c1d9e90e1c7113a3c5b44,171,10.090922351984663,3.1766212163216223,10.046721177478089,3.169656318511218,483,3.2744415000197478,"{""l2_regularization"": 10, ""learning_rate"": 0.1, ""max_leaf_nodes"": 31}","{""valid"": true, ""warnings"": []}","{""center"": -0.016526774418172928, ""normalized_MAD"": 0.09142549798419829}"
BAYC,TF-IDF,LightGBM,2024-07-01,2024-10-01,True,32662,1150,2022-01-01 00:03:36+00:00,2024-06-30 23:44:11+00:00,62211f883d58c592e36128d5845b4f9c92a3cc5df7a29c93d5253fed5f354fc5,3f21bc9aa919a6d8ea13eb0604dc0bb88fe7affc0c5c1d9e90e1c7113a3c5b44,171,10.09276313244025,3.176910941849055,10.051097306696624,3.1703465593995594,483,0.5195641000173055,"{""l2_regularization"": 1, ""learning_rate"": 0.05, ""max_leaf_nodes"": 15}","{""valid"": true, ""warnings"": []}","{""center"": -0.016526774418172928, ""normalized_MAD"": 0.09142549798419829}"
BAYC,TF-IDF,LightGBM,2024-07-01,2024-10-01,True,32662,1150,2022-01-01 00:03:36+00:00,2024-06-30 23:44:11+00:00,62211f883d58c592e36128d5845b4f9c92a3cc5df7a29c93d5253fed5f354fc5,3f21bc9aa919a6d8ea13eb0604dc0bb88fe7affc0c5c1d9e90e1c7113a3c5b44,171,10.09248959264155,3.1768678903349996,10.051182172932672,3.170359943749711,483,0.5649322999524884,"{""l2_regularization"": 10, ""learning_rate"": 0.05, ""max_leaf_nodes"": 15}","{""valid"": true, ""warnings"": []}","{""center"": -0.016526774418172928, ""normalized_MAD"": 0.09142549798419829}"
BAYC,TF-IDF,LightGBM,2024-07-01,2024-10-01,True,32662,1150,2022-01-01 00:03:36+00:00,2024-06-30 23:44:11+00:00,62211f883d58c592e36128d5845b4f9c92a3cc5df7a29c93d5253fed5f354fc5,3f21bc9aa919a6d8ea13eb0604dc0bb88fe7affc0c5c1d9e90e1c7113a3c5b44,171,10.092133736224635,3.1768118824105143,10.048269325845405,3.169900523020463,483,0.8675996999954805,"{""l2_regularization"": 1, ""learning_rate"": 0.05, ""max_leaf_nodes"": 31}","{""valid"": true, ""warnings"": []}","{""center"": -0.016526774418172928, ""normalized_MAD"": 0.09142549798419829}"
BAYC,TF-IDF,LightGBM,2024-07-01,2024-10-01,True,32662,1150,2022-01-01 00:03:36+00:00,2024-06-30 23:44:11+00:00,62211f883d58c592e36128d5845b4f9c92a3cc5df7a29c93d5253fed5f354fc5,3f21bc9aa919a6d8ea13eb0604dc0bb88fe7affc0c5c1d9e90e1c7113a3c5b44,171,10.093515708004418,3.1770293841896424,10.050058559367114,3.17018273280376,483,0.8702762000029907,"{""l2_regularization"": 10, ""learning_rate"": 0.05, ""max_leaf_nodes"": 31}","{""valid"": true, ""warnings"": []}","{""center"": -0.016526774418172928, ""normalized_MAD"": 0.09142549798419829}"
BAYC,TF-IDF,LightGBM,2024-07-01,2024-10-01,True,32662,1150,2022-01-01 00:03:36+00:00,2024-06-30 23:44:11+00:00,62211f883d58c592e36128d5845b4f9c92a3cc5df7a29c93d5253fed5f354fc5,3f21bc9aa919a6d8ea13eb0604dc0bb88fe7affc0c5c1d9e90e1c7113a3c5b44,171,10.092423359024643,3.176857465959819,10.048228489968434,3.169894081821731,483,0.4646765000070445,"{""l2_regularization"": 1, ""learning_rate"": 0.1, ""max_leaf_nodes"": 15}","{""valid"": true, ""warnings"": []}","{""center"": -0.016526774418172928, ""normalized_MAD"": 0.09142549798419829}"
BAYC,TF-IDF,LightGBM,2024-07-01,2024-10-01,True,32662,1150,2022-01-01 00:03:36+00:00,2024-06-30 23:44:11+00:00,62211f883d58c592e36128d5845b4f9c92a3cc5df7a29c93d5253fed5f354fc5,3f21bc9aa919a6d8ea13eb0604dc0bb88fe7affc0c5c1d9e90e1c7113a3c5b44,171,10.091806201847815,3.1767603311940005,10.04831657690779,3.1699079760945414,483,0.5096227999893017,"{""l2_regularization"": 10, ""learning_rate"": 0.1, ""max_leaf_nodes"": 15}","{""valid"": true, ""warnings"": []}","{""center"": -0.016526774418172928, ""normalized_MAD"": 0.09142549798419829}"
BAYC,TF-IDF,LightGBM,2024-07-01,2024-10-01,True,32662,1150,2022-01-01 00:03:36+00:00,2024-06-30 23:44:11+00:00,62211f883d58c592e36128d5845b4f9c92a3cc5df7a29c93d5253fed5f354fc5,3f21bc9aa919a6d8ea13eb0604dc0bb88fe7affc0c5c1d9e90e1c7113a3c5b44,171,10.091749745933972,3.176751445413061,10.046234787807482,3.1695795916505207,483,0.806056700006593,"{""l2_regularization"": 1, ""learning_rate"": 0.1, ""max_leaf_nodes"": 31}","{""valid"": true, ""warnings"": []}","{""center"": -0.016526774418172928, ""normalized_MAD"": 0.09142549798419829}"
BAYC,TF-IDF,LightGBM,2024-07-01,2024-10-01,True,32662,1150,2022-01-01 00:03:36+00:00,2024-06-30 23:44:11+00:00,62211f883d58c592e36128d5845b4f9c92a3cc5df7a29c93d5253fed5f354fc5,3f21bc9aa919a6d8ea13eb0604dc0bb88fe7affc0c5c1d9e90e1c7113a3c5b44,171,10.093115424538452,3.176966387064624,10.04815422852819,3.169882368247786,483,0.784641099977307,"{""l2_regularization"": 10, ""learning_rate"": 0.1, ""max_leaf_nodes"": 31}","{""valid"": true, ""warnings"": []}","{""center"": -0.016526774418172928, ""normalized_MAD"": 0.09142549798419829}"
BAYC,TF-IDF,OLS,2024-10-01,2025-01-01,True,33812,1394,2022-01-01 00:03:36+00:00,2024-09-30 23:18:35+00:00,3d3ad64d2add71848144ba16812e9b434ed81558014d00b266df24eb610b523c,ab1e410da0d8ab326d934e5105766786906864ee4f1afc6a7790a38146ede52f,171,0.10290986004056744,0.3207956671162618,0.09929762981239738,0.31511526432782877,676,0.22814649995416403,{},"{""valid"": true, ""warnings"": []}","{""center"": -0.01561203360892056, ""normalized_MAD"": 0.09146136686820992}"
BAYC,TF-IDF,Ridge,2024-10-01,2025-01-01,True,33812,1394,2022-01-01 00:03:36+00:00,2024-09-30 23:18:35+00:00,3d3ad64d2add71848144ba16812e9b434ed81558014d00b266df24eb610b523c,ab1e410da0d8ab326d934e5105766786906864ee4f1afc6a7790a38146ede52f,171,0.1029088307263432,0.32079406279783795,0.09929495187455253,0.315111015159027,676,0.046554100001230836,"{""alpha"": 0.01}","{""valid"": true, ""warnings"": []}","{""center"": -0.01561203360892056, ""normalized_MAD"": 0.09146136686820992}"
BAYC,TF-IDF,Ridge,2024-10-01,2025-01-01,True,33812,1394,2022-01-01 00:03:36+00:00,2024-09-30 23:18:35+00:00,3d3ad64d2add71848144ba16812e9b434ed81558014d00b266df24eb610b523c,ab1e410da0d8ab326d934e5105766786906864ee4f1afc6a7790a38146ede52f,171,0.10290007131692656,0.32078040980852707,0.09927196490311029,0.3150745386461913,676,0.04571789997862652,"{""alpha"": 0.1}","{""valid"": true, ""warnings"": []}","{""center"": -0.01561203360892056, ""normalized_MAD"": 0.09146136686820992}"
BAYC,TF-IDF,Ridge,2024-10-01,2025-01-01,True,33812,1394,2022-01-01 00:03:36+00:00,2024-09-30 23:18:35+00:00,3d3ad64d2add71848144ba16812e9b434ed81558014d00b266df24eb610b523c,ab1e410da0d8ab326d934e5105766786906864ee4f1afc6a7790a38146ede52f,171,0.10284783811079164,0.32069898364477495,0.09912181547379938,0.314836172435442,676,0.04604280000785366,"{""alpha"": 1}","{""valid"": true, ""warnings"": []}","{""center"": -0.01561203360892056, ""normalized_MAD"": 0.09146136686820992}"
BAYC,TF-IDF,Ridge,2024-10-01,2025-01-01,True,33812,1394,2022-01-01 00:03:36+00:00,2024-09-30 23:18:35+00:00,3d3ad64d2add71848144ba16812e9b434ed81558014d00b266df24eb610b523c,ab1e410da0d8ab326d934e5105766786906864ee4f1afc6a7790a38146ede52f,171,0.10287579095352303,0.3207425618054502,0.09903062780014309,0.3146913214566666,676,0.04498180001974106,"{""alpha"": 10}","{""valid"": true, ""warnings"": []}","{""center"": -0.01561203360892056, ""normalized_MAD"": 0.09146136686820992}"
BAYC,TF-IDF,Ridge,2024-10-01,2025-01-01,True,33812,1394,2022-01-01 00:03:36+00:00,2024-09-30 23:18:35+00:00,3d3ad64d2add71848144ba16812e9b434ed81558014d00b266df24eb610b523c,ab1e410da0d8ab326d934e5105766786906864ee4f1afc6a7790a38146ede52f,171,0.10296026103371024,0.32087421372511415,0.0991485804496482,0.3148786757620277,676,0.04612569999881089,"{""alpha"": 100}","{""valid"": true, ""warnings"": []}","{""center"": -0.01561203360892056, ""normalized_MAD"": 0.09146136686820992}"
BAYC,TF-IDF,Ridge,2024-10-01,2025-01-01,True,33812,1394,2022-01-01 00:03:36+00:00,2024-09-30 23:18:35+00:00,3d3ad64d2add71848144ba16812e9b434ed81558014d00b266df24eb610b523c,ab1e410da0d8ab326d934e5105766786906864ee4f1afc6a7790a38146ede52f,171,0.10296137464543531,0.3208759489981063,0.0993715408967708,0.31523251878061503,676,0.06924989999970421,"{""alpha"": 1000}","{""valid"": true, ""warnings"": []}","{""center"": -0.01561203360892056, ""normalized_MAD"": 0.09146136686820992}"
BAYC,TF-IDF,Ridge,2024-10-01,2025-01-01,True,33812,1394,2022-01-01 00:03:36+00:00,2024-09-30 23:18:35+00:00,3d3ad64d2add71848144ba16812e9b434ed81558014d00b266df24eb610b523c,ab1e410da0d8ab326d934e5105766786906864ee4f1afc6a7790a38146ede52f,171,0.10925770242258258,0.33054152904375356,0.11254204218228547,0.335472863555736,676,0.05291369999758899,"{""alpha"": 10000}","{""valid"": true, ""warnings"": []}","{""center"": -0.01561203360892056, ""normalized_MAD"": 0.09146136686820992}"
BAYC,TF-IDF,Ridge,2024-10-01,2025-01-01,True,33812,1394,2022-01-01 00:03:36+00:00,2024-09-30 23:18:35+00:00,3d3ad64d2add71848144ba16812e9b434ed81558014d00b266df24eb610b523c,ab1e410da0d8ab326d934e5105766786906864ee4f1afc6a7790a38146ede52f,171,0.12317987170513046,0.3509699014233706,0.13885414581361133,0.37263138060771445,676,0.04596089996630326,"{""alpha"": 100000}","{""valid"": true, ""warnings"": []}","{""center"": -0.01561203360892056, ""normalized_MAD"": 0.09146136686820992}"
BAYC,TF-IDF,Ridge,2024-10-01,2025-01-01,True,33812,1394,2022-01-01 00:03:36+00:00,2024-09-30 23:18:35+00:00,3d3ad64d2add71848144ba16812e9b434ed81558014d00b266df24eb610b523c,ab1e410da0d8ab326d934e5105766786906864ee4f1afc6a7790a38146ede52f,171,0.1264903219819459,0.3556547792198861,0.1445644303069844,0.38021629411031876,676,0.044753999973181635,"{""alpha"": 1000000}","{""valid"": true, ""warnings"": []}","{""center"": -0.01561203360892056, ""normalized_MAD"": 0.09146136686820992}"
BAYC,TF-IDF,ElasticNet,2024-10-01,2025-01-01,True,33812,1394,2022-01-01 00:03:36+00:00,2024-09-30 23:18:35+00:00,3d3ad64d2add71848144ba16812e9b434ed81558014d00b266df24eb610b523c,ab1e410da0d8ab326d934e5105766786906864ee4f1afc6a7790a38146ede52f,171,0.10297198526463004,0.32089248240591434,0.09916506253192456,0.3149048467901448,676,4.62556489999406,"{""alpha"": 0.001, ""l1_ratio"": 0.1}","{""valid"": true, ""warnings"": []}","{""center"": -0.01561203360892056, ""normalized_MAD"": 0.09146136686820992}"
BAYC,TF-IDF,ElasticNet,2024-10-01,2025-01-01,True,33812,1394,2022-01-01 00:03:36+00:00,2024-09-30 23:18:35+00:00,3d3ad64d2add71848144ba16812e9b434ed81558014d00b266df24eb610b523c,ab1e410da0d8ab326d934e5105766786906864ee4f1afc6a7790a38146ede52f,171,0.10295922254729038,0.320872595506831,0.0991929653177447,0.3149491471932329,676,2.0109039999661036,"{""alpha"": 0.001, ""l1_ratio"": 0.5}","{""valid"": true, ""warnings"": []}","{""center"": -0.01561203360892056, ""normalized_MAD"": 0.09146136686820992}"
BAYC,TF-IDF,ElasticNet,2024-10-01,2025-01-01,True,33812,1394,2022-01-01 00:03:36+00:00,2024-09-30 23:18:35+00:00,3d3ad64d2add71848144ba16812e9b434ed81558014d00b266df24eb610b523c,ab1e410da0d8ab326d934e5105766786906864ee4f1afc6a7790a38146ede52f,171,0.10295575910240765,0.32086719854545376,0.09923700767445781,0.315019059224133,676,0.5348403000389226,"{""alpha"": 0.001, ""l1_ratio"": 0.9}","{""valid"": true, ""warnings"": []}","{""center"": -0.01561203360892056, ""normalized_MAD"": 0.09146136686820992}"
BAYC,TF-IDF,ElasticNet,2024-10-01,2025-01-01,True,33812,1394,2022-01-01 00:03:36+00:00,2024-09-30 23:18:35+00:00,3d3ad64d2add71848144ba16812e9b434ed81558014d00b266df24eb610b523c,ab1e410da0d8ab326d934e5105766786906864ee4f1afc6a7790a38146ede52f,171,0.10296527712610883,0.3208820299208244,0.09933781430016404,0.3151790194479386,676,1.0299750000122003,"{""alpha"": 0.01, ""l1_ratio"": 0.1}","{""valid"": true, ""warnings"": []}","{""center"": -0.01561203360892056, ""normalized_MAD"": 0.09146136686820992}"
BAYC,TF-IDF,ElasticNet,2024-10-01,2025-01-01,True,33812,1394,2022-01-01 00:03:36+00:00,2024-09-30 23:18:35+00:00,3d3ad64d2add71848144ba16812e9b434ed81558014d00b266df24eb610b523c,ab1e410da0d8ab326d934e5105766786906864ee4f1afc6a7790a38146ede52f,171,0.10381228571590684,0.32219913984352416,0.10129993951730892,0.3182765142408546,676,0.23042050004005432,"{""alpha"": 0.01, ""l1_ratio"": 0.5}","{""valid"": true, ""warnings"": []}","{""center"": -0.01561203360892056, ""normalized_MAD"": 0.09146136686820992}"
BAYC,TF-IDF,ElasticNet,2024-10-01,2025-01-01,True,33812,1394,2022-01-01 00:03:36+00:00,2024-09-30 23:18:35+00:00,3d3ad64d2add71848144ba16812e9b434ed81558014d00b266df24eb610b523c,ab1e410da0d8ab326d934e5105766786906864ee4f1afc6a7790a38146ede52f,171,0.1054052012309266,0.3246616719462379,0.10450977069941593,0.3232797096933489,676,0.1301110999775119,"{""alpha"": 0.01, ""l1_ratio"": 0.9}","{""valid"": true, ""warnings"": []}","{""center"": -0.01561203360892056, ""normalized_MAD"": 0.09146136686820992}"
BAYC,TF-IDF,ElasticNet,2024-10-01,2025-01-01,True,33812,1394,2022-01-01 00:03:36+00:00,2024-09-30 23:18:35+00:00,3d3ad64d2add71848144ba16812e9b434ed81558014d00b266df24eb610b523c,ab1e410da0d8ab326d934e5105766786906864ee4f1afc6a7790a38146ede52f,171,0.1086628333617108,0.32964046074732817,0.11101505613870821,0.33318921972162935,676,0.10281849995953962,"{""alpha"": 0.1, ""l1_ratio"": 0.1}","{""valid"": true, ""warnings"": []}","{""center"": -0.01561203360892056, ""normalized_MAD"": 0.09146136686820992}"
BAYC,TF-IDF,ElasticNet,2024-10-01,2025-01-01,True,33812,1394,2022-01-01 00:03:36+00:00,2024-09-30 23:18:35+00:00,3d3ad64d2add71848144ba16812e9b434ed81558014d00b266df24eb610b523c,ab1e410da0d8ab326d934e5105766786906864ee4f1afc6a7790a38146ede52f,171,0.1223290254907979,0.3497556654162987,0.13639567506761524,0.36931785100048337,676,0.05515219998778775,"{""alpha"": 0.1, ""l1_ratio"": 0.5}","{""valid"": true, ""warnings"": []}","{""center"": -0.01561203360892056, ""normalized_MAD"": 0.09146136686820992}"
BAYC,TF-IDF,ElasticNet,2024-10-01,2025-01-01,True,33812,1394,2022-01-01 00:03:36+00:00,2024-09-30 23:18:35+00:00,3d3ad64d2add71848144ba16812e9b434ed81558014d00b266df24eb610b523c,ab1e410da0d8ab326d934e5105766786906864ee4f1afc6a7790a38146ede52f,171,0.12678434724938495,0.35606789696543123,0.14499660739670506,0.38078420056077045,676,0.053954700008034706,"{""alpha"": 0.1, ""l1_ratio"": 0.9}","{""valid"": true, ""warnings"": []}","{""center"": -0.01561203360892056, ""normalized_MAD"": 0.09146136686820992}"
BAYC,TF-IDF,ElasticNet,2024-10-01,2025-01-01,True,33812,1394,2022-01-01 00:03:36+00:00,2024-09-30 23:18:35+00:00,3d3ad64d2add71848144ba16812e9b434ed81558014d00b266df24eb610b523c,ab1e410da0d8ab326d934e5105766786906864ee4f1afc6a7790a38146ede52f,171,0.12698231198872084,0.3563457758816861,0.14539480567615973,0.3813067081447161,676,0.0348251000395976,"{""alpha"": 1, ""l1_ratio"": 0.1}","{""valid"": true, ""warnings"": []}","{""center"": -0.01561203360892056, ""normalized_MAD"": 0.09146136686820992}"
BAYC,TF-IDF,ElasticNet,2024-10-01,2025-01-01,True,33812,1394,2022-01-01 00:03:36+00:00,2024-09-30 23:18:35+00:00,3d3ad64d2add71848144ba16812e9b434ed81558014d00b266df24eb610b523c,ab1e410da0d8ab326d934e5105766786906864ee4f1afc6a7790a38146ede52f,171,0.12698231198872084,0.3563457758816861,0.14539480567615973,0.3813067081447161,676,0.0341904999804683,"{""alpha"": 1, ""l1_ratio"": 0.5}","{""valid"": true, ""warnings"": []}","{""center"": -0.01561203360892056, ""normalized_MAD"": 0.09146136686820992}"
BAYC,TF-IDF,ElasticNet,2024-10-01,2025-01-01,True,33812,1394,2022-01-01 00:03:36+00:00,2024-09-30 23:18:35+00:00,3d3ad64d2add71848144ba16812e9b434ed81558014d00b266df24eb610b523c,ab1e410da0d8ab326d934e5105766786906864ee4f1afc6a7790a38146ede52f,171,0.12698231198872084,0.3563457758816861,0.14539480567615973,0.3813067081447161,676,0.0342395999468863,"{""alpha"": 1, ""l1_ratio"": 0.9}","{""valid"": true, ""warnings"": []}","{""center"": -0.01561203360892056, ""normalized_MAD"": 0.09146136686820992}"
BAYC,TF-IDF,ElasticNet,2024-10-01,2025-01-01,True,33812,1394,2022-01-01 00:03:36+00:00,2024-09-30 23:18:35+00:00,3d3ad64d2add71848144ba16812e9b434ed81558014d00b266df24eb610b523c,ab1e410da0d8ab326d934e5105766786906864ee4f1afc6a7790a38146ede52f,171,0.12698231198872084,0.3563457758816861,0.14539480567615973,0.3813067081447161,676,0.03374909999547526,"{""alpha"": 10, ""l1_ratio"": 0.1}","{""valid"": true, ""warnings"": []}","{""center"": -0.01561203360892056, ""normalized_MAD"": 0.09146136686820992}"
BAYC,TF-IDF,ElasticNet,2024-10-01,2025-01-01,True,33812,1394,2022-01-01 00:03:36+00:00,2024-09-30 23:18:35+00:00,3d3ad64d2add71848144ba16812e9b434ed81558014d00b266df24eb610b523c,ab1e410da0d8ab326d934e5105766786906864ee4f1afc6a7790a38146ede52f,171,0.12698231198872084,0.3563457758816861,0.14539480567615973,0.3813067081447161,676,0.03796470002271235,"{""alpha"": 10, ""l1_ratio"": 0.5}","{""valid"": true, ""warnings"": []}","{""center"": -0.01561203360892056, ""normalized_MAD"": 0.09146136686820992}"
BAYC,TF-IDF,ElasticNet,2024-10-01,2025-01-01,True,33812,1394,2022-01-01 00:03:36+00:00,2024-09-30 23:18:35+00:00,3d3ad64d2add71848144ba16812e9b434ed81558014d00b266df24eb610b523c,ab1e410da0d8ab326d934e5105766786906864ee4f1afc6a7790a38146ede52f,171,0.12698231198872084,0.3563457758816861,0.14539480567615973,0.3813067081447161,676,0.037926599965430796,"{""alpha"": 10, ""l1_ratio"": 0.9}","{""valid"": true, ""warnings"": []}","{""center"": -0.01561203360892056, ""normalized_MAD"": 0.09146136686820992}"
BAYC,TF-IDF,PLS,2024-10-01,2025-01-01,True,33812,1394,2022-01-01 00:03:36+00:00,2024-09-30 23:18:35+00:00,3d3ad64d2add71848144ba16812e9b434ed81558014d00b266df24eb610b523c,ab1e410da0d8ab326d934e5105766786906864ee4f1afc6a7790a38146ede52f,171,0.10303300359550016,0.32098754429961945,0.09927258660636401,0.315075525241749,676,0.3057492999942042,"{""components"": 8}","{""valid"": true, ""warnings"": []}","{""center"": -0.01561203360892056, ""normalized_MAD"": 0.09146136686820992}"
BAYC,TF-IDF,PLS,2024-10-01,2025-01-01,True,33812,1394,2022-01-01 00:03:36+00:00,2024-09-30 23:18:35+00:00,3d3ad64d2add71848144ba16812e9b434ed81558014d00b266df24eb610b523c,ab1e410da0d8ab326d934e5105766786906864ee4f1afc6a7790a38146ede52f,171,0.10290987035361064,0.3207956831904236,0.09929769614597043,0.315115369580683,676,0.563167100015562,"{""components"": 16}","{""valid"": true, ""warnings"": []}","{""center"": -0.01561203360892056, ""normalized_MAD"": 0.09146136686820992}"
BAYC,TF-IDF,PLS,2024-10-01,2025-01-01,True,33812,1394,2022-01-01 00:03:36+00:00,2024-09-30 23:18:35+00:00,3d3ad64d2add71848144ba16812e9b434ed81558014d00b266df24eb610b523c,ab1e410da0d8ab326d934e5105766786906864ee4f1afc6a7790a38146ede52f,171,0.10290986004056683,0.32079566711626084,0.09929762981239591,0.31511526432782644,676,1.0991515999776311,"{""components"": 32}","{""valid"": true, ""warnings"": []}","{""center"": -0.01561203360892056, ""normalized_MAD"": 0.09146136686820992}"
BAYC,TF-IDF,PLS,2024-10-01,2025-01-01,True,33812,1394,2022-01-01 00:03:36+00:00,2024-09-30 23:18:35+00:00,3d3ad64d2add71848144ba16812e9b434ed81558014d00b266df24eb610b523c,ab1e410da0d8ab326d934e5105766786906864ee4f1afc6a7790a38146ede52f,171,0.10290755392722073,0.32079207273126426,0.0992927284084647,0.31510748707141933,676,2.157974799978547,"{""components"": 64}","{""valid"": true, ""warnings"": []}","{""center"": -0.01561203360892056, ""normalized_MAD"": 0.09146136686820992}"
BAYC,TF-IDF,LinearSVR,2024-10-01,2025-01-01,True,33812,1394,2022-01-01 00:03:36+00:00,2024-09-30 23:18:35+00:00,3d3ad64d2add71848144ba16812e9b434ed81558014d00b266df24eb610b523c,ab1e410da0d8ab326d934e5105766786906864ee4f1afc6a7790a38146ede52f,171,0.10313222046928609,0.32114205652527994,0.0994126328592801,0.3152976892704419,676,0.3050886999699287,"{""C"": 0.01, ""epsilon"": 0.1}","{""valid"": true, ""warnings"": []}","{""center"": -0.01561203360892056, ""normalized_MAD"": 0.09146136686820992}"
BAYC,TF-IDF,LinearSVR,2024-10-01,2025-01-01,True,33812,1394,2022-01-01 00:03:36+00:00,2024-09-30 23:18:35+00:00,3d3ad64d2add71848144ba16812e9b434ed81558014d00b266df24eb610b523c,ab1e410da0d8ab326d934e5105766786906864ee4f1afc6a7790a38146ede52f,171,0.10326890493655971,0.32135479603789907,0.09968316540734003,0.3157264091065871,676,0.2906572000356391,"{""C"": 0.01, ""epsilon"": 0.2}","{""valid"": true, ""warnings"": []}","{""center"": -0.01561203360892056, ""normalized_MAD"": 0.09146136686820992}"
BAYC,TF-IDF,LinearSVR,2024-10-01,2025-01-01,True,33812,1394,2022-01-01 00:03:36+00:00,2024-09-30 23:18:35+00:00,3d3ad64d2add71848144ba16812e9b434ed81558014d00b266df24eb610b523c,ab1e410da0d8ab326d934e5105766786906864ee4f1afc6a7790a38146ede52f,171,0.10305956712199695,0.3210289194480724,0.09936618299411772,0.3152240203317598,676,0.6137985999812372,"{""C"": 0.1, ""epsilon"": 0.1}","{""valid"": true, ""warnings"": []}","{""center"": -0.01561203360892056, ""normalized_MAD"": 0.09146136686820992}"
BAYC,TF-IDF,LinearSVR,2024-10-01,2025-01-01,True,33812,1394,2022-01-01 00:03:36+00:00,2024-09-30 23:18:35+00:00,3d3ad64d2add71848144ba16812e9b434ed81558014d00b266df24eb610b523c,ab1e410da0d8ab326d934e5105766786906864ee4f1afc6a7790a38146ede52f,171,0.10326848537764007,0.32135414324019546,0.09978097535978368,0.3158812678203373,676,0.639808300009463,"{""C"": 0.1, ""epsilon"": 0.2}","{""valid"": true, ""warnings"": []}","{""center"": -0.01561203360892056, ""normalized_MAD"": 0.09146136686820992}"
BAYC,TF-IDF,LinearSVR,2024-10-01,2025-01-01,True,33812,1394,2022-01-01 00:03:36+00:00,2024-09-30 23:18:35+00:00,3d3ad64d2add71848144ba16812e9b434ed81558014d00b266df24eb610b523c,ab1e410da0d8ab326d934e5105766786906864ee4f1afc6a7790a38146ede52f,171,0.10313116616086812,0.3211404150225694,0.09965184420997951,0.3156768034081369,676,0.8327233999734744,"{""C"": 1, ""epsilon"": 0.1}","{""valid"": true, ""warnings"": []}","{""center"": -0.01561203360892056, ""normalized_MAD"": 0.09146136686820992}"
BAYC,TF-IDF,LinearSVR,2024-10-01,2025-01-01,True,33812,1394,2022-01-01 00:03:36+00:00,2024-09-30 23:18:35+00:00,3d3ad64d2add71848144ba16812e9b434ed81558014d00b266df24eb610b523c,ab1e410da0d8ab326d934e5105766786906864ee4f1afc6a7790a38146ede52f,171,0.10340286154980839,0.32156315328378093,0.10021388212780188,0.3165657627220636,676,0.820083099999465,"{""C"": 1, ""epsilon"": 0.2}","{""valid"": true, ""warnings"": []}","{""center"": -0.01561203360892056, ""normalized_MAD"": 0.09146136686820992}"
BAYC,TF-IDF,HistGradientBoosting,2024-10-01,2025-01-01,True,33812,1394,2022-01-01 00:03:36+00:00,2024-09-30 23:18:35+00:00,3d3ad64d2add71848144ba16812e9b434ed81558014d00b266df24eb610b523c,ab1e410da0d8ab326d934e5105766786906864ee4f1afc6a7790a38146ede52f,171,0.11888680727692913,0.34479966252438404,0.13023320137088862,0.36087837476203616,676,2.5650111000286415,"{""l2_regularization"": 1, ""learning_rate"": 0.05, ""max_leaf_nodes"": 15}","{""valid"": true, ""warnings"": []}","{""center"": -0.01561203360892056, ""normalized_MAD"": 0.09146136686820992}"
BAYC,TF-IDF,HistGradientBoosting,2024-10-01,2025-01-01,True,33812,1394,2022-01-01 00:03:36+00:00,2024-09-30 23:18:35+00:00,3d3ad64d2add71848144ba16812e9b434ed81558014d00b266df24eb610b523c,ab1e410da0d8ab326d934e5105766786906864ee4f1afc6a7790a38146ede52f,171,0.11887323241163131,0.3447799768136649,0.13024123194693873,0.3608895010206569,676,2.7032329999492504,"{""l2_regularization"": 10, ""learning_rate"": 0.05, ""max_leaf_nodes"": 15}","{""valid"": true, ""warnings"": []}","{""center"": -0.01561203360892056, ""normalized_MAD"": 0.09146136686820992}"
BAYC,TF-IDF,HistGradientBoosting,2024-10-01,2025-01-01,True,33812,1394,2022-01-01 00:03:36+00:00,2024-09-30 23:18:35+00:00,3d3ad64d2add71848144ba16812e9b434ed81558014d00b266df24eb610b523c,ab1e410da0d8ab326d934e5105766786906864ee4f1afc6a7790a38146ede52f,171,0.11823251409566302,0.34384955154204144,0.12873980716077177,0.3588032987038605,676,3.781864700024016,"{""l2_regularization"": 1, ""learning_rate"": 0.05, ""max_leaf_nodes"": 31}","{""valid"": true, ""warnings"": []}","{""center"": -0.01561203360892056, ""normalized_MAD"": 0.09146136686820992}"
BAYC,TF-IDF,HistGradientBoosting,2024-10-01,2025-01-01,True,33812,1394,2022-01-01 00:03:36+00:00,2024-09-30 23:18:35+00:00,3d3ad64d2add71848144ba16812e9b434ed81558014d00b266df24eb610b523c,ab1e410da0d8ab326d934e5105766786906864ee4f1afc6a7790a38146ede52f,171,0.1180603878344418,0.3435991673948611,0.12869849149411142,0.35874571982688713,676,3.8621166000375524,"{""l2_regularization"": 10, ""learning_rate"": 0.05, ""max_leaf_nodes"": 31}","{""valid"": true, ""warnings"": []}","{""center"": -0.01561203360892056, ""normalized_MAD"": 0.09146136686820992}"
BAYC,TF-IDF,HistGradientBoosting,2024-10-01,2025-01-01,True,33812,1394,2022-01-01 00:03:36+00:00,2024-09-30 23:18:35+00:00,3d3ad64d2add71848144ba16812e9b434ed81558014d00b266df24eb610b523c,ab1e410da0d8ab326d934e5105766786906864ee4f1afc6a7790a38146ede52f,171,0.11820722516654975,0.34381277632826523,0.1288992996584355,0.35902548608481194,676,2.561114800046198,"{""l2_regularization"": 1, ""learning_rate"": 0.1, ""max_leaf_nodes"": 15}","{""valid"": true, ""warnings"": []}","{""center"": -0.01561203360892056, ""normalized_MAD"": 0.09146136686820992}"
BAYC,TF-IDF,HistGradientBoosting,2024-10-01,2025-01-01,True,33812,1394,2022-01-01 00:03:36+00:00,2024-09-30 23:18:35+00:00,3d3ad64d2add71848144ba16812e9b434ed81558014d00b266df24eb610b523c,ab1e410da0d8ab326d934e5105766786906864ee4f1afc6a7790a38146ede52f,171,0.11817132712453907,0.34376056656419895,0.12882457615058293,0.35892140664856276,676,2.5313837000285275,"{""l2_regularization"": 10, ""learning_rate"": 0.1, ""max_leaf_nodes"": 15}","{""valid"": true, ""warnings"": []}","{""center"": -0.01561203360892056, ""normalized_MAD"": 0.09146136686820992}"
BAYC,TF-IDF,HistGradientBoosting,2024-10-01,2025-01-01,True,33812,1394,2022-01-01 00:03:36+00:00,2024-09-30 23:18:35+00:00,3d3ad64d2add71848144ba16812e9b434ed81558014d00b266df24eb610b523c,ab1e410da0d8ab326d934e5105766786906864ee4f1afc6a7790a38146ede52f,171,0.11835757581946753,0.3440313587733937,0.12828048061781175,0.3581626454808091,676,3.4256839999579825,"{""l2_regularization"": 1, ""learning_rate"": 0.1, ""max_leaf_nodes"": 31}","{""valid"": true, ""warnings"": []}","{""center"": -0.01561203360892056, ""normalized_MAD"": 0.09146136686820992}"
BAYC,TF-IDF,HistGradientBoosting,2024-10-01,2025-01-01,True,33812,1394,2022-01-01 00:03:36+00:00,2024-09-30 23:18:35+00:00,3d3ad64d2add71848144ba16812e9b434ed81558014d00b266df24eb610b523c,ab1e410da0d8ab326d934e5105766786906864ee4f1afc6a7790a38146ede52f,171,0.1178571380809147,0.3433032742065166,0.12770293273457237,0.35735547111324933,676,3.573360499984119,"{""l2_regularization"": 10, ""learning_rate"": 0.1, ""max_leaf_nodes"": 31}","{""valid"": true, ""warnings"": []}","{""center"": -0.01561203360892056, ""normalized_MAD"": 0.09146136686820992}"
BAYC,TF-IDF,XGBoost,2024-10-01,2025-01-01,True,33812,1394,2022-01-01 00:03:36+00:00,2024-09-30 23:18:35+00:00,3d3ad64d2add71848144ba16812e9b434ed81558014d00b266df24eb610b523c,ab1e410da0d8ab326d934e5105766786906864ee4f1afc6a7790a38146ede52f,171,0.11896325083908094,0.34491049685256164,0.130203042428906,0.36083658687681053,676,2.252867100003641,"{""l2_regularization"": 1, ""learning_rate"": 0.05, ""max_leaf_nodes"": 15}","{""valid"": true, ""warnings"": []}","{""center"": -0.01561203360892056, ""normalized_MAD"": 0.09146136686820992}"
BAYC,TF-IDF,XGBoost,2024-10-01,2025-01-01,True,33812,1394,2022-01-01 00:03:36+00:00,2024-09-30 23:18:35+00:00,3d3ad64d2add71848144ba16812e9b434ed81558014d00b266df24eb610b523c,ab1e410da0d8ab326d934e5105766786906864ee4f1afc6a7790a38146ede52f,171,0.11887681317806566,0.34478516960284944,0.13023276979057416,0.36087777680341326,676,2.1534620999591425,"{""l2_regularization"": 10, ""learning_rate"": 0.05, ""max_leaf_nodes"": 15}","{""valid"": true, ""warnings"": []}","{""center"": -0.01561203360892056, ""normalized_MAD"": 0.09146136686820992}"
BAYC,TF-IDF,XGBoost,2024-10-01,2025-01-01,True,33812,1394,2022-01-01 00:03:36+00:00,2024-09-30 23:18:35+00:00,3d3ad64d2add71848144ba16812e9b434ed81558014d00b266df24eb610b523c,ab1e410da0d8ab326d934e5105766786906864ee4f1afc6a7790a38146ede52f,171,0.1182182054451574,0.3438287443556129,0.12854694607661607,0.35853444196703904,676,3.298625700001139,"{""l2_regularization"": 1, ""learning_rate"": 0.05, ""max_leaf_nodes"": 31}","{""valid"": true, ""warnings"": []}","{""center"": -0.01561203360892056, ""normalized_MAD"": 0.09146136686820992}"
BAYC,TF-IDF,XGBoost,2024-10-01,2025-01-01,True,33812,1394,2022-01-01 00:03:36+00:00,2024-09-30 23:18:35+00:00,3d3ad64d2add71848144ba16812e9b434ed81558014d00b266df24eb610b523c,ab1e410da0d8ab326d934e5105766786906864ee4f1afc6a7790a38146ede52f,171,0.11822112417883932,0.34383298878792784,0.12850381196567404,0.3584742835485888,676,3.520042399992235,"{""l2_regularization"": 10, ""learning_rate"": 0.05, ""max_leaf_nodes"": 31}","{""valid"": true, ""warnings"": []}","{""center"": -0.01561203360892056, ""normalized_MAD"": 0.09146136686820992}"
BAYC,TF-IDF,XGBoost,2024-10-01,2025-01-01,True,33812,1394,2022-01-01 00:03:36+00:00,2024-09-30 23:18:35+00:00,3d3ad64d2add71848144ba16812e9b434ed81558014d00b266df24eb610b523c,ab1e410da0d8ab326d934e5105766786906864ee4f1afc6a7790a38146ede52f,171,0.1185176085420078,0.34426386470555953,0.12875319610866695,0.3588219560013949,676,2.0397617999697104,"{""l2_regularization"": 1, ""learning_rate"": 0.1, ""max_leaf_nodes"": 15}","{""valid"": true, ""warnings"": []}","{""center"": -0.01561203360892056, ""normalized_MAD"": 0.09146136686820992}"
BAYC,TF-IDF,XGBoost,2024-10-01,2025-01-01,True,33812,1394,2022-01-01 00:03:36+00:00,2024-09-30 23:18:35+00:00,3d3ad64d2add71848144ba16812e9b434ed81558014d00b266df24eb610b523c,ab1e410da0d8ab326d934e5105766786906864ee4f1afc6a7790a38146ede52f,171,0.11826838146100116,0.34390170319584223,0.12895895858697534,0.3591085610048518,676,2.1019504999858327,"{""l2_regularization"": 10, ""learning_rate"": 0.1, ""max_leaf_nodes"": 15}","{""valid"": true, ""warnings"": []}","{""center"": -0.01561203360892056, ""normalized_MAD"": 0.09146136686820992}"
BAYC,TF-IDF,XGBoost,2024-10-01,2025-01-01,True,33812,1394,2022-01-01 00:03:36+00:00,2024-09-30 23:18:35+00:00,3d3ad64d2add71848144ba16812e9b434ed81558014d00b266df24eb610b523c,ab1e410da0d8ab326d934e5105766786906864ee4f1afc6a7790a38146ede52f,171,0.11803574006658585,0.34356329848600803,0.12764792596184113,0.3572784991597467,676,3.1931487999972887,"{""l2_regularization"": 1, ""learning_rate"": 0.1, ""max_leaf_nodes"": 31}","{""valid"": true, ""warnings"": []}","{""center"": -0.01561203360892056, ""normalized_MAD"": 0.09146136686820992}"
BAYC,TF-IDF,XGBoost,2024-10-01,2025-01-01,True,33812,1394,2022-01-01 00:03:36+00:00,2024-09-30 23:18:35+00:00,3d3ad64d2add71848144ba16812e9b434ed81558014d00b266df24eb610b523c,ab1e410da0d8ab326d934e5105766786906864ee4f1afc6a7790a38146ede52f,171,0.118018218216363,0.3435377973620414,0.12758600705211687,0.3571918350860177,676,3.424258000042755,"{""l2_regularization"": 10, ""learning_rate"": 0.1, ""max_leaf_nodes"": 31}","{""valid"": true, ""warnings"": []}","{""center"": -0.01561203360892056, ""normalized_MAD"": 0.09146136686820992}"
BAYC,TF-IDF,LightGBM,2024-10-01,2025-01-01,True,33812,1394,2022-01-01 00:03:36+00:00,2024-09-30 23:18:35+00:00,3d3ad64d2add71848144ba16812e9b434ed81558014d00b266df24eb610b523c,ab1e410da0d8ab326d934e5105766786906864ee4f1afc6a7790a38146ede52f,171,0.11873413826624384,0.34457820341142276,0.12994473614324514,0.36047848221945944,676,0.535496799973771,"{""l2_regularization"": 1, ""learning_rate"": 0.05, ""max_leaf_nodes"": 15}","{""valid"": true, ""warnings"": []}","{""center"": -0.01561203360892056, ""normalized_MAD"": 0.09146136686820992}"
BAYC,TF-IDF,LightGBM,2024-10-01,2025-01-01,True,33812,1394,2022-01-01 00:03:36+00:00,2024-09-30 23:18:35+00:00,3d3ad64d2add71848144ba16812e9b434ed81558014d00b266df24eb610b523c,ab1e410da0d8ab326d934e5105766786906864ee4f1afc6a7790a38146ede52f,171,0.11881739333451037,0.3446989894596594,0.13011499691537773,0.3607145643238955,676,0.5487539999885485,"{""l2_regularization"": 10, ""learning_rate"": 0.05, ""max_leaf_nodes"": 15}","{""valid"": true, ""warnings"": []}","{""center"": -0.01561203360892056, ""normalized_MAD"": 0.09146136686820992}"
BAYC,TF-IDF,LightGBM,2024-10-01,2025-01-01,True,33812,1394,2022-01-01 00:03:36+00:00,2024-09-30 23:18:35+00:00,3d3ad64d2add71848144ba16812e9b434ed81558014d00b266df24eb610b523c,ab1e410da0d8ab326d934e5105766786906864ee4f1afc6a7790a38146ede52f,171,0.118250879830136,0.34387625656642246,0.12850809640161018,0.35848025943085093,676,0.869920999975875,"{""l2_regularization"": 1, ""learning_rate"": 0.05, ""max_leaf_nodes"": 31}","{""valid"": true, ""warnings"": []}","{""center"": -0.01561203360892056, ""normalized_MAD"": 0.09146136686820992}"
BAYC,TF-IDF,LightGBM,2024-10-01,2025-01-01,True,33812,1394,2022-01-01 00:03:36+00:00,2024-09-30 23:18:35+00:00,3d3ad64d2add71848144ba16812e9b434ed81558014d00b266df24eb610b523c,ab1e410da0d8ab326d934e5105766786906864ee4f1afc6a7790a38146ede52f,171,0.11809861793568917,0.3436547947223917,0.12844343254785484,0.358390056429939,676,0.8984391000121832,"{""l2_regularization"": 10, ""learning_rate"": 0.05, ""max_leaf_nodes"": 31}","{""valid"": true, ""warnings"": []}","{""center"": -0.01561203360892056, ""normalized_MAD"": 0.09146136686820992}"
BAYC,TF-IDF,LightGBM,2024-10-01,2025-01-01,True,33812,1394,2022-01-01 00:03:36+00:00,2024-09-30 23:18:35+00:00,3d3ad64d2add71848144ba16812e9b434ed81558014d00b266df24eb610b523c,ab1e410da0d8ab326d934e5105766786906864ee4f1afc6a7790a38146ede52f,171,0.11839592094720461,0.34408708337745636,0.1289243229656797,0.35906033332252074,676,0.46690709999529645,"{""l2_regularization"": 1, ""learning_rate"": 0.1, ""max_leaf_nodes"": 15}","{""valid"": true, ""warnings"": []}","{""center"": -0.01561203360892056, ""normalized_MAD"": 0.09146136686820992}"
BAYC,TF-IDF,LightGBM,2024-10-01,2025-01-01,True,33812,1394,2022-01-01 00:03:36+00:00,2024-09-30 23:18:35+00:00,3d3ad64d2add71848144ba16812e9b434ed81558014d00b266df24eb610b523c,ab1e410da0d8ab326d934e5105766786906864ee4f1afc6a7790a38146ede52f,171,0.1181331336911517,0.34370500969749,0.12867666125708205,0.3587152927560826,676,0.47374059999128804,"{""l2_regularization"": 10, ""learning_rate"": 0.1, ""max_leaf_nodes"": 15}","{""valid"": true, ""warnings"": []}","{""center"": -0.01561203360892056, ""normalized_MAD"": 0.09146136686820992}"
BAYC,TF-IDF,LightGBM,2024-10-01,2025-01-01,True,33812,1394,2022-01-01 00:03:36+00:00,2024-09-30 23:18:35+00:00,3d3ad64d2add71848144ba16812e9b434ed81558014d00b266df24eb610b523c,ab1e410da0d8ab326d934e5105766786906864ee4f1afc6a7790a38146ede52f,171,0.11830659510828623,0.34395725767642443,0.12817810541541486,0.35801969975884684,676,0.7914976000320166,"{""l2_regularization"": 1, ""learning_rate"": 0.1, ""max_leaf_nodes"": 31}","{""valid"": true, ""warnings"": []}","{""center"": -0.01561203360892056, ""normalized_MAD"": 0.09146136686820992}"
BAYC,TF-IDF,LightGBM,2024-10-01,2025-01-01,True,33812,1394,2022-01-01 00:03:36+00:00,2024-09-30 23:18:35+00:00,3d3ad64d2add71848144ba16812e9b434ed81558014d00b266df24eb610b523c,ab1e410da0d8ab326d934e5105766786906864ee4f1afc6a7790a38146ede52f,171,0.11769984599834941,0.3430741115245355,0.12725112324415264,0.35672275403196896,676,0.8396695000119507,"{""l2_regularization"": 10, ""learning_rate"": 0.1, ""max_leaf_nodes"": 31}","{""valid"": true, ""warnings"": []}","{""center"": -0.01561203360892056, ""normalized_MAD"": 0.09146136686820992}"
MAYC,one-hot,OLS,2024-04-01,2024-07-01,True,78986,10092,2022-01-01 00:14:11+00:00,2024-03-31 23:49:35+00:00,424cf5fdbc8059afa0385892e69a8fdc117e498ad2c2894c9268d72ce691bbd1,cc4a9cfb555557792e9e69fa7b1c46abc6faf9810c0f00c335f4458b4677451a,341,0.04796797173666369,0.21901591662859504,0.06956774482256092,0.26375698061389946,1471,1.3472350999945775,{},"{""valid"": true, ""warnings"": []}","{""center"": -0.027669749419250753, ""normalized_MAD"": 0.07982589320650707}"
MAYC,one-hot,Ridge,2024-04-01,2024-07-01,True,78986,10092,2022-01-01 00:14:11+00:00,2024-03-31 23:49:35+00:00,424cf5fdbc8059afa0385892e69a8fdc117e498ad2c2894c9268d72ce691bbd1,cc4a9cfb555557792e9e69fa7b1c46abc6faf9810c0f00c335f4458b4677451a,341,0.047967971649988964,0.2190159164307219,0.06956774499262978,0.26375698093629635,1471,0.2757092000101693,"{""alpha"": 0.01}","{""valid"": true, ""warnings"": []}","{""center"": -0.027669749419250753, ""normalized_MAD"": 0.07982589320650707}"
MAYC,one-hot,Ridge,2024-04-01,2024-07-01,True,78986,10092,2022-01-01 00:14:11+00:00,2024-03-31 23:49:35+00:00,424cf5fdbc8059afa0385892e69a8fdc117e498ad2c2894c9268d72ce691bbd1,cc4a9cfb555557792e9e69fa7b1c46abc6faf9810c0f00c335f4458b4677451a,341,0.0479679708699266,0.21901591464988704,0.06956774652327599,0.26375698383791846,1471,0.2813983999658376,"{""alpha"": 0.1}","{""valid"": true, ""warnings"": []}","{""center"": -0.027669749419250753, ""normalized_MAD"": 0.07982589320650707}"
MAYC,one-hot,Ridge,2024-04-01,2024-07-01,True,78986,10092,2022-01-01 00:14:11+00:00,2024-03-31 23:49:35+00:00,424cf5fdbc8059afa0385892e69a8fdc117e498ad2c2894c9268d72ce691bbd1,cc4a9cfb555557792e9e69fa7b1c46abc6faf9810c0f00c335f4458b4677451a,341,0.04796796307033889,0.21901589684390238,0.0695677618323425,0.2637570128590755,1471,0.2802164999884553,"{""alpha"": 1}","{""valid"": true, ""warnings"": []}","{""center"": -0.027669749419250753, ""normalized_MAD"": 0.07982589320650707}"
MAYC,one-hot,Ridge,2024-04-01,2024-07-01,True,78986,10092,2022-01-01 00:14:11+00:00,2024-03-31 23:49:35+00:00,424cf5fdbc8059afa0385892e69a8fdc117e498ad2c2894c9268d72ce691bbd1,cc4a9cfb555557792e9e69fa7b1c46abc6faf9810c0f00c335f4458b4677451a,341,0.047967885177956096,0.21901571902024772,0.06956791518326243,0.2637573035638301,1471,0.2762990000192076,"{""alpha"": 10}","{""valid"": true, ""warnings"": []}","{""center"": -0.027669749419250753, ""normalized_MAD"": 0.07982589320650707}"
MAYC,one-hot,Ridge,2024-04-01,2024-07-01,True,78986,10092,2022-01-01 00:14:11+00:00,2024-03-31 23:49:35+00:00,424cf5fdbc8059afa0385892e69a8fdc117e498ad2c2894c9268d72ce691bbd1,cc4a9cfb555557792e9e69fa7b1c46abc6faf9810c0f00c335f4458b4677451a,341,0.04796711653321838,0.21901396424250757,0.06956947452116059,0.2637602595562125,1471,0.2775423999992199,"{""alpha"": 100}","{""valid"": true, ""warnings"": []}","{""center"": -0.027669749419250753, ""normalized_MAD"": 0.07982589320650707}"
MAYC,one-hot,Ridge,2024-04-01,2024-07-01,True,78986,10092,2022-01-01 00:14:11+00:00,2024-03-31 23:49:35+00:00,424cf5fdbc8059afa0385892e69a8fdc117e498ad2c2894c9268d72ce691bbd1,cc4a9cfb555557792e9e69fa7b1c46abc6faf9810c0f00c335f4458b4677451a,341,0.04796039264241266,0.21899861333445164,0.06958746777709875,0.2637943664620205,1471,0.25446830003056675,"{""alpha"": 1000}","{""valid"": true, ""warnings"": []}","{""center"": -0.027669749419250753, ""normalized_MAD"": 0.07982589320650707}"
MAYC,one-hot,Ridge,2024-04-01,2024-07-01,True,78986,10092,2022-01-01 00:14:11+00:00,2024-03-31 23:49:35+00:00,424cf5fdbc8059afa0385892e69a8fdc117e498ad2c2894c9268d72ce691bbd1,cc4a9cfb555557792e9e69fa7b1c46abc6faf9810c0f00c335f4458b4677451a,341,0.047951010204852075,0.21897719106074057,0.06989963908671534,0.2643853987774577,1471,0.24228400003630668,"{""alpha"": 10000}","{""valid"": true, ""warnings"": []}","{""center"": -0.027669749419250753, ""normalized_MAD"": 0.07982589320650707}"
MAYC,one-hot,Ridge,2024-04-01,2024-07-01,True,78986,10092,2022-01-01 00:14:11+00:00,2024-03-31 23:49:35+00:00,424cf5fdbc8059afa0385892e69a8fdc117e498ad2c2894c9268d72ce691bbd1,cc4a9cfb555557792e9e69fa7b1c46abc6faf9810c0f00c335f4458b4677451a,341,0.048370596825753974,0.21993316445173514,0.0727234403142537,0.2696728394077789,1471,0.2384600000223145,"{""alpha"": 100000}","{""valid"": true, ""warnings"": []}","{""center"": -0.027669749419250753, ""normalized_MAD"": 0.07982589320650707}"
MAYC,one-hot,Ridge,2024-04-01,2024-07-01,True,78986,10092,2022-01-01 00:14:11+00:00,2024-03-31 23:49:35+00:00,424cf5fdbc8059afa0385892e69a8fdc117e498ad2c2894c9268d72ce691bbd1,cc4a9cfb555557792e9e69fa7b1c46abc6faf9810c0f00c335f4458b4677451a,341,0.049339420826287575,0.22212478660943621,0.07745227773580618,0.27830249322599715,1471,0.25127000000793487,"{""alpha"": 1000000}","{""valid"": true, ""warnings"": []}","{""center"": -0.027669749419250753, ""normalized_MAD"": 0.07982589320650707}"
MAYC,one-hot,ElasticNet,2024-04-01,2024-07-01,True,78986,10092,2022-01-01 00:14:11+00:00,2024-03-31 23:49:35+00:00,424cf5fdbc8059afa0385892e69a8fdc117e498ad2c2894c9268d72ce691bbd1,cc4a9cfb555557792e9e69fa7b1c46abc6faf9810c0f00c335f4458b4677451a,341,0.047959165906760304,0.21899581253247813,0.06956958396946038,0.26376046703298883,1471,54.710973100038245,"{""alpha"": 0.001, ""l1_ratio"": 0.1}","{""valid"": true, ""warnings"": []}","{""center"": -0.027669749419250753, ""normalized_MAD"": 0.07982589320650707}"
MAYC,one-hot,ElasticNet,2024-04-01,2024-07-01,True,78986,10092,2022-01-01 00:14:11+00:00,2024-03-31 23:49:35+00:00,424cf5fdbc8059afa0385892e69a8fdc117e498ad2c2894c9268d72ce691bbd1,cc4a9cfb555557792e9e69fa7b1c46abc6faf9810c0f00c335f4458b4677451a,341,0.0479265959608754,0.21892143787412735,0.06957731734667932,0.26377512647457746,1471,53.660942399990745,"{""alpha"": 0.001, ""l1_ratio"": 0.5}","{""valid"": true, ""warnings"": []}","{""center"": -0.027669749419250753, ""normalized_MAD"": 0.07982589320650707}"
MAYC,one-hot,ElasticNet,2024-04-01,2024-07-01,True,78986,10092,2022-01-01 00:14:11+00:00,2024-03-31 23:49:35+00:00,424cf5fdbc8059afa0385892e69a8fdc117e498ad2c2894c9268d72ce691bbd1,cc4a9cfb555557792e9e69fa7b1c46abc6faf9810c0f00c335f4458b4677451a,341,0.04789842941650297,0.2188570981633974,0.0695909867905306,0.26380103637122165,1471,5.577836499956902,"{""alpha"": 0.001, ""l1_ratio"": 0.9}","{""valid"": true, ""warnings"": []}","{""center"": -0.027669749419250753, ""normalized_MAD"": 0.07982589320650707}"
MAYC,one-hot,ElasticNet,2024-04-01,2024-07-01,True,78986,10092,2022-01-01 00:14:11+00:00,2024-03-31 23:49:35+00:00,424cf5fdbc8059afa0385892e69a8fdc117e498ad2c2894c9268d72ce691bbd1,cc4a9cfb555557792e9e69fa7b1c46abc6faf9810c0f00c335f4458b4677451a,341,0.04789294153104491,0.2188445602043718,0.06962100773596659,0.2638579309703739,1471,8.172773000027519,"{""alpha"": 0.01, ""l1_ratio"": 0.1}","{""valid"": true, ""warnings"": []}","{""center"": -0.027669749419250753, ""normalized_MAD"": 0.07982589320650707}"
MAYC,one-hot,ElasticNet,2024-04-01,2024-07-01,True,78986,10092,2022-01-01 00:14:11+00:00,2024-03-31 23:49:35+00:00,424cf5fdbc8059afa0385892e69a8fdc117e498ad2c2894c9268d72ce691bbd1,cc4a9cfb555557792e9e69fa7b1c46abc6faf9810c0f00c335f4458b4677451a,341,0.047740102947561126,0.21849508678128468,0.06998144895878419,0.2645400706108324,1471,9.066154600004666,"{""alpha"": 0.01, ""l1_ratio"": 0.5}","{""valid"": true, ""warnings"": []}","{""center"": -0.027669749419250753, ""normalized_MAD"": 0.07982589320650707}"
MAYC,one-hot,ElasticNet,2024-04-01,2024-07-01,True,78986,10092,2022-01-01 00:14:11+00:00,2024-03-31 23:49:35+00:00,424cf5fdbc8059afa0385892e69a8fdc117e498ad2c2894c9268d72ce691bbd1,cc4a9cfb555557792e9e69fa7b1c46abc6faf9810c0f00c335f4458b4677451a,341,0.047773925707343234,0.21857247243727476,0.07066423444379452,0.2658274523893169,1471,25.48839420004515,"{""alpha"": 0.01, ""l1_ratio"": 0.9}","{""valid"": true, ""warnings"": []}","{""center"": -0.027669749419250753, ""normalized_MAD"": 0.07982589320650707}"
MAYC,one-hot,ElasticNet,2024-04-01,2024-07-01,True,78986,10092,2022-01-01 00:14:11+00:00,2024-03-31 23:49:35+00:00,424cf5fdbc8059afa0385892e69a8fdc117e498ad2c2894c9268d72ce691bbd1,cc4a9cfb555557792e9e69fa7b1c46abc6faf9810c0f00c335f4458b4677451a,341,0.04789520085540327,0.21884972208207912,0.07125403688160437,0.26693451796574447,1471,1.0592753000091761,"{""alpha"": 0.1, ""l1_ratio"": 0.1}","{""valid"": true, ""warnings"": []}","{""center"": -0.027669749419250753, ""normalized_MAD"": 0.07982589320650707}"
MAYC,one-hot,ElasticNet,2024-04-01,2024-07-01,True,78986,10092,2022-01-01 00:14:11+00:00,2024-03-31 23:49:35+00:00,424cf5fdbc8059afa0385892e69a8fdc117e498ad2c2894c9268d72ce691bbd1,cc4a9cfb555557792e9e69fa7b1c46abc6faf9810c0f00c335f4458b4677451a,341,0.04873724512023177,0.22076513565377973,0.07494381795484506,0.273758685624484,1471,1.2503934999695048,"{""alpha"": 0.1, ""l1_ratio"": 0.5}","{""valid"": true, ""warnings"": []}","{""center"": -0.027669749419250753, ""normalized_MAD"": 0.07982589320650707}"
MAYC,one-hot,ElasticNet,2024-04-01,2024-07-01,True,78986,10092,2022-01-01 00:14:11+00:00,2024-03-31 23:49:35+00:00,424cf5fdbc8059afa0385892e69a8fdc117e498ad2c2894c9268d72ce691bbd1,cc4a9cfb555557792e9e69fa7b1c46abc6faf9810c0f00c335f4458b4677451a,341,0.04893118916962852,0.22120395378389718,0.07578326037062787,0.2752875957442105,1471,3.605207699991297,"{""alpha"": 0.1, ""l1_ratio"": 0.9}","{""valid"": true, ""warnings"": []}","{""center"": -0.027669749419250753, ""normalized_MAD"": 0.07982589320650707}"
MAYC,one-hot,ElasticNet,2024-04-01,2024-07-01,True,78986,10092,2022-01-01 00:14:11+00:00,2024-03-31 23:49:35+00:00,424cf5fdbc8059afa0385892e69a8fdc117e498ad2c2894c9268d72ce691bbd1,cc4a9cfb555557792e9e69fa7b1c46abc6faf9810c0f00c335f4458b4677451a,341,0.04926294986994481,0.22195258473364263,0.07721837469095101,0.27788194380159176,1471,0.2579311999725178,"{""alpha"": 1, ""l1_ratio"": 0.1}","{""valid"": true, ""warnings"": []}","{""center"": -0.027669749419250753, ""normalized_MAD"": 0.07982589320650707}"
MAYC,one-hot,ElasticNet,2024-04-01,2024-07-01,True,78986,10092,2022-01-01 00:14:11+00:00,2024-03-31 23:49:35+00:00,424cf5fdbc8059afa0385892e69a8fdc117e498ad2c2894c9268d72ce691bbd1,cc4a9cfb555557792e9e69fa7b1c46abc6faf9810c0f00c335f4458b4677451a,341,0.0499845596003089,0.2235722693007988,0.08017253262075877,0.2831475456732033,1471,0.1411649000365287,"{""alpha"": 1, ""l1_ratio"": 0.5}","{""valid"": true, ""warnings"": []}","{""center"": -0.027669749419250753, ""normalized_MAD"": 0.07982589320650707}"
MAYC,one-hot,ElasticNet,2024-04-01,2024-07-01,True,78986,10092,2022-01-01 00:14:11+00:00,2024-03-31 23:49:35+00:00,424cf5fdbc8059afa0385892e69a8fdc117e498ad2c2894c9268d72ce691bbd1,cc4a9cfb555557792e9e69fa7b1c46abc6faf9810c0f00c335f4458b4677451a,341,0.0499845596003089,0.2235722693007988,0.08017253262075877,0.2831475456732033,1471,0.1415067999623716,"{""alpha"": 1, ""l1_ratio"": 0.9}","{""valid"": true, ""warnings"": []}","{""center"": -0.027669749419250753, ""normalized_MAD"": 0.07982589320650707}"
MAYC,one-hot,ElasticNet,2024-04-01,2024-07-01,True,78986,10092,2022-01-01 00:14:11+00:00,2024-03-31 23:49:35+00:00,424cf5fdbc8059afa0385892e69a8fdc117e498ad2c2894c9268d72ce691bbd1,cc4a9cfb555557792e9e69fa7b1c46abc6faf9810c0f00c335f4458b4677451a,341,0.0499845596003089,0.2235722693007988,0.08017253262075877,0.2831475456732033,1471,0.14163169998209924,"{""alpha"": 10, ""l1_ratio"": 0.1}","{""valid"": true, ""warnings"": []}","{""center"": -0.027669749419250753, ""normalized_MAD"": 0.07982589320650707}"
MAYC,one-hot,ElasticNet,2024-04-01,2024-07-01,True,78986,10092,2022-01-01 00:14:11+00:00,2024-03-31 23:49:35+00:00,424cf5fdbc8059afa0385892e69a8fdc117e498ad2c2894c9268d72ce691bbd1,cc4a9cfb555557792e9e69fa7b1c46abc6faf9810c0f00c335f4458b4677451a,341,0.0499845596003089,0.2235722693007988,0.08017253262075877,0.2831475456732033,1471,0.1420646000187844,"{""alpha"": 10, ""l1_ratio"": 0.5}","{""valid"": true, ""warnings"": []}","{""center"": -0.027669749419250753, ""normalized_MAD"": 0.07982589320650707}"
MAYC,one-hot,ElasticNet,2024-04-01,2024-07-01,True,78986,10092,2022-01-01 00:14:11+00:00,2024-03-31 23:49:35+00:00,424cf5fdbc8059afa0385892e69a8fdc117e498ad2c2894c9268d72ce691bbd1,cc4a9cfb555557792e9e69fa7b1c46abc6faf9810c0f00c335f4458b4677451a,341,0.0499845596003089,0.2235722693007988,0.08017253262075877,0.2831475456732033,1471,0.14174849999835715,"{""alpha"": 10, ""l1_ratio"": 0.9}","{""valid"": true, ""warnings"": []}","{""center"": -0.027669749419250753, ""normalized_MAD"": 0.07982589320650707}"
MAYC,one-hot,PLS,2024-04-01,2024-07-01,True,78986,10092,2022-01-01 00:14:11+00:00,2024-03-31 23:49:35+00:00,424cf5fdbc8059afa0385892e69a8fdc117e498ad2c2894c9268d72ce691bbd1,cc4a9cfb555557792e9e69fa7b1c46abc6faf9810c0f00c335f4458b4677451a,341,0.04796808562147214,0.21901617662052303,0.06957046265089957,0.26376213270843024,1471,1.3807511999621056,"{""components"": 8}","{""valid"": true, ""warnings"": []}","{""center"": -0.027669749419250753, ""normalized_MAD"": 0.07982589320650707}"
MAYC,one-hot,PLS,2024-04-01,2024-07-01,True,78986,10092,2022-01-01 00:14:11+00:00,2024-03-31 23:49:35+00:00,424cf5fdbc8059afa0385892e69a8fdc117e498ad2c2894c9268d72ce691bbd1,cc4a9cfb555557792e9e69fa7b1c46abc6faf9810c0f00c335f4458b4677451a,341,0.047967976700934424,0.2190159279617225,0.06956775414331251,0.26375699828310245,1471,2.754944200045429,"{""components"": 16}","{""valid"": true, ""warnings"": []}","{""center"": -0.027669749419250753, ""normalized_MAD"": 0.07982589320650707}"
MAYC,one-hot,PLS,2024-04-01,2024-07-01,True,78986,10092,2022-01-01 00:14:11+00:00,2024-03-31 23:49:35+00:00,424cf5fdbc8059afa0385892e69a8fdc117e498ad2c2894c9268d72ce691bbd1,cc4a9cfb555557792e9e69fa7b1c46abc6faf9810c0f00c335f4458b4677451a,341,0.04796797173666372,0.2190159166285951,0.06956774482256094,0.26375698061389946,1471,5.238272699993104,"{""components"": 32}","{""valid"": true, ""warnings"": []}","{""center"": -0.027669749419250753, ""normalized_MAD"": 0.07982589320650707}"
MAYC,one-hot,PLS,2024-04-01,2024-07-01,True,78986,10092,2022-01-01 00:14:11+00:00,2024-03-31 23:49:35+00:00,424cf5fdbc8059afa0385892e69a8fdc117e498ad2c2894c9268d72ce691bbd1,cc4a9cfb555557792e9e69fa7b1c46abc6faf9810c0f00c335f4458b4677451a,341,0.04796797173666371,0.21901591662859507,0.06956774482256095,0.26375698061389946,1471,10.570884999993723,"{""components"": 64}","{""valid"": true, ""warnings"": []}","{""center"": -0.027669749419250753, ""normalized_MAD"": 0.07982589320650707}"
MAYC,one-hot,LinearSVR,2024-04-01,2024-07-01,True,78986,10092,2022-01-01 00:14:11+00:00,2024-03-31 23:49:35+00:00,424cf5fdbc8059afa0385892e69a8fdc117e498ad2c2894c9268d72ce691bbd1,cc4a9cfb555557792e9e69fa7b1c46abc6faf9810c0f00c335f4458b4677451a,341,0.04802594275027718,0.21914822096078532,0.06970964573118327,0.26402584292296705,1471,1.6252362999948673,"{""C"": 0.01, ""epsilon"": 0.1}","{""valid"": true, ""warnings"": []}","{""center"": -0.027669749419250753, ""normalized_MAD"": 0.07982589320650707}"
MAYC,one-hot,LinearSVR,2024-04-01,2024-07-01,True,78986,10092,2022-01-01 00:14:11+00:00,2024-03-31 23:49:35+00:00,424cf5fdbc8059afa0385892e69a8fdc117e498ad2c2894c9268d72ce691bbd1,cc4a9cfb555557792e9e69fa7b1c46abc6faf9810c0f00c335f4458b4677451a,341,0.04809189682994331,0.2192986475789199,0.06988170914549204,0.26435148788212265,1471,1.69445569999516,"{""C"": 0.01, ""epsilon"": 0.2}","{""valid"": true, ""warnings"": []}","{""center"": -0.027669749419250753, ""normalized_MAD"": 0.07982589320650707}"
MAYC,one-hot,LinearSVR,2024-04-01,2024-07-01,True,78986,10092,2022-01-01 00:14:11+00:00,2024-03-31 23:49:35+00:00,424cf5fdbc8059afa0385892e69a8fdc117e498ad2c2894c9268d72ce691bbd1,cc4a9cfb555557792e9e69fa7b1c46abc6faf9810c0f00c335f4458b4677451a,341,0.04802621546560286,0.21914884317651065,0.06970819724582322,0.2640230998337517,1471,1.8639871000195853,"{""C"": 0.1, ""epsilon"": 0.1}","{""valid"": true, ""warnings"": []}","{""center"": -0.027669749419250753, ""normalized_MAD"": 0.07982589320650707}"
MAYC,one-hot,LinearSVR,2024-04-01,2024-07-01,True,78986,10092,2022-01-01 00:14:11+00:00,2024-03-31 23:49:35+00:00,424cf5fdbc8059afa0385892e69a8fdc117e498ad2c2894c9268d72ce691bbd1,cc4a9cfb555557792e9e69fa7b1c46abc6faf9810c0f00c335f4458b4677451a,341,0.048092140954819555,0.21929920418191115,0.06987989016490709,0.2643480474013513,1471,1.7273298000218347,"{""C"": 0.1, ""epsilon"": 0.2}","{""valid"": true, ""warnings"": []}","{""center"": -0.027669749419250753, ""normalized_MAD"": 0.07982589320650707}"
MAYC,one-hot,LinearSVR,2024-04-01,2024-07-01,True,78986,10092,2022-01-01 00:14:11+00:00,2024-03-31 23:49:35+00:00,424cf5fdbc8059afa0385892e69a8fdc117e498ad2c2894c9268d72ce691bbd1,cc4a9cfb555557792e9e69fa7b1c46abc6faf9810c0f00c335f4458b4677451a,341,0.04802624552921653,0.21914891176826895,0.06970806956219715,0.2640228580297493,1471,1.795076499984134,"{""C"": 1, ""epsilon"": 0.1}","{""valid"": true, ""warnings"": []}","{""center"": -0.027669749419250753, ""normalized_MAD"": 0.07982589320650707}"
MAYC,one-hot,LinearSVR,2024-04-01,2024-07-01,True,78986,10092,2022-01-01 00:14:11+00:00,2024-03-31 23:49:35+00:00,424cf5fdbc8059afa0385892e69a8fdc117e498ad2c2894c9268d72ce691bbd1,cc4a9cfb555557792e9e69fa7b1c46abc6faf9810c0f00c335f4458b4677451a,341,0.048092166094808,0.21929926150082676,0.06987971060490848,0.26434770777313066,1471,1.5230836000409909,"{""C"": 1, ""epsilon"": 0.2}","{""valid"": true, ""warnings"": []}","{""center"": -0.027669749419250753, ""normalized_MAD"": 0.07982589320650707}"
MAYC,one-hot,HistGradientBoosting,2024-04-01,2024-07-01,True,78986,10092,2022-01-01 00:14:11+00:00,2024-03-31 23:49:35+00:00,424cf5fdbc8059afa0385892e69a8fdc117e498ad2c2894c9268d72ce691bbd1,cc4a9cfb555557792e9e69fa7b1c46abc6faf9810c0f00c335f4458b4677451a,341,0.04783735619839909,0.21871752604306563,0.07036585405440798,0.2652656292368236,1471,9.981235800019931,"{""l2_regularization"": 1, ""learning_rate"": 0.05, ""max_leaf_nodes"": 15}","{""valid"": true, ""warnings"": []}","{""center"": -0.027669749419250753, ""normalized_MAD"": 0.07982589320650707}"
MAYC,one-hot,HistGradientBoosting,2024-04-01,2024-07-01,True,78986,10092,2022-01-01 00:14:11+00:00,2024-03-31 23:49:35+00:00,424cf5fdbc8059afa0385892e69a8fdc117e498ad2c2894c9268d72ce691bbd1,cc4a9cfb555557792e9e69fa7b1c46abc6faf9810c0f00c335f4458b4677451a,341,0.04776377134381483,0.21854924237758142,0.07030611441377407,0.2651530018947062,1471,12.85767360002501,"{""l2_regularization"": 10, ""learning_rate"": 0.05, ""max_leaf_nodes"": 15}","{""valid"": true, ""warnings"": []}","{""center"": -0.027669749419250753, ""normalized_MAD"": 0.07982589320650707}"
MAYC,one-hot,HistGradientBoosting,2024-04-01,2024-07-01,True,78986,10092,2022-01-01 00:14:11+00:00,2024-03-31 23:49:35+00:00,424cf5fdbc8059afa0385892e69a8fdc117e498ad2c2894c9268d72ce691bbd1,cc4a9cfb555557792e9e69fa7b1c46abc6faf9810c0f00c335f4458b4677451a,341,0.047979535317022544,0.2190423139875548,0.07031771570876466,0.26517487759734076,1471,13.962688899948262,"{""l2_regularization"": 1, ""learning_rate"": 0.05, ""max_leaf_nodes"": 31}","{""valid"": true, ""warnings"": []}","{""center"": -0.027669749419250753, ""normalized_MAD"": 0.07982589320650707}"
MAYC,one-hot,HistGradientBoosting,2024-04-01,2024-07-01,True,78986,10092,2022-01-01 00:14:11+00:00,2024-03-31 23:49:35+00:00,424cf5fdbc8059afa0385892e69a8fdc117e498ad2c2894c9268d72ce691bbd1,cc4a9cfb555557792e9e69fa7b1c46abc6faf9810c0f00c335f4458b4677451a,341,0.047895218120860054,0.21884976152799449,0.07012861167236512,0.264818072782741,1471,13.988585499988403,"{""l2_regularization"": 10, ""learning_rate"": 0.05, ""max_leaf_nodes"": 31}","{""valid"": true, ""warnings"": []}","{""center"": -0.027669749419250753, ""normalized_MAD"": 0.07982589320650707}"
MAYC,one-hot,HistGradientBoosting,2024-04-01,2024-07-01,True,78986,10092,2022-01-01 00:14:11+00:00,2024-03-31 23:49:35+00:00,424cf5fdbc8059afa0385892e69a8fdc117e498ad2c2894c9268d72ce691bbd1,cc4a9cfb555557792e9e69fa7b1c46abc6faf9810c0f00c335f4458b4677451a,341,0.048016559555463266,0.2191268115851259,0.07022258720903551,0.2649954475251141,1471,9.900247399986256,"{""l2_regularization"": 1, ""learning_rate"": 0.1, ""max_leaf_nodes"": 15}","{""valid"": true, ""warnings"": []}","{""center"": -0.027669749419250753, ""normalized_MAD"": 0.07982589320650707}"
MAYC,one-hot,HistGradientBoosting,2024-04-01,2024-07-01,True,78986,10092,2022-01-01 00:14:11+00:00,2024-03-31 23:49:35+00:00,424cf5fdbc8059afa0385892e69a8fdc117e498ad2c2894c9268d72ce691bbd1,cc4a9cfb555557792e9e69fa7b1c46abc6faf9810c0f00c335f4458b4677451a,341,0.047919304347635826,0.21890478374771946,0.07025929277974308,0.265064695460831,1471,9.955648400005884,"{""l2_regularization"": 10, ""learning_rate"": 0.1, ""max_leaf_nodes"": 15}","{""valid"": true, ""warnings"": []}","{""center"": -0.027669749419250753, ""normalized_MAD"": 0.07982589320650707}"
MAYC,one-hot,HistGradientBoosting,2024-04-01,2024-07-01,True,78986,10092,2022-01-01 00:14:11+00:00,2024-03-31 23:49:35+00:00,424cf5fdbc8059afa0385892e69a8fdc117e498ad2c2894c9268d72ce691bbd1,cc4a9cfb555557792e9e69fa7b1c46abc6faf9810c0f00c335f4458b4677451a,341,0.04849710283999576,0.2202205776942649,0.07021659576083686,0.26498414247052005,1471,13.117586100008339,"{""l2_regularization"": 1, ""learning_rate"": 0.1, ""max_leaf_nodes"": 31}","{""valid"": true, ""warnings"": []}","{""center"": -0.027669749419250753, ""normalized_MAD"": 0.07982589320650707}"
MAYC,one-hot,HistGradientBoosting,2024-04-01,2024-07-01,True,78986,10092,2022-01-01 00:14:11+00:00,2024-03-31 23:49:35+00:00,424cf5fdbc8059afa0385892e69a8fdc117e498ad2c2894c9268d72ce691bbd1,cc4a9cfb555557792e9e69fa7b1c46abc6faf9810c0f00c335f4458b4677451a,341,0.04826904404469463,0.21970217123345556,0.07025468756828651,0.26505600836103776,1471,13.462170199956745,"{""l2_regularization"": 10, ""learning_rate"": 0.1, ""max_leaf_nodes"": 31}","{""valid"": true, ""warnings"": []}","{""center"": -0.027669749419250753, ""normalized_MAD"": 0.07982589320650707}"
MAYC,one-hot,XGBoost,2024-04-01,2024-07-01,True,78986,10092,2022-01-01 00:14:11+00:00,2024-03-31 23:49:35+00:00,424cf5fdbc8059afa0385892e69a8fdc117e498ad2c2894c9268d72ce691bbd1,cc4a9cfb555557792e9e69fa7b1c46abc6faf9810c0f00c335f4458b4677451a,341,0.047837356624206545,0.2187175270164843,0.07036585550778043,0.26526563197628983,1471,4.653118900023401,"{""l2_regularization"": 1, ""learning_rate"": 0.05, ""max_leaf_nodes"": 15}","{""valid"": true, ""warnings"": []}","{""center"": -0.027669749419250753, ""normalized_MAD"": 0.07982589320650707}"
MAYC,one-hot,XGBoost,2024-04-01,2024-07-01,True,78986,10092,2022-01-01 00:14:11+00:00,2024-03-31 23:49:35+00:00,424cf5fdbc8059afa0385892e69a8fdc117e498ad2c2894c9268d72ce691bbd1,cc4a9cfb555557792e9e69fa7b1c46abc6faf9810c0f00c335f4458b4677451a,341,0.04776377103795708,0.2185492416778358,0.07030611326463754,0.2651529997277752,1471,4.400196500006132,"{""l2_regularization"": 10, ""learning_rate"": 0.05, ""max_leaf_nodes"": 15}","{""valid"": true, ""warnings"": []}","{""center"": -0.027669749419250753, ""normalized_MAD"": 0.07982589320650707}"
MAYC,one-hot,XGBoost,2024-04-01,2024-07-01,True,78986,10092,2022-01-01 00:14:11+00:00,2024-03-31 23:49:35+00:00,424cf5fdbc8059afa0385892e69a8fdc117e498ad2c2894c9268d72ce691bbd1,cc4a9cfb555557792e9e69fa7b1c46abc6faf9810c0f00c335f4458b4677451a,341,0.04797953503882541,0.21904231335252422,0.07031771642854956,0.26517487895452985,1471,5.0354379999917,"{""l2_regularization"": 1, ""learning_rate"": 0.05, ""max_leaf_nodes"": 31}","{""valid"": true, ""warnings"": []}","{""center"": -0.027669749419250753, ""normalized_MAD"": 0.07982589320650707}"
MAYC,one-hot,XGBoost,2024-04-01,2024-07-01,True,78986,10092,2022-01-01 00:14:11+00:00,2024-03-31 23:49:35+00:00,424cf5fdbc8059afa0385892e69a8fdc117e498ad2c2894c9268d72ce691bbd1,cc4a9cfb555557792e9e69fa7b1c46abc6faf9810c0f00c335f4458b4677451a,341,0.04789521811041116,0.2188497615041222,0.07012861198362483,0.26481807337042695,1471,4.669752800022252,"{""l2_regularization"": 10, ""learning_rate"": 0.05, ""max_leaf_nodes"": 31}","{""valid"": true, ""warnings"": []}","{""center"": -0.027669749419250753, ""normalized_MAD"": 0.07982589320650707}"
MAYC,one-hot,XGBoost,2024-04-01,2024-07-01,True,78986,10092,2022-01-01 00:14:11+00:00,2024-03-31 23:49:35+00:00,424cf5fdbc8059afa0385892e69a8fdc117e498ad2c2894c9268d72ce691bbd1,cc4a9cfb555557792e9e69fa7b1c46abc6faf9810c0f00c335f4458b4677451a,341,0.0480165598605863,0.21912681228135067,0.07022258869287731,0.2649954503248637,1471,4.141527900006622,"{""l2_regularization"": 1, ""learning_rate"": 0.1, ""max_leaf_nodes"": 15}","{""valid"": true, ""warnings"": []}","{""center"": -0.027669749419250753, ""normalized_MAD"": 0.07982589320650707}"
MAYC,one-hot,XGBoost,2024-04-01,2024-07-01,True,78986,10092,2022-01-01 00:14:11+00:00,2024-03-31 23:49:35+00:00,424cf5fdbc8059afa0385892e69a8fdc117e498ad2c2894c9268d72ce691bbd1,cc4a9cfb555557792e9e69fa7b1c46abc6faf9810c0f00c335f4458b4677451a,341,0.047919304228615914,0.2189047834758663,0.07025929147555812,0.26506469300070523,1471,4.203036799968686,"{""l2_regularization"": 10, ""learning_rate"": 0.1, ""max_leaf_nodes"": 15}","{""valid"": true, ""warnings"": []}","{""center"": -0.027669749419250753, ""normalized_MAD"": 0.07982589320650707}"
MAYC,one-hot,XGBoost,2024-04-01,2024-07-01,True,78986,10092,2022-01-01 00:14:11+00:00,2024-03-31 23:49:35+00:00,424cf5fdbc8059afa0385892e69a8fdc117e498ad2c2894c9268d72ce691bbd1,cc4a9cfb555557792e9e69fa7b1c46abc6faf9810c0f00c335f4458b4677451a,341,0.04849710280398266,0.2202205776124989,0.07021659598880503,0.2649841429006744,1471,4.689267100009602,"{""l2_regularization"": 1, ""learning_rate"": 0.1, ""max_leaf_nodes"": 31}","{""valid"": true, ""warnings"": []}","{""center"": -0.027669749419250753, ""normalized_MAD"": 0.07982589320650707}"
MAYC,one-hot,XGBoost,2024-04-01,2024-07-01,True,78986,10092,2022-01-01 00:14:11+00:00,2024-03-31 23:49:35+00:00,424cf5fdbc8059afa0385892e69a8fdc117e498ad2c2894c9268d72ce691bbd1,cc4a9cfb555557792e9e69fa7b1c46abc6faf9810c0f00c335f4458b4677451a,341,0.048269044193068725,0.21970217157112654,0.07025468690021675,0.26505600710079513,1471,5.066769999975804,"{""l2_regularization"": 10, ""learning_rate"": 0.1, ""max_leaf_nodes"": 31}","{""valid"": true, ""warnings"": []}","{""center"": -0.027669749419250753, ""normalized_MAD"": 0.07982589320650707}"
MAYC,one-hot,LightGBM,2024-04-01,2024-07-01,True,78986,10092,2022-01-01 00:14:11+00:00,2024-03-31 23:49:35+00:00,424cf5fdbc8059afa0385892e69a8fdc117e498ad2c2894c9268d72ce691bbd1,cc4a9cfb555557792e9e69fa7b1c46abc6faf9810c0f00c335f4458b4677451a,341,0.0477929066243224,0.21861588831629417,0.07030382546974348,0.26514868558931887,1471,1.9880794999771751,"{""l2_regularization"": 1, ""learning_rate"": 0.05, ""max_leaf_nodes"": 15}","{""valid"": true, ""warnings"": []}","{""center"": -0.027669749419250753, ""normalized_MAD"": 0.07982589320650707}"
MAYC,one-hot,LightGBM,2024-04-01,2024-07-01,True,78986,10092,2022-01-01 00:14:11+00:00,2024-03-31 23:49:35+00:00,424cf5fdbc8059afa0385892e69a8fdc117e498ad2c2894c9268d72ce691bbd1,cc4a9cfb555557792e9e69fa7b1c46abc6faf9810c0f00c335f4458b4677451a,341,0.047765080975801524,0.21855223855133932,0.07026482736208864,0.26507513531466625,1471,0.8795572000090033,"{""l2_regularization"": 10, ""learning_rate"": 0.05, ""max_leaf_nodes"": 15}","{""valid"": true, ""warnings"": []}","{""center"": -0.027669749419250753, ""normalized_MAD"": 0.07982589320650707}"
MAYC,one-hot,LightGBM,2024-04-01,2024-07-01,True,78986,10092,2022-01-01 00:14:11+00:00,2024-03-31 23:49:35+00:00,424cf5fdbc8059afa0385892e69a8fdc117e498ad2c2894c9268d72ce691bbd1,cc4a9cfb555557792e9e69fa7b1c46abc6faf9810c0f00c335f4458b4677451a,341,0.04802003312893839,0.21913473738533193,0.0702726077804893,0.2650898107820995,1471,1.012541100033559,"{""l2_regularization"": 1, ""learning_rate"": 0.05, ""max_leaf_nodes"": 31}","{""valid"": true, ""warnings"": []}","{""center"": -0.027669749419250753, ""normalized_MAD"": 0.07982589320650707}"
MAYC,one-hot,LightGBM,2024-04-01,2024-07-01,True,78986,10092,2022-01-01 00:14:11+00:00,2024-03-31 23:49:35+00:00,424cf5fdbc8059afa0385892e69a8fdc117e498ad2c2894c9268d72ce691bbd1,cc4a9cfb555557792e9e69fa7b1c46abc6faf9810c0f00c335f4458b4677451a,341,0.04799969352703267,0.21908832357529387,0.07012799186709234,0.2648169025328488,1471,1.639478400000371,"{""l2_regularization"": 10, ""learning_rate"": 0.05, ""max_leaf_nodes"": 31}","{""valid"": true, ""warnings"": []}","{""center"": -0.027669749419250753, ""normalized_MAD"": 0.07982589320650707}"
MAYC,one-hot,LightGBM,2024-04-01,2024-07-01,True,78986,10092,2022-01-01 00:14:11+00:00,2024-03-31 23:49:35+00:00,424cf5fdbc8059afa0385892e69a8fdc117e498ad2c2894c9268d72ce691bbd1,cc4a9cfb555557792e9e69fa7b1c46abc6faf9810c0f00c335f4458b4677451a,341,0.047901051821965634,0.2188630892178159,0.07004659923900063,0.26466318073921924,1471,0.6654279999784194,"{""l2_regularization"": 1, ""learning_rate"": 0.1, ""max_leaf_nodes"": 15}","{""valid"": true, ""warnings"": []}","{""center"": -0.027669749419250753, ""normalized_MAD"": 0.07982589320650707}"
MAYC,one-hot,LightGBM,2024-04-01,2024-07-01,True,78986,10092,2022-01-01 00:14:11+00:00,2024-03-31 23:49:35+00:00,424cf5fdbc8059afa0385892e69a8fdc117e498ad2c2894c9268d72ce691bbd1,cc4a9cfb555557792e9e69fa7b1c46abc6faf9810c0f00c335f4458b4677451a,341,0.04802516093826355,0.2191464372018481,0.07017341662114235,0.26490265499073873,1471,0.6526634000474587,"{""l2_regularization"": 10, ""learning_rate"": 0.1, ""max_leaf_nodes"": 15}","{""valid"": true, ""warnings"": []}","{""center"": -0.027669749419250753, ""normalized_MAD"": 0.07982589320650707}"
MAYC,one-hot,LightGBM,2024-04-01,2024-07-01,True,78986,10092,2022-01-01 00:14:11+00:00,2024-03-31 23:49:35+00:00,424cf5fdbc8059afa0385892e69a8fdc117e498ad2c2894c9268d72ce691bbd1,cc4a9cfb555557792e9e69fa7b1c46abc6faf9810c0f00c335f4458b4677451a,341,0.048430682228280876,0.22006972128914254,0.0704278312476806,0.2653824245267207,1471,0.8708492000005208,"{""l2_regularization"": 1, ""learning_rate"": 0.1, ""max_leaf_nodes"": 31}","{""valid"": true, ""warnings"": []}","{""center"": -0.027669749419250753, ""normalized_MAD"": 0.07982589320650707}"
MAYC,one-hot,LightGBM,2024-04-01,2024-07-01,True,78986,10092,2022-01-01 00:14:11+00:00,2024-03-31 23:49:35+00:00,424cf5fdbc8059afa0385892e69a8fdc117e498ad2c2894c9268d72ce691bbd1,cc4a9cfb555557792e9e69fa7b1c46abc6faf9810c0f00c335f4458b4677451a,341,0.048243754718235304,0.21964461003683952,0.07034751549486695,0.26523106057712575,1471,0.8444680999964476,"{""l2_regularization"": 10, ""learning_rate"": 0.1, ""max_leaf_nodes"": 31}","{""valid"": true, ""warnings"": []}","{""center"": -0.027669749419250753, ""normalized_MAD"": 0.07982589320650707}"
MAYC,one-hot,OLS,2024-07-01,2024-10-01,True,89078,2495,2022-01-01 00:14:11+00:00,2024-06-30 23:16:59+00:00,51aabe7205c46b710ff1622e630a4b1ae554f4fd34aa424b74b1f2d3bd205d5c,ac7b8b5ec9ab9aaae32b960aeff2292bd49412da8cacc7b64285bd2103e6dce2,341,0.03565763429072429,0.18883229144064395,0.06041278911149936,0.24579013225005467,753,1.8369744999799877,{},"{""valid"": true, ""warnings"": []}","{""center"": -0.028727289636910312, ""normalized_MAD"": 0.08579615208876926}"
MAYC,one-hot,Ridge,2024-07-01,2024-10-01,True,89078,2495,2022-01-01 00:14:11+00:00,2024-06-30 23:16:59+00:00,51aabe7205c46b710ff1622e630a4b1ae554f4fd34aa424b74b1f2d3bd205d5c,ac7b8b5ec9ab9aaae32b960aeff2292bd49412da8cacc7b64285bd2103e6dce2,341,0.03565763515432315,0.18883229372732607,0.06041279048376656,0.24579013504159714,753,0.316498700005468,"{""alpha"": 0.01}","{""valid"": true, ""warnings"": []}","{""center"": -0.028727289636910312, ""normalized_MAD"": 0.08579615208876926}"
MAYC,one-hot,Ridge,2024-07-01,2024-10-01,True,89078,2495,2022-01-01 00:14:11+00:00,2024-06-30 23:16:59+00:00,51aabe7205c46b710ff1622e630a4b1ae554f4fd34aa424b74b1f2d3bd205d5c,ac7b8b5ec9ab9aaae32b960aeff2292bd49412da8cacc7b64285bd2103e6dce2,341,0.0356576429267247,0.1888323143074953,0.06041280283419609,0.24579016016552838,753,0.3376955999992788,"{""alpha"": 0.1}","{""valid"": true, ""warnings"": []}","{""center"": -0.028727289636910312, ""normalized_MAD"": 0.08579615208876926}"
MAYC,one-hot,Ridge,2024-07-01,2024-10-01,True,89078,2495,2022-01-01 00:14:11+00:00,2024-06-30 23:16:59+00:00,51aabe7205c46b710ff1622e630a4b1ae554f4fd34aa424b74b1f2d3bd205d5c,ac7b8b5ec9ab9aaae32b960aeff2292bd49412da8cacc7b64285bd2103e6dce2,341,0.0356577206517948,0.1888325201118568,0.06041292634071425,0.24579041140922125,753,0.3329086999874562,"{""alpha"": 1}","{""valid"": true, ""warnings"": []}","{""center"": -0.028727289636910312, ""normalized_MAD"": 0.08579615208876926}"
MAYC,one-hot,Ridge,2024-07-01,2024-10-01,True,89078,2495,2022-01-01 00:14:11+00:00,2024-06-30 23:16:59+00:00,51aabe7205c46b710ff1622e630a4b1ae554f4fd34aa424b74b1f2d3bd205d5c,ac7b8b5ec9ab9aaae32b960aeff2292bd49412da8cacc7b64285bd2103e6dce2,341,0.03565849800788675,0.1888345784221914,0.060414161628031905,0.24579292428390184,753,0.30624569999054074,"{""alpha"": 10}","{""valid"": true, ""warnings"": []}","{""center"": -0.028727289636910312, ""normalized_MAD"": 0.08579615208876926}"
MAYC,one-hot,Ridge,2024-07-01,2024-10-01,True,89078,2495,2022-01-01 00:14:11+00:00,2024-06-30 23:16:59+00:00,51aabe7205c46b710ff1622e630a4b1ae554f4fd34aa424b74b1f2d3bd205d5c,ac7b8b5ec9ab9aaae32b960aeff2292bd49412da8cacc7b64285bd2103e6dce2,341,0.03566628203578003,0.1888551880033483,0.060426536569244654,0.24581809650480302,753,0.3404906000359915,"{""alpha"": 100}","{""valid"": true, ""warnings"": []}","{""center"": -0.028727289636910312, ""normalized_MAD"": 0.08579615208876926}"
MAYC,one-hot,Ridge,2024-07-01,2024-10-01,True,89078,2495,2022-01-01 00:14:11+00:00,2024-06-30 23:16:59+00:00,51aabe7205c46b710ff1622e630a4b1ae554f4fd34aa424b74b1f2d3bd205d5c,ac7b8b5ec9ab9aaae32b960aeff2292bd49412da8cacc7b64285bd2103e6dce2,341,0.03574509825190199,0.18906374124062494,0.060552351020584386,0.2460738730962399,753,0.3023228999809362,"{""alpha"": 1000}","{""valid"": true, ""warnings"": []}","{""center"": -0.028727289636910312, ""normalized_MAD"": 0.08579615208876926}"
MAYC,one-hot,Ridge,2024-07-01,2024-10-01,True,89078,2495,2022-01-01 00:14:11+00:00,2024-06-30 23:16:59+00:00,51aabe7205c46b710ff1622e630a4b1ae554f4fd34aa424b74b1f2d3bd205d5c,ac7b8b5ec9ab9aaae32b960aeff2292bd49412da8cacc7b64285bd2103e6dce2,341,0.03657594986772486,0.1912483983402864,0.0619107085287133,0.2488186257672711,753,0.3222591999801807,"{""alpha"": 10000}","{""valid"": true, ""warnings"": []}","{""center"": -0.028727289636910312, ""normalized_MAD"": 0.08579615208876926}"
MAYC,one-hot,Ridge,2024-07-01,2024-10-01,True,89078,2495,2022-01-01 00:14:11+00:00,2024-06-30 23:16:59+00:00,51aabe7205c46b710ff1622e630a4b1ae554f4fd34aa424b74b1f2d3bd205d5c,ac7b8b5ec9ab9aaae32b960aeff2292bd49412da8cacc7b64285bd2103e6dce2,341,0.04152306496735786,0.20377209074688776,0.0703550001610965,0.26524516991096464,753,0.29452449997188523,"{""alpha"": 100000}","{""valid"": true, ""warnings"": []}","{""center"": -0.028727289636910312, ""normalized_MAD"": 0.08579615208876926}"
MAYC,one-hot,Ridge,2024-07-01,2024-10-01,True,89078,2495,2022-01-01 00:14:11+00:00,2024-06-30 23:16:59+00:00,51aabe7205c46b710ff1622e630a4b1ae554f4fd34aa424b74b1f2d3bd205d5c,ac7b8b5ec9ab9aaae32b960aeff2292bd49412da8cacc7b64285bd2103e6dce2,341,0.047706811559314215,0.21841889011556262,0.08133056232068184,0.2851851369210567,753,0.2983977999538183,"{""alpha"": 1000000}","{""valid"": true, ""warnings"": []}","{""center"": -0.028727289636910312, ""normalized_MAD"": 0.08579615208876926}"
MAYC,one-hot,ElasticNet,2024-07-01,2024-10-01,True,89078,2495,2022-01-01 00:14:11+00:00,2024-06-30 23:16:59+00:00,51aabe7205c46b710ff1622e630a4b1ae554f4fd34aa424b74b1f2d3bd205d5c,ac7b8b5ec9ab9aaae32b960aeff2292bd49412da8cacc7b64285bd2103e6dce2,341,0.03568631415961474,0.18890821623109658,0.06046408847568308,0.24589446613472837,753,59.21144039998762,"{""alpha"": 0.001, ""l1_ratio"": 0.1}","{""valid"": true, ""warnings"": []}","{""center"": -0.028727289636910312, ""normalized_MAD"": 0.08579615208876926}"
MAYC,one-hot,ElasticNet,2024-07-01,2024-10-01,True,89078,2495,2022-01-01 00:14:11+00:00,2024-06-30 23:16:59+00:00,51aabe7205c46b710ff1622e630a4b1ae554f4fd34aa424b74b1f2d3bd205d5c,ac7b8b5ec9ab9aaae32b960aeff2292bd49412da8cacc7b64285bd2103e6dce2,341,0.03576885099527986,0.18912654756876376,0.06061866736197706,0.24620858506960527,753,63.56780790002085,"{""alpha"": 0.001, ""l1_ratio"": 0.5}","{""valid"": true, ""warnings"": []}","{""center"": -0.028727289636910312, ""normalized_MAD"": 0.08579615208876926}"
MAYC,one-hot,ElasticNet,2024-07-01,2024-10-01,True,89078,2495,2022-01-01 00:14:11+00:00,2024-06-30 23:16:59+00:00,51aabe7205c46b710ff1622e630a4b1ae554f4fd34aa424b74b1f2d3bd205d5c,ac7b8b5ec9ab9aaae32b960aeff2292bd49412da8cacc7b64285bd2103e6dce2,341,0.03585776757478856,0.18936147331172876,0.060788567674948904,0.24655337692870666,753,6.695496100001037,"{""alpha"": 0.001, ""l1_ratio"": 0.9}","{""valid"": true, ""warnings"": []}","{""center"": -0.028727289636910312, ""normalized_MAD"": 0.08579615208876926}"
MAYC,one-hot,ElasticNet,2024-07-01,2024-10-01,True,89078,2495,2022-01-01 00:14:11+00:00,2024-06-30 23:16:59+00:00,51aabe7205c46b710ff1622e630a4b1ae554f4fd34aa424b74b1f2d3bd205d5c,ac7b8b5ec9ab9aaae32b960aeff2292bd49412da8cacc7b64285bd2103e6dce2,341,0.03597294837889932,0.18966535893225026,0.06098779780582603,0.24695707684904683,753,8.883682700048666,"{""alpha"": 0.01, ""l1_ratio"": 0.1}","{""valid"": true, ""warnings"": []}","{""center"": -0.028727289636910312, ""normalized_MAD"": 0.08579615208876926}"
MAYC,one-hot,ElasticNet,2024-07-01,2024-10-01,True,89078,2495,2022-01-01 00:14:11+00:00,2024-06-30 23:16:59+00:00,51aabe7205c46b710ff1622e630a4b1ae554f4fd34aa424b74b1f2d3bd205d5c,ac7b8b5ec9ab9aaae32b960aeff2292bd49412da8cacc7b64285bd2103e6dce2,341,0.03707151455288933,0.19253964410710156,0.06304976238909822,0.251097117444821,753,9.76914879999822,"{""alpha"": 0.01, ""l1_ratio"": 0.5}","{""valid"": true, ""warnings"": []}","{""center"": -0.028727289636910312, ""normalized_MAD"": 0.08579615208876926}"
MAYC,one-hot,ElasticNet,2024-07-01,2024-10-01,True,89078,2495,2022-01-01 00:14:11+00:00,2024-06-30 23:16:59+00:00,51aabe7205c46b710ff1622e630a4b1ae554f4fd34aa424b74b1f2d3bd205d5c,ac7b8b5ec9ab9aaae32b960aeff2292bd49412da8cacc7b64285bd2103e6dce2,341,0.03832591611481251,0.19577005929102773,0.06528932701094965,0.255517762613384,753,26.146505999960937,"{""alpha"": 0.01, ""l1_ratio"": 0.9}","{""valid"": true, ""warnings"": []}","{""center"": -0.028727289636910312, ""normalized_MAD"": 0.08579615208876926}"
MAYC,one-hot,ElasticNet,2024-07-01,2024-10-01,True,89078,2495,2022-01-01 00:14:11+00:00,2024-06-30 23:16:59+00:00,51aabe7205c46b710ff1622e630a4b1ae554f4fd34aa424b74b1f2d3bd205d5c,ac7b8b5ec9ab9aaae32b960aeff2292bd49412da8cacc7b64285bd2103e6dce2,341,0.03936979675528447,0.19841823695236402,0.06700082344331222,0.2588451727255353,753,1.0974989999667741,"{""alpha"": 0.1, ""l1_ratio"": 0.1}","{""valid"": true, ""warnings"": []}","{""center"": -0.028727289636910312, ""normalized_MAD"": 0.08579615208876926}"
MAYC,one-hot,ElasticNet,2024-07-01,2024-10-01,True,89078,2495,2022-01-01 00:14:11+00:00,2024-06-30 23:16:59+00:00,51aabe7205c46b710ff1622e630a4b1ae554f4fd34aa424b74b1f2d3bd205d5c,ac7b8b5ec9ab9aaae32b960aeff2292bd49412da8cacc7b64285bd2103e6dce2,341,0.044939421026950276,0.211989200260179,0.07655459196866045,0.2766850049580939,753,1.208513599995058,"{""alpha"": 0.1, ""l1_ratio"": 0.5}","{""valid"": true, ""warnings"": []}","{""center"": -0.028727289636910312, ""normalized_MAD"": 0.08579615208876926}"
MAYC,one-hot,ElasticNet,2024-07-01,2024-10-01,True,89078,2495,2022-01-01 00:14:11+00:00,2024-06-30 23:16:59+00:00,51aabe7205c46b710ff1622e630a4b1ae554f4fd34aa424b74b1f2d3bd205d5c,ac7b8b5ec9ab9aaae32b960aeff2292bd49412da8cacc7b64285bd2103e6dce2,341,0.04635007467853711,0.21529067485271422,0.07873486764120029,0.280597340759317,753,3.729090599983465,"{""alpha"": 0.1, ""l1_ratio"": 0.9}","{""valid"": true, ""warnings"": []}","{""center"": -0.028727289636910312, ""normalized_MAD"": 0.08579615208876926}"
MAYC,one-hot,ElasticNet,2024-07-01,2024-10-01,True,89078,2495,2022-01-01 00:14:11+00:00,2024-06-30 23:16:59+00:00,51aabe7205c46b710ff1622e630a4b1ae554f4fd34aa424b74b1f2d3bd205d5c,ac7b8b5ec9ab9aaae32b960aeff2292bd49412da8cacc7b64285bd2103e6dce2,341,0.04788451895597397,0.21882531607648592,0.08157341183008703,0.2856105947441149,753,0.29638950002845377,"{""alpha"": 1, ""l1_ratio"": 0.1}","{""valid"": true, ""warnings"": []}","{""center"": -0.028727289636910312, ""normalized_MAD"": 0.08579615208876926}"
MAYC,one-hot,ElasticNet,2024-07-01,2024-10-01,True,89078,2495,2022-01-01 00:14:11+00:00,2024-06-30 23:16:59+00:00,51aabe7205c46b710ff1622e630a4b1ae554f4fd34aa424b74b1f2d3bd205d5c,ac7b8b5ec9ab9aaae32b960aeff2292bd49412da8cacc7b64285bd2103e6dce2,341,0.05092154323500623,0.22565802275790292,0.08705227782149731,0.2950462299733676,753,0.16888780001318082,"{""alpha"": 1, ""l1_ratio"": 0.5}","{""valid"": true, ""warnings"": []}","{""center"": -0.028727289636910312, ""normalized_MAD"": 0.08579615208876926}"
MAYC,one-hot,ElasticNet,2024-07-01,2024-10-01,True,89078,2495,2022-01-01 00:14:11+00:00,2024-06-30 23:16:59+00:00,51aabe7205c46b710ff1622e630a4b1ae554f4fd34aa424b74b1f2d3bd205d5c,ac7b8b5ec9ab9aaae32b960aeff2292bd49412da8cacc7b64285bd2103e6dce2,341,0.05092154323500623,0.22565802275790292,0.08705227782149731,0.2950462299733676,753,0.19896150002023205,"{""alpha"": 1, ""l1_ratio"": 0.9}","{""valid"": true, ""warnings"": []}","{""center"": -0.028727289636910312, ""normalized_MAD"": 0.08579615208876926}"
MAYC,one-hot,ElasticNet,2024-07-01,2024-10-01,True,89078,2495,2022-01-01 00:14:11+00:00,2024-06-30 23:16:59+00:00,51aabe7205c46b710ff1622e630a4b1ae554f4fd34aa424b74b1f2d3bd205d5c,ac7b8b5ec9ab9aaae32b960aeff2292bd49412da8cacc7b64285bd2103e6dce2,341,0.05092154323500623,0.22565802275790292,0.08705227782149731,0.2950462299733676,753,0.1841194999869913,"{""alpha"": 10, ""l1_ratio"": 0.1}","{""valid"": true, ""warnings"": []}","{""center"": -0.028727289636910312, ""normalized_MAD"": 0.08579615208876926}"
MAYC,one-hot,ElasticNet,2024-07-01,2024-10-01,True,89078,2495,2022-01-01 00:14:11+00:00,2024-06-30 23:16:59+00:00,51aabe7205c46b710ff1622e630a4b1ae554f4fd34aa424b74b1f2d3bd205d5c,ac7b8b5ec9ab9aaae32b960aeff2292bd49412da8cacc7b64285bd2103e6dce2,341,0.05092154323500623,0.22565802275790292,0.08705227782149731,0.2950462299733676,753,0.16835829999763519,"{""alpha"": 10, ""l1_ratio"": 0.5}","{""valid"": true, ""warnings"": []}","{""center"": -0.028727289636910312, ""normalized_MAD"": 0.08579615208876926}"
MAYC,one-hot,ElasticNet,2024-07-01,2024-10-01,True,89078,2495,2022-01-01 00:14:11+00:00,2024-06-30 23:16:59+00:00,51aabe7205c46b710ff1622e630a4b1ae554f4fd34aa424b74b1f2d3bd205d5c,ac7b8b5ec9ab9aaae32b960aeff2292bd49412da8cacc7b64285bd2103e6dce2,341,0.05092154323500623,0.22565802275790292,0.08705227782149731,0.2950462299733676,753,0.17609630001243204,"{""alpha"": 10, ""l1_ratio"": 0.9}","{""valid"": true, ""warnings"": []}","{""center"": -0.028727289636910312, ""normalized_MAD"": 0.08579615208876926}"
MAYC,one-hot,PLS,2024-07-01,2024-10-01,True,89078,2495,2022-01-01 00:14:11+00:00,2024-06-30 23:16:59+00:00,51aabe7205c46b710ff1622e630a4b1ae554f4fd34aa424b74b1f2d3bd205d5c,ac7b8b5ec9ab9aaae32b960aeff2292bd49412da8cacc7b64285bd2103e6dce2,341,0.03566139080436572,0.18884223787163115,0.06041957084799632,0.24580392764965395,753,1.857424100046046,"{""components"": 8}","{""valid"": true, ""warnings"": []}","{""center"": -0.028727289636910312, ""normalized_MAD"": 0.08579615208876926}"
MAYC,one-hot,PLS,2024-07-01,2024-10-01,True,89078,2495,2022-01-01 00:14:11+00:00,2024-06-30 23:16:59+00:00,51aabe7205c46b710ff1622e630a4b1ae554f4fd34aa424b74b1f2d3bd205d5c,ac7b8b5ec9ab9aaae32b960aeff2292bd49412da8cacc7b64285bd2103e6dce2,341,0.035657637079645,0.18883229882529365,0.060412793628113366,0.24579014143800268,753,3.2833574000396766,"{""components"": 16}","{""valid"": true, ""warnings"": []}","{""center"": -0.028727289636910312, ""normalized_MAD"": 0.08579615208876926}"
MAYC,one-hot,PLS,2024-07-01,2024-10-01,True,89078,2495,2022-01-01 00:14:11+00:00,2024-06-30 23:16:59+00:00,51aabe7205c46b710ff1622e630a4b1ae554f4fd34aa424b74b1f2d3bd205d5c,ac7b8b5ec9ab9aaae32b960aeff2292bd49412da8cacc7b64285bd2103e6dce2,341,0.0356576342907242,0.1888322914406437,0.0604127891114992,0.24579013225005433,753,6.546639500011224,"{""components"": 32}","{""valid"": true, ""warnings"": []}","{""center"": -0.028727289636910312, ""normalized_MAD"": 0.08579615208876926}"
MAYC,one-hot,PLS,2024-07-01,2024-10-01,True,89078,2495,2022-01-01 00:14:11+00:00,2024-06-30 23:16:59+00:00,51aabe7205c46b710ff1622e630a4b1ae554f4fd34aa424b74b1f2d3bd205d5c,ac7b8b5ec9ab9aaae32b960aeff2292bd49412da8cacc7b64285bd2103e6dce2,341,0.03565763429092308,0.1888322914411703,0.060412789111838006,0.24579013225074356,753,12.77814439998474,"{""components"": 64}","{""valid"": true, ""warnings"": []}","{""center"": -0.028727289636910312, ""normalized_MAD"": 0.08579615208876926}"
MAYC,one-hot,LinearSVR,2024-07-01,2024-10-01,True,89078,2495,2022-01-01 00:14:11+00:00,2024-06-30 23:16:59+00:00,51aabe7205c46b710ff1622e630a4b1ae554f4fd34aa424b74b1f2d3bd205d5c,ac7b8b5ec9ab9aaae32b960aeff2292bd49412da8cacc7b64285bd2103e6dce2,341,0.03588422200746002,0.18943131210932374,0.060774698706757745,0.24652524963329364,753,2.0159401999553666,"{""C"": 0.01, ""epsilon"": 0.1}","{""valid"": true, ""warnings"": []}","{""center"": -0.028727289636910312, ""normalized_MAD"": 0.08579615208876926}"
MAYC,one-hot,LinearSVR,2024-07-01,2024-10-01,True,89078,2495,2022-01-01 00:14:11+00:00,2024-06-30 23:16:59+00:00,51aabe7205c46b710ff1622e630a4b1ae554f4fd34aa424b74b1f2d3bd205d5c,ac7b8b5ec9ab9aaae32b960aeff2292bd49412da8cacc7b64285bd2103e6dce2,341,0.03614757839371496,0.19012516507215704,0.06120223177392061,0.24739084820162732,753,1.7252728000166826,"{""C"": 0.01, ""epsilon"": 0.2}","{""valid"": true, ""warnings"": []}","{""center"": -0.028727289636910312, ""normalized_MAD"": 0.08579615208876926}"
MAYC,one-hot,LinearSVR,2024-07-01,2024-10-01,True,89078,2495,2022-01-01 00:14:11+00:00,2024-06-30 23:16:59+00:00,51aabe7205c46b710ff1622e630a4b1ae554f4fd34aa424b74b1f2d3bd205d5c,ac7b8b5ec9ab9aaae32b960aeff2292bd49412da8cacc7b64285bd2103e6dce2,341,0.03587934939364155,0.18941845051008507,0.06076702698505278,0.24650968943441712,753,1.8663301999913529,"{""C"": 0.1, ""epsilon"": 0.1}","{""valid"": true, ""warnings"": []}","{""center"": -0.028727289636910312, ""normalized_MAD"": 0.08579615208876926}"
MAYC,one-hot,LinearSVR,2024-07-01,2024-10-01,True,89078,2495,2022-01-01 00:14:11+00:00,2024-06-30 23:16:59+00:00,51aabe7205c46b710ff1622e630a4b1ae554f4fd34aa424b74b1f2d3bd205d5c,ac7b8b5ec9ab9aaae32b960aeff2292bd49412da8cacc7b64285bd2103e6dce2,341,0.036141763710655465,0.19010987273325777,0.06119333476602084,0.24737286586450996,753,1.8888120999909006,"{""C"": 0.1, ""epsilon"": 0.2}","{""valid"": true, ""warnings"": []}","{""center"": -0.028727289636910312, ""normalized_MAD"": 0.08579615208876926}"
MAYC,one-hot,LinearSVR,2024-07-01,2024-10-01,True,89078,2495,2022-01-01 00:14:11+00:00,2024-06-30 23:16:59+00:00,51aabe7205c46b710ff1622e630a4b1ae554f4fd34aa424b74b1f2d3bd205d5c,ac7b8b5ec9ab9aaae32b960aeff2292bd49412da8cacc7b64285bd2103e6dce2,341,0.03587885992290981,0.18941715847016027,0.060766258107885926,0.24650812990221221,753,1.921081200009212,"{""C"": 1, ""epsilon"": 0.1}","{""valid"": true, ""warnings"": []}","{""center"": -0.028727289636910312, ""normalized_MAD"": 0.08579615208876926}"
MAYC,one-hot,LinearSVR,2024-07-01,2024-10-01,True,89078,2495,2022-01-01 00:14:11+00:00,2024-06-30 23:16:59+00:00,51aabe7205c46b710ff1622e630a4b1ae554f4fd34aa424b74b1f2d3bd205d5c,ac7b8b5ec9ab9aaae32b960aeff2292bd49412da8cacc7b64285bd2103e6dce2,341,0.03614118530581876,0.19010835148887795,0.06119244836763232,0.2473710742338973,753,1.8616713000228629,"{""C"": 1, ""epsilon"": 0.2}","{""valid"": true, ""warnings"": []}","{""center"": -0.028727289636910312, ""normalized_MAD"": 0.08579615208876926}"
MAYC,one-hot,HistGradientBoosting,2024-07-01,2024-10-01,True,89078,2495,2022-01-01 00:14:11+00:00,2024-06-30 23:16:59+00:00,51aabe7205c46b710ff1622e630a4b1ae554f4fd34aa424b74b1f2d3bd205d5c,ac7b8b5ec9ab9aaae32b960aeff2292bd49412da8cacc7b64285bd2103e6dce2,341,0.03748854762021216,0.19361959513492472,0.0637889234012575,0.2525646915173566,753,10.906544299970847,"{""l2_regularization"": 1, ""learning_rate"": 0.05, ""max_leaf_nodes"": 15}","{""valid"": true, ""warnings"": []}","{""center"": -0.028727289636910312, ""normalized_MAD"": 0.08579615208876926}"
MAYC,one-hot,HistGradientBoosting,2024-07-01,2024-10-01,True,89078,2495,2022-01-01 00:14:11+00:00,2024-06-30 23:16:59+00:00,51aabe7205c46b710ff1622e630a4b1ae554f4fd34aa424b74b1f2d3bd205d5c,ac7b8b5ec9ab9aaae32b960aeff2292bd49412da8cacc7b64285bd2103e6dce2,341,0.03753887476530806,0.19374951552276992,0.0640284049717107,0.2530383468403765,753,11.457872900005896,"{""l2_regularization"": 10, ""learning_rate"": 0.05, ""max_leaf_nodes"": 15}","{""valid"": true, ""warnings"": []}","{""center"": -0.028727289636910312, ""normalized_MAD"": 0.08579615208876926}"
MAYC,one-hot,HistGradientBoosting,2024-07-01,2024-10-01,True,89078,2495,2022-01-01 00:14:11+00:00,2024-06-30 23:16:59+00:00,51aabe7205c46b710ff1622e630a4b1ae554f4fd34aa424b74b1f2d3bd205d5c,ac7b8b5ec9ab9aaae32b960aeff2292bd49412da8cacc7b64285bd2103e6dce2,341,0.03679271269723493,0.19181426614627736,0.06240611309679883,0.24981215562257741,753,14.284405200043693,"{""l2_regularization"": 1, ""learning_rate"": 0.05, ""max_leaf_nodes"": 31}","{""valid"": true, ""warnings"": []}","{""center"": -0.028727289636910312, ""normalized_MAD"": 0.08579615208876926}"
MAYC,one-hot,HistGradientBoosting,2024-07-01,2024-10-01,True,89078,2495,2022-01-01 00:14:11+00:00,2024-06-30 23:16:59+00:00,51aabe7205c46b710ff1622e630a4b1ae554f4fd34aa424b74b1f2d3bd205d5c,ac7b8b5ec9ab9aaae32b960aeff2292bd49412da8cacc7b64285bd2103e6dce2,341,0.03686154061287306,0.19199359523919818,0.06268607429147088,0.25037187200536504,753,14.532069600012619,"{""l2_regularization"": 10, ""learning_rate"": 0.05, ""max_leaf_nodes"": 31}","{""valid"": true, ""warnings"": []}","{""center"": -0.028727289636910312, ""normalized_MAD"": 0.08579615208876926}"
MAYC,one-hot,HistGradientBoosting,2024-07-01,2024-10-01,True,89078,2495,2022-01-01 00:14:11+00:00,2024-06-30 23:16:59+00:00,51aabe7205c46b710ff1622e630a4b1ae554f4fd34aa424b74b1f2d3bd205d5c,ac7b8b5ec9ab9aaae32b960aeff2292bd49412da8cacc7b64285bd2103e6dce2,341,0.037143655710364876,0.1927268941024186,0.06294708882948234,0.2508925842456934,753,10.449099100020248,"{""l2_regularization"": 1, ""learning_rate"": 0.1, ""max_leaf_nodes"": 15}","{""valid"": true, ""warnings"": []}","{""center"": -0.028727289636910312, ""normalized_MAD"": 0.08579615208876926}"
MAYC,one-hot,HistGradientBoosting,2024-07-01,2024-10-01,True,89078,2495,2022-01-01 00:14:11+00:00,2024-06-30 23:16:59+00:00,51aabe7205c46b710ff1622e630a4b1ae554f4fd34aa424b74b1f2d3bd205d5c,ac7b8b5ec9ab9aaae32b960aeff2292bd49412da8cacc7b64285bd2103e6dce2,341,0.03701678911101676,0.19239747688318773,0.06287817849138004,0.2507552162795024,753,10.465944800002035,"{""l2_regularization"": 10, ""learning_rate"": 0.1, ""max_leaf_nodes"": 15}","{""valid"": true, ""warnings"": []}","{""center"": -0.028727289636910312, ""normalized_MAD"": 0.08579615208876926}"
MAYC,one-hot,HistGradientBoosting,2024-07-01,2024-10-01,True,89078,2495,2022-01-01 00:14:11+00:00,2024-06-30 23:16:59+00:00,51aabe7205c46b710ff1622e630a4b1ae554f4fd34aa424b74b1f2d3bd205d5c,ac7b8b5ec9ab9aaae32b960aeff2292bd49412da8cacc7b64285bd2103e6dce2,341,0.03679858379765449,0.1918295696644667,0.06212452458190808,0.24924791790887257,753,13.78385339997476,"{""l2_regularization"": 1, ""learning_rate"": 0.1, ""max_leaf_nodes"": 31}","{""valid"": true, ""warnings"": []}","{""center"": -0.028727289636910312, ""normalized_MAD"": 0.08579615208876926}"
MAYC,one-hot,HistGradientBoosting,2024-07-01,2024-10-01,True,89078,2495,2022-01-01 00:14:11+00:00,2024-06-30 23:16:59+00:00,51aabe7205c46b710ff1622e630a4b1ae554f4fd34aa424b74b1f2d3bd205d5c,ac7b8b5ec9ab9aaae32b960aeff2292bd49412da8cacc7b64285bd2103e6dce2,341,0.036666731211015255,0.19148559008712707,0.0619801844616279,0.24895819822136386,753,13.903881799953524,"{""l2_regularization"": 10, ""learning_rate"": 0.1, ""max_leaf_nodes"": 31}","{""valid"": true, ""warnings"": []}","{""center"": -0.028727289636910312, ""normalized_MAD"": 0.08579615208876926}"
MAYC,one-hot,XGBoost,2024-07-01,2024-10-01,True,89078,2495,2022-01-01 00:14:11+00:00,2024-06-30 23:16:59+00:00,51aabe7205c46b710ff1622e630a4b1ae554f4fd34aa424b74b1f2d3bd205d5c,ac7b8b5ec9ab9aaae32b960aeff2292bd49412da8cacc7b64285bd2103e6dce2,341,0.037488547983213785,0.19361959607233403,0.0637889237048219,0.2525646921183203,753,4.673347400035709,"{""l2_regularization"": 1, ""learning_rate"": 0.05, ""max_leaf_nodes"": 15}","{""valid"": true, ""warnings"": []}","{""center"": -0.028727289636910312, ""normalized_MAD"": 0.08579615208876926}"
MAYC,one-hot,XGBoost,2024-07-01,2024-10-01,True,89078,2495,2022-01-01 00:14:11+00:00,2024-06-30 23:16:59+00:00,51aabe7205c46b710ff1622e630a4b1ae554f4fd34aa424b74b1f2d3bd205d5c,ac7b8b5ec9ab9aaae32b960aeff2292bd49412da8cacc7b64285bd2103e6dce2,341,0.03753887851931151,0.19374952521054473,0.06402841047714423,0.2530383577190309,753,4.66259279998485,"{""l2_regularization"": 10, ""learning_rate"": 0.05, ""max_leaf_nodes"": 15}","{""valid"": true, ""warnings"": []}","{""center"": -0.028727289636910312, ""normalized_MAD"": 0.08579615208876926}"
MAYC,one-hot,XGBoost,2024-07-01,2024-10-01,True,89078,2495,2022-01-01 00:14:11+00:00,2024-06-30 23:16:59+00:00,51aabe7205c46b710ff1622e630a4b1ae554f4fd34aa424b74b1f2d3bd205d5c,ac7b8b5ec9ab9aaae32b960aeff2292bd49412da8cacc7b64285bd2103e6dce2,341,0.03679271378566467,0.1918142689834744,0.06240611491508616,0.24981215926188652,753,5.253087799996138,"{""l2_regularization"": 1, ""learning_rate"": 0.05, ""max_leaf_nodes"": 31}","{""valid"": true, ""warnings"": []}","{""center"": -0.028727289636910312, ""normalized_MAD"": 0.08579615208876926}"
MAYC,one-hot,XGBoost,2024-07-01,2024-10-01,True,89078,2495,2022-01-01 00:14:11+00:00,2024-06-30 23:16:59+00:00,51aabe7205c46b710ff1622e630a4b1ae554f4fd34aa424b74b1f2d3bd205d5c,ac7b8b5ec9ab9aaae32b960aeff2292bd49412da8cacc7b64285bd2103e6dce2,341,0.03686153950521247,0.19199359235456914,0.06268607281367626,0.25037186905416564,753,4.8445016000187024,"{""l2_regularization"": 10, ""learning_rate"": 0.05, ""max_leaf_nodes"": 31}","{""valid"": true, ""warnings"": []}","{""center"": -0.028727289636910312, ""normalized_MAD"": 0.08579615208876926}"
MAYC,one-hot,XGBoost,2024-07-01,2024-10-01,True,89078,2495,2022-01-01 00:14:11+00:00,2024-06-30 23:16:59+00:00,51aabe7205c46b710ff1622e630a4b1ae554f4fd34aa424b74b1f2d3bd205d5c,ac7b8b5ec9ab9aaae32b960aeff2292bd49412da8cacc7b64285bd2103e6dce2,341,0.0371436514073587,0.19272688293893694,0.06294708121047672,0.25089256906189294,753,4.5278093999950215,"{""l2_regularization"": 1, ""learning_rate"": 0.1, ""max_leaf_nodes"": 15}","{""valid"": true, ""warnings"": []}","{""center"": -0.028727289636910312, ""normalized_MAD"": 0.08579615208876926}"
MAYC,one-hot,XGBoost,2024-07-01,2024-10-01,True,89078,2495,2022-01-01 00:14:11+00:00,2024-06-30 23:16:59+00:00,51aabe7205c46b710ff1622e630a4b1ae554f4fd34aa424b74b1f2d3bd205d5c,ac7b8b5ec9ab9aaae32b960aeff2292bd49412da8cacc7b64285bd2103e6dce2,341,0.03701678531022993,0.1923974670057533,0.06287817034123284,0.2507552000283002,753,4.636912600020878,"{""l2_regularization"": 10, ""learning_rate"": 0.1, ""max_leaf_nodes"": 15}","{""valid"": true, ""warnings"": []}","{""center"": -0.028727289636910312, ""normalized_MAD"": 0.08579615208876926}"
MAYC,one-hot,XGBoost,2024-07-01,2024-10-01,True,89078,2495,2022-01-01 00:14:11+00:00,2024-06-30 23:16:59+00:00,51aabe7205c46b710ff1622e630a4b1ae554f4fd34aa424b74b1f2d3bd205d5c,ac7b8b5ec9ab9aaae32b960aeff2292bd49412da8cacc7b64285bd2103e6dce2,341,0.03679858512642344,0.19182957312787682,0.06212452737908572,0.24924792352010822,753,4.74501270003384,"{""l2_regularization"": 1, ""learning_rate"": 0.1, ""max_leaf_nodes"": 31}","{""valid"": true, ""warnings"": []}","{""center"": -0.028727289636910312, ""normalized_MAD"": 0.08579615208876926}"
MAYC,one-hot,XGBoost,2024-07-01,2024-10-01,True,89078,2495,2022-01-01 00:14:11+00:00,2024-06-30 23:16:59+00:00,51aabe7205c46b710ff1622e630a4b1ae554f4fd34aa424b74b1f2d3bd205d5c,ac7b8b5ec9ab9aaae32b960aeff2292bd49412da8cacc7b64285bd2103e6dce2,341,0.036651671808555615,0.19144626350116006,0.06195623339217069,0.248910090981002,753,7.168275000003632,"{""l2_regularization"": 10, ""learning_rate"": 0.1, ""max_leaf_nodes"": 31}","{""valid"": true, ""warnings"": []}","{""center"": -0.028727289636910312, ""normalized_MAD"": 0.08579615208876926}"
MAYC,one-hot,LightGBM,2024-07-01,2024-10-01,True,89078,2495,2022-01-01 00:14:11+00:00,2024-06-30 23:16:59+00:00,51aabe7205c46b710ff1622e630a4b1ae554f4fd34aa424b74b1f2d3bd205d5c,ac7b8b5ec9ab9aaae32b960aeff2292bd49412da8cacc7b64285bd2103e6dce2,341,0.0374107782942268,0.19341866066702768,0.0637080332792831,0.252404503286457,753,0.6912852000095882,"{""l2_regularization"": 1, ""learning_rate"": 0.05, ""max_leaf_nodes"": 15}","{""valid"": true, ""warnings"": []}","{""center"": -0.028727289636910312, ""normalized_MAD"": 0.08579615208876926}"
MAYC,one-hot,LightGBM,2024-07-01,2024-10-01,True,89078,2495,2022-01-01 00:14:11+00:00,2024-06-30 23:16:59+00:00,51aabe7205c46b710ff1622e630a4b1ae554f4fd34aa424b74b1f2d3bd205d5c,ac7b8b5ec9ab9aaae32b960aeff2292bd49412da8cacc7b64285bd2103e6dce2,341,0.037563792483340706,0.19381380880458624,0.0640504476053086,0.25308189900763073,753,0.7424801999586634,"{""l2_regularization"": 10, ""learning_rate"": 0.05, ""max_leaf_nodes"": 15}","{""valid"": true, ""warnings"": []}","{""center"": -0.028727289636910312, ""normalized_MAD"": 0.08579615208876926}"
MAYC,one-hot,LightGBM,2024-07-01,2024-10-01,True,89078,2495,2022-01-01 00:14:11+00:00,2024-06-30 23:16:59+00:00,51aabe7205c46b710ff1622e630a4b1ae554f4fd34aa424b74b1f2d3bd205d5c,ac7b8b5ec9ab9aaae32b960aeff2292bd49412da8cacc7b64285bd2103e6dce2,341,0.03683557700142334,0.1919259675015951,0.062399734286782825,0.2497993880832834,753,0.8776658999850042,"{""l2_regularization"": 1, ""learning_rate"": 0.05, ""max_leaf_nodes"": 31}","{""valid"": true, ""warnings"": []}","{""center"": -0.028727289636910312, ""normalized_MAD"": 0.08579615208876926}"
MAYC,one-hot,LightGBM,2024-07-01,2024-10-01,True,89078,2495,2022-01-01 00:14:11+00:00,2024-06-30 23:16:59+00:00,51aabe7205c46b710ff1622e630a4b1ae554f4fd34aa424b74b1f2d3bd205d5c,ac7b8b5ec9ab9aaae32b960aeff2292bd49412da8cacc7b64285bd2103e6dce2,341,0.03687069634182772,0.19201743759832782,0.06256258505210037,0.25012513878476983,753,0.8862883999827318,"{""l2_regularization"": 10, ""learning_rate"": 0.05, ""max_leaf_nodes"": 31}","{""valid"": true, ""warnings"": []}","{""center"": -0.028727289636910312, ""normalized_MAD"": 0.08579615208876926}"
MAYC,one-hot,LightGBM,2024-07-01,2024-10-01,True,89078,2495,2022-01-01 00:14:11+00:00,2024-06-30 23:16:59+00:00,51aabe7205c46b710ff1622e630a4b1ae554f4fd34aa424b74b1f2d3bd205d5c,ac7b8b5ec9ab9aaae32b960aeff2292bd49412da8cacc7b64285bd2103e6dce2,341,0.036986371314728546,0.19231841127341018,0.06264265608528059,0.2502851495500294,753,0.715504800027702,"{""l2_regularization"": 1, ""learning_rate"": 0.1, ""max_leaf_nodes"": 15}","{""valid"": true, ""warnings"": []}","{""center"": -0.028727289636910312, ""normalized_MAD"": 0.08579615208876926}"
MAYC,one-hot,LightGBM,2024-07-01,2024-10-01,True,89078,2495,2022-01-01 00:14:11+00:00,2024-06-30 23:16:59+00:00,51aabe7205c46b710ff1622e630a4b1ae554f4fd34aa424b74b1f2d3bd205d5c,ac7b8b5ec9ab9aaae32b960aeff2292bd49412da8cacc7b64285bd2103e6dce2,341,0.03684395318592873,0.19194778765572873,0.06264889232575753,0.2502976075110538,753,0.730785800027661,"{""l2_regularization"": 10, ""learning_rate"": 0.1, ""max_leaf_nodes"": 15}","{""valid"": true, ""warnings"": []}","{""center"": -0.028727289636910312, ""normalized_MAD"": 0.08579615208876926}"
MAYC,one-hot,LightGBM,2024-07-01,2024-10-01,True,89078,2495,2022-01-01 00:14:11+00:00,2024-06-30 23:16:59+00:00,51aabe7205c46b710ff1622e630a4b1ae554f4fd34aa424b74b1f2d3bd205d5c,ac7b8b5ec9ab9aaae32b960aeff2292bd49412da8cacc7b64285bd2103e6dce2,341,0.036690819167746386,0.19154847733079577,0.06160767822528705,0.24820894066348023,753,0.8007649999926798,"{""l2_regularization"": 1, ""learning_rate"": 0.1, ""max_leaf_nodes"": 31}","{""valid"": true, ""warnings"": []}","{""center"": -0.028727289636910312, ""normalized_MAD"": 0.08579615208876926}"
MAYC,one-hot,LightGBM,2024-07-01,2024-10-01,True,89078,2495,2022-01-01 00:14:11+00:00,2024-06-30 23:16:59+00:00,51aabe7205c46b710ff1622e630a4b1ae554f4fd34aa424b74b1f2d3bd205d5c,ac7b8b5ec9ab9aaae32b960aeff2292bd49412da8cacc7b64285bd2103e6dce2,341,0.03657309396207331,0.1912409317119986,0.06181777127094285,0.24863179859169834,753,0.7924252999946475,"{""l2_regularization"": 10, ""learning_rate"": 0.1, ""max_leaf_nodes"": 31}","{""valid"": true, ""warnings"": []}","{""center"": -0.028727289636910312, ""normalized_MAD"": 0.08579615208876926}"
MAYC,one-hot,OLS,2024-10-01,2025-01-01,True,91573,3634,2022-01-01 00:14:11+00:00,2024-09-30 22:57:11+00:00,ca2b3e8ab8522cd56c8d3dc01f69d1cd769b3d3fa118412ac26dc0c6a6c7d1d0,25d46bc95104001e5c45d970a72523d9815b3c90139a2bcdf999b78af251ae22,341,0.5640081506043224,0.7510047607068296,0.3121489955888919,0.5587029582782714,1371,1.666643699980341,{},"{""valid"": true, ""warnings"": []}","{""center"": -0.028039220064393047, ""normalized_MAD"": 0.08672989846338708}"
MAYC,one-hot,Ridge,2024-10-01,2025-01-01,True,91573,3634,2022-01-01 00:14:11+00:00,2024-09-30 22:57:11+00:00,ca2b3e8ab8522cd56c8d3dc01f69d1cd769b3d3fa118412ac26dc0c6a6c7d1d0,25d46bc95104001e5c45d970a72523d9815b3c90139a2bcdf999b78af251ae22,341,0.5640081507033924,0.7510047607727879,0.31214899516673045,0.5587029579004665,1371,0.2691329999943264,"{""alpha"": 0.01}","{""valid"": true, ""warnings"": []}","{""center"": -0.028039220064393047, ""normalized_MAD"": 0.08672989846338708}"
MAYC,one-hot,Ridge,2024-10-01,2025-01-01,True,91573,3634,2022-01-01 00:14:11+00:00,2024-09-30 22:57:11+00:00,ca2b3e8ab8522cd56c8d3dc01f69d1cd769b3d3fa118412ac26dc0c6a6c7d1d0,25d46bc95104001e5c45d970a72523d9815b3c90139a2bcdf999b78af251ae22,341,0.5640081515950454,0.7510047613664279,0.3121489913673315,0.5587029545002706,1371,0.2743291999795474,"{""alpha"": 0.1}","{""valid"": true, ""warnings"": []}","{""center"": -0.028039220064393047, ""normalized_MAD"": 0.08672989846338708}"
MAYC,one-hot,Ridge,2024-10-01,2025-01-01,True,91573,3634,2022-01-01 00:14:11+00:00,2024-09-30 22:57:11+00:00,ca2b3e8ab8522cd56c8d3dc01f69d1cd769b3d3fa118412ac26dc0c6a6c7d1d0,25d46bc95104001e5c45d970a72523d9815b3c90139a2bcdf999b78af251ae22,341,0.5640081605138871,0.7510047673043675,0.3121489533791963,0.5587029205035502,1371,0.2872408999828622,"{""alpha"": 1}","{""valid"": true, ""warnings"": []}","{""center"": -0.028039220064393047, ""normalized_MAD"": 0.08672989846338708}"
MAYC,one-hot,Ridge,2024-10-01,2025-01-01,True,91573,3634,2022-01-01 00:14:11+00:00,2024-09-30 22:57:11+00:00,ca2b3e8ab8522cd56c8d3dc01f69d1cd769b3d3fa118412ac26dc0c6a6c7d1d0,25d46bc95104001e5c45d970a72523d9815b3c90139a2bcdf999b78af251ae22,341,0.5640082499334486,0.7510048268376499,0.3121485740826913,0.558702581059629,1371,0.30787810002220795,"{""alpha"": 10}","{""valid"": true, ""warnings"": []}","{""center"": -0.028039220064393047, ""normalized_MAD"": 0.08672989846338708}"
MAYC,one-hot,Ridge,2024-10-01,2025-01-01,True,91573,3634,2022-01-01 00:14:11+00:00,2024-09-30 22:57:11+00:00,ca2b3e8ab8522cd56c8d3dc01f69d1cd769b3d3fa118412ac26dc0c6a6c7d1d0,25d46bc95104001e5c45d970a72523d9815b3c90139a2bcdf999b78af251ae22,341,0.5640091671618659,0.7510054375048598,0.31214483938739956,0.5586992387567747,1371,0.28026550001231954,"{""alpha"": 100}","{""valid"": true, ""warnings"": []}","{""center"": -0.028039220064393047, ""normalized_MAD"": 0.08672989846338708}"
MAYC,one-hot,Ridge,2024-10-01,2025-01-01,True,91573,3634,2022-01-01 00:14:11+00:00,2024-09-30 22:57:11+00:00,ca2b3e8ab8522cd56c8d3dc01f69d1cd769b3d3fa118412ac26dc0c6a6c7d1d0,25d46bc95104001e5c45d970a72523d9815b3c90139a2bcdf999b78af251ae22,341,0.564020562119821,0.7510130239348856,0.3121131088915533,0.5586708412755702,1371,0.2778145999764092,"{""alpha"": 1000}","{""valid"": true, ""warnings"": []}","{""center"": -0.028039220064393047, ""normalized_MAD"": 0.08672989846338708}"
MAYC,one-hot,Ridge,2024-10-01,2025-01-01,True,91573,3634,2022-01-01 00:14:11+00:00,2024-09-30 22:57:11+00:00,ca2b3e8ab8522cd56c8d3dc01f69d1cd769b3d3fa118412ac26dc0c6a6c7d1d0,25d46bc95104001e5c45d970a72523d9815b3c90139a2bcdf999b78af251ae22,341,0.5642889342877665,0.751191676130511,0.312191483759227,0.558740980919806,1371,0.2745080000022426,"{""alpha"": 10000}","{""valid"": true, ""warnings"": []}","{""center"": -0.028039220064393047, ""normalized_MAD"": 0.08672989846338708}"
MAYC,one-hot,Ridge,2024-10-01,2025-01-01,True,91573,3634,2022-01-01 00:14:11+00:00,2024-09-30 22:57:11+00:00,ca2b3e8ab8522cd56c8d3dc01f69d1cd769b3d3fa118412ac26dc0c6a6c7d1d0,25d46bc95104001e5c45d970a72523d9815b3c90139a2bcdf999b78af251ae22,341,0.5674653340469545,0.75330294971343,0.31681161568163985,0.5628602097160892,1371,0.33072899997932836,"{""alpha"": 100000}","{""valid"": true, ""warnings"": []}","{""center"": -0.028039220064393047, ""normalized_MAD"": 0.08672989846338708}"
MAYC,one-hot,Ridge,2024-10-01,2025-01-01,True,91573,3634,2022-01-01 00:14:11+00:00,2024-09-30 22:57:11+00:00,ca2b3e8ab8522cd56c8d3dc01f69d1cd769b3d3fa118412ac26dc0c6a6c7d1d0,25d46bc95104001e5c45d970a72523d9815b3c90139a2bcdf999b78af251ae22,341,0.5721328386688391,0.7563946315706102,0.3252665721962456,0.5703214639098249,1371,0.2929685999988578,"{""alpha"": 1000000}","{""valid"": true, ""warnings"": []}","{""center"": -0.028039220064393047, ""normalized_MAD"": 0.08672989846338708}"
MAYC,one-hot,ElasticNet,2024-10-01,2025-01-01,True,91573,3634,2022-01-01 00:14:11+00:00,2024-09-30 22:57:11+00:00,ca2b3e8ab8522cd56c8d3dc01f69d1cd769b3d3fa118412ac26dc0c6a6c7d1d0,25d46bc95104001e5c45d970a72523d9815b3c90139a2bcdf999b78af251ae22,341,0.5640251330882251,0.7510160671305409,0.31216596075893344,0.5587181407104421,1371,63.20561910001561,"{""alpha"": 0.001, ""l1_ratio"": 0.1}","{""valid"": true, ""warnings"": []}","{""center"": -0.028039220064393047, ""normalized_MAD"": 0.08672989846338708}"
MAYC,one-hot,ElasticNet,2024-10-01,2025-01-01,True,91573,3634,2022-01-01 00:14:11+00:00,2024-09-30 22:57:11+00:00,ca2b3e8ab8522cd56c8d3dc01f69d1cd769b3d3fa118412ac26dc0c6a6c7d1d0,25d46bc95104001e5c45d970a72523d9815b3c90139a2bcdf999b78af251ae22,341,0.5640983976335104,0.7510648424959795,0.3122537614036414,0.5587967084760266,1371,60.80687549995491,"{""alpha"": 0.001, ""l1_ratio"": 0.5}","{""valid"": true, ""warnings"": []}","{""center"": -0.028039220064393047, ""normalized_MAD"": 0.08672989846338708}"
MAYC,one-hot,ElasticNet,2024-10-01,2025-01-01,True,91573,3634,2022-01-01 00:14:11+00:00,2024-09-30 22:57:11+00:00,ca2b3e8ab8522cd56c8d3dc01f69d1cd769b3d3fa118412ac26dc0c6a6c7d1d0,25d46bc95104001e5c45d970a72523d9815b3c90139a2bcdf999b78af251ae22,341,0.5641790499663629,0.7511185325675056,0.31235351644851267,0.5588859601461756,1371,6.4658189000329,"{""alpha"": 0.001, ""l1_ratio"": 0.9}","{""valid"": true, ""warnings"": []}","{""center"": -0.028039220064393047, ""normalized_MAD"": 0.08672989846338708}"
MAYC,one-hot,ElasticNet,2024-10-01,2025-01-01,True,91573,3634,2022-01-01 00:14:11+00:00,2024-09-30 22:57:11+00:00,ca2b3e8ab8522cd56c8d3dc01f69d1cd769b3d3fa118412ac26dc0c6a6c7d1d0,25d46bc95104001e5c45d970a72523d9815b3c90139a2bcdf999b78af251ae22,341,0.5642156654250675,0.7511429061271014,0.3123909551937666,0.5589194532253879,1371,8.824301499989815,"{""alpha"": 0.01, ""l1_ratio"": 0.1}","{""valid"": true, ""warnings"": []}","{""center"": -0.028039220064393047, ""normalized_MAD"": 0.08672989846338708}"
MAYC,one-hot,ElasticNet,2024-10-01,2025-01-01,True,91573,3634,2022-01-01 00:14:11+00:00,2024-09-30 22:57:11+00:00,ca2b3e8ab8522cd56c8d3dc01f69d1cd769b3d3fa118412ac26dc0c6a6c7d1d0,25d46bc95104001e5c45d970a72523d9815b3c90139a2bcdf999b78af251ae22,341,0.5649950922470586,0.7516615543228605,0.31373540518853804,0.5601208844424015,1371,9.766226499981713,"{""alpha"": 0.01, ""l1_ratio"": 0.5}","{""valid"": true, ""warnings"": []}","{""center"": -0.028039220064393047, ""normalized_MAD"": 0.08672989846338708}"
MAYC,one-hot,ElasticNet,2024-10-01,2025-01-01,True,91573,3634,2022-01-01 00:14:11+00:00,2024-09-30 22:57:11+00:00,ca2b3e8ab8522cd56c8d3dc01f69d1cd769b3d3fa118412ac26dc0c6a6c7d1d0,25d46bc95104001e5c45d970a72523d9815b3c90139a2bcdf999b78af251ae22,341,0.5660735393529239,0.752378587782058,0.3152321031421237,0.5614553438539202,1371,26.344569100008812,"{""alpha"": 0.01, ""l1_ratio"": 0.9}","{""valid"": true, ""warnings"": []}","{""center"": -0.028039220064393047, ""normalized_MAD"": 0.08672989846338708}"
MAYC,one-hot,ElasticNet,2024-10-01,2025-01-01,True,91573,3634,2022-01-01 00:14:11+00:00,2024-09-30 22:57:11+00:00,ca2b3e8ab8522cd56c8d3dc01f69d1cd769b3d3fa118412ac26dc0c6a6c7d1d0,25d46bc95104001e5c45d970a72523d9815b3c90139a2bcdf999b78af251ae22,341,0.566636809051554,0.7527528206865478,0.3159426496715356,0.5620877597595731,1371,1.077406800002791,"{""alpha"": 0.1, ""l1_ratio"": 0.1}","{""valid"": true, ""warnings"": []}","{""center"": -0.028039220064393047, ""normalized_MAD"": 0.08672989846338708}"
MAYC,one-hot,ElasticNet,2024-10-01,2025-01-01,True,91573,3634,2022-01-01 00:14:11+00:00,2024-09-30 22:57:11+00:00,ca2b3e8ab8522cd56c8d3dc01f69d1cd769b3d3fa118412ac26dc0c6a6c7d1d0,25d46bc95104001e5c45d970a72523d9815b3c90139a2bcdf999b78af251ae22,341,0.5709504425023619,0.7556126272782648,0.32182567396743067,0.5672968129360773,1371,1.1402818000060506,"{""alpha"": 0.1, ""l1_ratio"": 0.5}","{""valid"": true, ""warnings"": []}","{""center"": -0.028039220064393047, ""normalized_MAD"": 0.08672989846338708}"
MAYC,one-hot,ElasticNet,2024-10-01,2025-01-01,True,91573,3634,2022-01-01 00:14:11+00:00,2024-09-30 22:57:11+00:00,ca2b3e8ab8522cd56c8d3dc01f69d1cd769b3d3fa118412ac26dc0c6a6c7d1d0,25d46bc95104001e5c45d970a72523d9815b3c90139a2bcdf999b78af251ae22,341,0.5717431161275734,0.7561369691580841,0.32337082326226035,0.5686570348305385,1371,3.733022100001108,"{""alpha"": 0.1, ""l1_ratio"": 0.9}","{""valid"": true, ""warnings"": []}","{""center"": -0.028039220064393047, ""normalized_MAD"": 0.08672989846338708}"
MAYC,one-hot,ElasticNet,2024-10-01,2025-01-01,True,91573,3634,2022-01-01 00:14:11+00:00,2024-09-30 22:57:11+00:00,ca2b3e8ab8522cd56c8d3dc01f69d1cd769b3d3fa118412ac26dc0c6a6c7d1d0,25d46bc95104001e5c45d970a72523d9815b3c90139a2bcdf999b78af251ae22,341,0.5726049339423579,0.7567066366448479,0.32560937573569043,0.5706219201324906,1371,0.3046870999969542,"{""alpha"": 1, ""l1_ratio"": 0.1}","{""valid"": true, ""warnings"": []}","{""center"": -0.028039220064393047, ""normalized_MAD"": 0.08672989846338708}"
MAYC,one-hot,ElasticNet,2024-10-01,2025-01-01,True,91573,3634,2022-01-01 00:14:11+00:00,2024-09-30 22:57:11+00:00,ca2b3e8ab8522cd56c8d3dc01f69d1cd769b3d3fa118412ac26dc0c6a6c7d1d0,25d46bc95104001e5c45d970a72523d9815b3c90139a2bcdf999b78af251ae22,341,0.5745070312053306,0.7579624207078677,0.32996379106860174,0.5744247479597321,1371,0.17136189999291673,"{""alpha"": 1, ""l1_ratio"": 0.5}","{""valid"": true, ""warnings"": []}","{""center"": -0.028039220064393047, ""normalized_MAD"": 0.08672989846338708}"
MAYC,one-hot,ElasticNet,2024-10-01,2025-01-01,True,91573,3634,2022-01-01 00:14:11+00:00,2024-09-30 22:57:11+00:00,ca2b3e8ab8522cd56c8d3dc01f69d1cd769b3d3fa118412ac26dc0c6a6c7d1d0,25d46bc95104001e5c45d970a72523d9815b3c90139a2bcdf999b78af251ae22,341,0.5745070312053306,0.7579624207078677,0.32996379106860174,0.5744247479597321,1371,0.18415169999934733,"{""alpha"": 1, ""l1_ratio"": 0.9}","{""valid"": true, ""warnings"": []}","{""center"": -0.028039220064393047, ""normalized_MAD"": 0.08672989846338708}"
MAYC,one-hot,ElasticNet,2024-10-01,2025-01-01,True,91573,3634,2022-01-01 00:14:11+00:00,2024-09-30 22:57:11+00:00,ca2b3e8ab8522cd56c8d3dc01f69d1cd769b3d3fa118412ac26dc0c6a6c7d1d0,25d46bc95104001e5c45d970a72523d9815b3c90139a2bcdf999b78af251ae22,341,0.5745070312053306,0.7579624207078677,0.32996379106860174,0.5744247479597321,1371,0.17282219999469817,"{""alpha"": 10, ""l1_ratio"": 0.1}","{""valid"": true, ""warnings"": []}","{""center"": -0.028039220064393047, ""normalized_MAD"": 0.08672989846338708}"
MAYC,one-hot,ElasticNet,2024-10-01,2025-01-01,True,91573,3634,2022-01-01 00:14:11+00:00,2024-09-30 22:57:11+00:00,ca2b3e8ab8522cd56c8d3dc01f69d1cd769b3d3fa118412ac26dc0c6a6c7d1d0,25d46bc95104001e5c45d970a72523d9815b3c90139a2bcdf999b78af251ae22,341,0.5745070312053306,0.7579624207078677,0.32996379106860174,0.5744247479597321,1371,0.17273630003910512,"{""alpha"": 10, ""l1_ratio"": 0.5}","{""valid"": true, ""warnings"": []}","{""center"": -0.028039220064393047, ""normalized_MAD"": 0.08672989846338708}"
MAYC,one-hot,ElasticNet,2024-10-01,2025-01-01,True,91573,3634,2022-01-01 00:14:11+00:00,2024-09-30 22:57:11+00:00,ca2b3e8ab8522cd56c8d3dc01f69d1cd769b3d3fa118412ac26dc0c6a6c7d1d0,25d46bc95104001e5c45d970a72523d9815b3c90139a2bcdf999b78af251ae22,341,0.5745070312053306,0.7579624207078677,0.32996379106860174,0.5744247479597321,1371,0.1856559999869205,"{""alpha"": 10, ""l1_ratio"": 0.9}","{""valid"": true, ""warnings"": []}","{""center"": -0.028039220064393047, ""normalized_MAD"": 0.08672989846338708}"
MAYC,one-hot,PLS,2024-10-01,2025-01-01,True,91573,3634,2022-01-01 00:14:11+00:00,2024-09-30 22:57:11+00:00,ca2b3e8ab8522cd56c8d3dc01f69d1cd769b3d3fa118412ac26dc0c6a6c7d1d0,25d46bc95104001e5c45d970a72523d9815b3c90139a2bcdf999b78af251ae22,341,0.5639977064383581,0.7509978072127496,0.3121599239122624,0.5587127382763547,1371,1.9546152999973856,"{""components"": 8}","{""valid"": true, ""warnings"": []}","{""center"": -0.028039220064393047, ""normalized_MAD"": 0.08672989846338708}"
MAYC,one-hot,PLS,2024-10-01,2025-01-01,True,91573,3634,2022-01-01 00:14:11+00:00,2024-09-30 22:57:11+00:00,ca2b3e8ab8522cd56c8d3dc01f69d1cd769b3d3fa118412ac26dc0c6a6c7d1d0,25d46bc95104001e5c45d970a72523d9815b3c90139a2bcdf999b78af251ae22,341,0.5640081606462428,0.7510047673924866,0.31214900294517517,0.5587029648616295,1371,3.4403723999857903,"{""components"": 16}","{""valid"": true, ""warnings"": []}","{""center"": -0.028039220064393047, ""normalized_MAD"": 0.08672989846338708}"
MAYC,one-hot,PLS,2024-10-01,2025-01-01,True,91573,3634,2022-01-01 00:14:11+00:00,2024-09-30 22:57:11+00:00,ca2b3e8ab8522cd56c8d3dc01f69d1cd769b3d3fa118412ac26dc0c6a6c7d1d0,25d46bc95104001e5c45d970a72523d9815b3c90139a2bcdf999b78af251ae22,341,0.5640081506043227,0.7510047607068299,0.31214899558889236,0.5587029582782719,1371,6.830622200039215,"{""components"": 32}","{""valid"": true, ""warnings"": []}","{""center"": -0.028039220064393047, ""normalized_MAD"": 0.08672989846338708}"
MAYC,one-hot,PLS,2024-10-01,2025-01-01,True,91573,3634,2022-01-01 00:14:11+00:00,2024-09-30 22:57:11+00:00,ca2b3e8ab8522cd56c8d3dc01f69d1cd769b3d3fa118412ac26dc0c6a6c7d1d0,25d46bc95104001e5c45d970a72523d9815b3c90139a2bcdf999b78af251ae22,341,0.5640081506043273,0.7510047607068329,0.3121489955888954,0.5587029582782745,1371,13.454577600001357,"{""components"": 64}","{""valid"": true, ""warnings"": []}","{""center"": -0.028039220064393047, ""normalized_MAD"": 0.08672989846338708}"
MAYC,one-hot,LinearSVR,2024-10-01,2025-01-01,True,91573,3634,2022-01-01 00:14:11+00:00,2024-09-30 22:57:11+00:00,ca2b3e8ab8522cd56c8d3dc01f69d1cd769b3d3fa118412ac26dc0c6a6c7d1d0,25d46bc95104001e5c45d970a72523d9815b3c90139a2bcdf999b78af251ae22,341,0.5641727747072771,0.7511143552797251,0.3123866894407867,0.5589156371410507,1371,1.8913190999883227,"{""C"": 0.01, ""epsilon"": 0.1}","{""valid"": true, ""warnings"": []}","{""center"": -0.028039220064393047, ""normalized_MAD"": 0.08672989846338708}"
MAYC,one-hot,LinearSVR,2024-10-01,2025-01-01,True,91573,3634,2022-01-01 00:14:11+00:00,2024-09-30 22:57:11+00:00,ca2b3e8ab8522cd56c8d3dc01f69d1cd769b3d3fa118412ac26dc0c6a6c7d1d0,25d46bc95104001e5c45d970a72523d9815b3c90139a2bcdf999b78af251ae22,341,0.5643558727545447,0.7512362296605141,0.3126599179109179,0.5591600110084035,1371,1.7376270000240766,"{""C"": 0.01, ""epsilon"": 0.2}","{""valid"": true, ""warnings"": []}","{""center"": -0.028039220064393047, ""normalized_MAD"": 0.08672989846338708}"
MAYC,one-hot,LinearSVR,2024-10-01,2025-01-01,True,91573,3634,2022-01-01 00:14:11+00:00,2024-09-30 22:57:11+00:00,ca2b3e8ab8522cd56c8d3dc01f69d1cd769b3d3fa118412ac26dc0c6a6c7d1d0,25d46bc95104001e5c45d970a72523d9815b3c90139a2bcdf999b78af251ae22,341,0.5641720972709927,0.751113904325431,0.31238874310694553,0.5589174743259916,1371,1.8468384000007063,"{""C"": 0.1, ""epsilon"": 0.1}","{""valid"": true, ""warnings"": []}","{""center"": -0.028039220064393047, ""normalized_MAD"": 0.08672989846338708}"
MAYC,one-hot,LinearSVR,2024-10-01,2025-01-01,True,91573,3634,2022-01-01 00:14:11+00:00,2024-09-30 22:57:11+00:00,ca2b3e8ab8522cd56c8d3dc01f69d1cd769b3d3fa118412ac26dc0c6a6c7d1d0,25d46bc95104001e5c45d970a72523d9815b3c90139a2bcdf999b78af251ae22,341,0.5643553808156658,0.7512359022408779,0.31266293512958593,0.5591627089940691,1371,1.7096936999587342,"{""C"": 0.1, ""epsilon"": 0.2}","{""valid"": true, ""warnings"": []}","{""center"": -0.028039220064393047, ""normalized_MAD"": 0.08672989846338708}"
MAYC,one-hot,LinearSVR,2024-10-01,2025-01-01,True,91573,3634,2022-01-01 00:14:11+00:00,2024-09-30 22:57:11+00:00,ca2b3e8ab8522cd56c8d3dc01f69d1cd769b3d3fa118412ac26dc0c6a6c7d1d0,25d46bc95104001e5c45d970a72523d9815b3c90139a2bcdf999b78af251ae22,341,0.5641720316034771,0.7511138606120094,0.3123889508560292,0.5589176601754763,1371,1.9231578000471927,"{""C"": 1, ""epsilon"": 0.1}","{""valid"": true, ""warnings"": []}","{""center"": -0.028039220064393047, ""normalized_MAD"": 0.08672989846338708}"
MAYC,one-hot,LinearSVR,2024-10-01,2025-01-01,True,91573,3634,2022-01-01 00:14:11+00:00,2024-09-30 22:57:11+00:00,ca2b3e8ab8522cd56c8d3dc01f69d1cd769b3d3fa118412ac26dc0c6a6c7d1d0,25d46bc95104001e5c45d970a72523d9815b3c90139a2bcdf999b78af251ae22,341,0.564355324634074,0.7512358648481008,0.3126632254061238,0.5591629685575787,1371,1.7159695000154898,"{""C"": 1, ""epsilon"": 0.2}","{""valid"": true, ""warnings"": []}","{""center"": -0.028039220064393047, ""normalized_MAD"": 0.08672989846338708}"
MAYC,one-hot,HistGradientBoosting,2024-10-01,2025-01-01,True,91573,3634,2022-01-01 00:14:11+00:00,2024-09-30 22:57:11+00:00,ca2b3e8ab8522cd56c8d3dc01f69d1cd769b3d3fa118412ac26dc0c6a6c7d1d0,25d46bc95104001e5c45d970a72523d9815b3c90139a2bcdf999b78af251ae22,341,0.5635084186155451,0.7506719780407053,0.31246483982554535,0.5589855452742453,1371,15.610470200015698,"{""l2_regularization"": 1, ""learning_rate"": 0.05, ""max_leaf_nodes"": 15}","{""valid"": true, ""warnings"": []}","{""center"": -0.028039220064393047, ""normalized_MAD"": 0.08672989846338708}"
MAYC,one-hot,HistGradientBoosting,2024-10-01,2025-01-01,True,91573,3634,2022-01-01 00:14:11+00:00,2024-09-30 22:57:11+00:00,ca2b3e8ab8522cd56c8d3dc01f69d1cd769b3d3fa118412ac26dc0c6a6c7d1d0,25d46bc95104001e5c45d970a72523d9815b3c90139a2bcdf999b78af251ae22,341,0.5639041341288383,0.7509355059716103,0.3126887385254902,0.5591857817626358,1371,11.644286299997475,"{""l2_regularization"": 10, ""learning_rate"": 0.05, ""max_leaf_nodes"": 15}","{""valid"": true, ""warnings"": []}","{""center"": -0.028039220064393047, ""normalized_MAD"": 0.08672989846338708}"
MAYC,one-hot,HistGradientBoosting,2024-10-01,2025-01-01,True,91573,3634,2022-01-01 00:14:11+00:00,2024-09-30 22:57:11+00:00,ca2b3e8ab8522cd56c8d3dc01f69d1cd769b3d3fa118412ac26dc0c6a6c7d1d0,25d46bc95104001e5c45d970a72523d9815b3c90139a2bcdf999b78af251ae22,341,0.5626588745868086,0.7501059089134071,0.31162404933953164,0.5582329704877093,1371,15.223520100000314,"{""l2_regularization"": 1, ""learning_rate"": 0.05, ""max_leaf_nodes"": 31}","{""valid"": true, ""warnings"": []}","{""center"": -0.028039220064393047, ""normalized_MAD"": 0.08672989846338708}"
MAYC,one-hot,HistGradientBoosting,2024-10-01,2025-01-01,True,91573,3634,2022-01-01 00:14:11+00:00,2024-09-30 22:57:11+00:00,ca2b3e8ab8522cd56c8d3dc01f69d1cd769b3d3fa118412ac26dc0c6a6c7d1d0,25d46bc95104001e5c45d970a72523d9815b3c90139a2bcdf999b78af251ae22,341,0.5631203618455392,0.7504134605972491,0.31202590799550256,0.5585927926455035,1371,15.181866900005843,"{""l2_regularization"": 10, ""learning_rate"": 0.05, ""max_leaf_nodes"": 31}","{""valid"": true, ""warnings"": []}","{""center"": -0.028039220064393047, ""normalized_MAD"": 0.08672989846338708}"
MAYC,one-hot,HistGradientBoosting,2024-10-01,2025-01-01,True,91573,3634,2022-01-01 00:14:11+00:00,2024-09-30 22:57:11+00:00,ca2b3e8ab8522cd56c8d3dc01f69d1cd769b3d3fa118412ac26dc0c6a6c7d1d0,25d46bc95104001e5c45d970a72523d9815b3c90139a2bcdf999b78af251ae22,341,0.562782432629917,0.750188264790857,0.31144725603870826,0.5580745971988944,1371,10.922339800046757,"{""l2_regularization"": 1, ""learning_rate"": 0.1, ""max_leaf_nodes"": 15}","{""valid"": true, ""warnings"": []}","{""center"": -0.028039220064393047, ""normalized_MAD"": 0.08672989846338708}"
MAYC,one-hot,HistGradientBoosting,2024-10-01,2025-01-01,True,91573,3634,2022-01-01 00:14:11+00:00,2024-09-30 22:57:11+00:00,ca2b3e8ab8522cd56c8d3dc01f69d1cd769b3d3fa118412ac26dc0c6a6c7d1d0,25d46bc95104001e5c45d970a72523d9815b3c90139a2bcdf999b78af251ae22,341,0.5634062747364095,0.7506039399952611,0.3118238073771367,0.5584118617804754,1371,11.185999799985439,"{""l2_regularization"": 10, ""learning_rate"": 0.1, ""max_leaf_nodes"": 15}","{""valid"": true, ""warnings"": []}","{""center"": -0.028039220064393047, ""normalized_MAD"": 0.08672989846338708}"
MAYC,one-hot,HistGradientBoosting,2024-10-01,2025-01-01,True,91573,3634,2022-01-01 00:14:11+00:00,2024-09-30 22:57:11+00:00,ca2b3e8ab8522cd56c8d3dc01f69d1cd769b3d3fa118412ac26dc0c6a6c7d1d0,25d46bc95104001e5c45d970a72523d9815b3c90139a2bcdf999b78af251ae22,341,0.5621314986485099,0.7497542921841194,0.31067456179844505,0.5573818814766452,1371,13.935669300029986,"{""l2_regularization"": 1, ""learning_rate"": 0.1, ""max_leaf_nodes"": 31}","{""valid"": true, ""warnings"": []}","{""center"": -0.028039220064393047, ""normalized_MAD"": 0.08672989846338708}"
MAYC,one-hot,HistGradientBoosting,2024-10-01,2025-01-01,True,91573,3634,2022-01-01 00:14:11+00:00,2024-09-30 22:57:11+00:00,ca2b3e8ab8522cd56c8d3dc01f69d1cd769b3d3fa118412ac26dc0c6a6c7d1d0,25d46bc95104001e5c45d970a72523d9815b3c90139a2bcdf999b78af251ae22,341,0.5623980605539864,0.7499320372900377,0.3111482004683447,0.5578065977275141,1371,14.134742799971718,"{""l2_regularization"": 10, ""learning_rate"": 0.1, ""max_leaf_nodes"": 31}","{""valid"": true, ""warnings"": []}","{""center"": -0.028039220064393047, ""normalized_MAD"": 0.08672989846338708}"
MAYC,one-hot,XGBoost,2024-10-01,2025-01-01,True,91573,3634,2022-01-01 00:14:11+00:00,2024-09-30 22:57:11+00:00,ca2b3e8ab8522cd56c8d3dc01f69d1cd769b3d3fa118412ac26dc0c6a6c7d1d0,25d46bc95104001e5c45d970a72523d9815b3c90139a2bcdf999b78af251ae22,341,0.5635084195707516,0.7506719786769396,0.3124648413618089,0.5589855466483985,1371,5.166443699970841,"{""l2_regularization"": 1, ""learning_rate"": 0.05, ""max_leaf_nodes"": 15}","{""valid"": true, ""warnings"": []}","{""center"": -0.028039220064393047, ""normalized_MAD"": 0.08672989846338708}"
MAYC,one-hot,XGBoost,2024-10-01,2025-01-01,True,91573,3634,2022-01-01 00:14:11+00:00,2024-09-30 22:57:11+00:00,ca2b3e8ab8522cd56c8d3dc01f69d1cd769b3d3fa118412ac26dc0c6a6c7d1d0,25d46bc95104001e5c45d970a72523d9815b3c90139a2bcdf999b78af251ae22,341,0.5639041394316551,0.7509355095024173,0.31268874702703614,0.5591857893643544,1371,4.986756500031333,"{""l2_regularization"": 10, ""learning_rate"": 0.05, ""max_leaf_nodes"": 15}","{""valid"": true, ""warnings"": []}","{""center"": -0.028039220064393047, ""normalized_MAD"": 0.08672989846338708}"
MAYC,one-hot,XGBoost,2024-10-01,2025-01-01,True,91573,3634,2022-01-01 00:14:11+00:00,2024-09-30 22:57:11+00:00,ca2b3e8ab8522cd56c8d3dc01f69d1cd769b3d3fa118412ac26dc0c6a6c7d1d0,25d46bc95104001e5c45d970a72523d9815b3c90139a2bcdf999b78af251ae22,341,0.562658878235979,0.7501059113458439,0.3116240549103038,0.5582329754773573,1371,5.229591500014067,"{""l2_regularization"": 1, ""learning_rate"": 0.05, ""max_leaf_nodes"": 31}","{""valid"": true, ""warnings"": []}","{""center"": -0.028039220064393047, ""normalized_MAD"": 0.08672989846338708}"
MAYC,one-hot,XGBoost,2024-10-01,2025-01-01,True,91573,3634,2022-01-01 00:14:11+00:00,2024-09-30 22:57:11+00:00,ca2b3e8ab8522cd56c8d3dc01f69d1cd769b3d3fa118412ac26dc0c6a6c7d1d0,25d46bc95104001e5c45d970a72523d9815b3c90139a2bcdf999b78af251ae22,341,0.5630725465893174,0.7503816006468425,0.3119214845663389,0.5584993147411542,1371,5.07910669996636,"{""l2_regularization"": 10, ""learning_rate"": 0.05, ""max_leaf_nodes"": 31}","{""valid"": true, ""warnings"": []}","{""center"": -0.028039220064393047, ""normalized_MAD"": 0.08672989846338708}"
MAYC,one-hot,XGBoost,2024-10-01,2025-01-01,True,91573,3634,2022-01-01 00:14:11+00:00,2024-09-30 22:57:11+00:00,ca2b3e8ab8522cd56c8d3dc01f69d1cd769b3d3fa118412ac26dc0c6a6c7d1d0,25d46bc95104001e5c45d970a72523d9815b3c90139a2bcdf999b78af251ae22,341,0.5627824329665295,0.7501882650152091,0.3114472562922682,0.5580745974260684,1371,4.687274000025354,"{""l2_regularization"": 1, ""learning_rate"": 0.1, ""max_leaf_nodes"": 15}","{""valid"": true, ""warnings"": []}","{""center"": -0.028039220064393047, ""normalized_MAD"": 0.08672989846338708}"
MAYC,one-hot,XGBoost,2024-10-01,2025-01-01,True,91573,3634,2022-01-01 00:14:11+00:00,2024-09-30 22:57:11+00:00,ca2b3e8ab8522cd56c8d3dc01f69d1cd769b3d3fa118412ac26dc0c6a6c7d1d0,25d46bc95104001e5c45d970a72523d9815b3c90139a2bcdf999b78af251ae22,341,0.5634062739545527,0.7506039394744426,0.3118238063702494,0.558411860878912,1371,5.752820599998813,"{""l2_regularization"": 10, ""learning_rate"": 0.1, ""max_leaf_nodes"": 15}","{""valid"": true, ""warnings"": []}","{""center"": -0.028039220064393047, ""normalized_MAD"": 0.08672989846338708}"
MAYC,one-hot,XGBoost,2024-10-01,2025-01-01,True,91573,3634,2022-01-01 00:14:11+00:00,2024-09-30 22:57:11+00:00,ca2b3e8ab8522cd56c8d3dc01f69d1cd769b3d3fa118412ac26dc0c6a6c7d1d0,25d46bc95104001e5c45d970a72523d9815b3c90139a2bcdf999b78af251ae22,341,0.5621315003354087,0.7497542933090872,0.31067456336012883,0.5573818828775553,1371,5.796588999975938,"{""l2_regularization"": 1, ""learning_rate"": 0.1, ""max_leaf_nodes"": 31}","{""valid"": true, ""warnings"": []}","{""center"": -0.028039220064393047, ""normalized_MAD"": 0.08672989846338708}"
MAYC,one-hot,XGBoost,2024-10-01,2025-01-01,True,91573,3634,2022-01-01 00:14:11+00:00,2024-09-30 22:57:11+00:00,ca2b3e8ab8522cd56c8d3dc01f69d1cd769b3d3fa118412ac26dc0c6a6c7d1d0,25d46bc95104001e5c45d970a72523d9815b3c90139a2bcdf999b78af251ae22,341,0.5623980606632655,0.7499320373628969,0.31114819835788876,0.5578065958357689,1371,5.805589099996723,"{""l2_regularization"": 10, ""learning_rate"": 0.1, ""max_leaf_nodes"": 31}","{""valid"": true, ""warnings"": []}","{""center"": -0.028039220064393047, ""normalized_MAD"": 0.08672989846338708}"
MAYC,one-hot,LightGBM,2024-10-01,2025-01-01,True,91573,3634,2022-01-01 00:14:11+00:00,2024-09-30 22:57:11+00:00,ca2b3e8ab8522cd56c8d3dc01f69d1cd769b3d3fa118412ac26dc0c6a6c7d1d0,25d46bc95104001e5c45d970a72523d9815b3c90139a2bcdf999b78af251ae22,341,0.5636653720632044,0.750776512727459,0.3125310109569396,0.5590447307299654,1371,0.7532393999863416,"{""l2_regularization"": 1, ""learning_rate"": 0.05, ""max_leaf_nodes"": 15}","{""valid"": true, ""warnings"": []}","{""center"": -0.028039220064393047, ""normalized_MAD"": 0.08672989846338708}"
MAYC,one-hot,LightGBM,2024-10-01,2025-01-01,True,91573,3634,2022-01-01 00:14:11+00:00,2024-09-30 22:57:11+00:00,ca2b3e8ab8522cd56c8d3dc01f69d1cd769b3d3fa118412ac26dc0c6a6c7d1d0,25d46bc95104001e5c45d970a72523d9815b3c90139a2bcdf999b78af251ae22,341,0.5639249282301136,0.7509493513081382,0.3127605625479478,0.559250000042868,1371,0.7965414999634959,"{""l2_regularization"": 10, ""learning_rate"": 0.05, ""max_leaf_nodes"": 15}","{""valid"": true, ""warnings"": []}","{""center"": -0.028039220064393047, ""normalized_MAD"": 0.08672989846338708}"
MAYC,one-hot,LightGBM,2024-10-01,2025-01-01,True,91573,3634,2022-01-01 00:14:11+00:00,2024-09-30 22:57:11+00:00,ca2b3e8ab8522cd56c8d3dc01f69d1cd769b3d3fa118412ac26dc0c6a6c7d1d0,25d46bc95104001e5c45d970a72523d9815b3c90139a2bcdf999b78af251ae22,341,0.5626884808259099,0.7501256433597707,0.31160581612896304,0.558216639064945,1371,0.864121500053443,"{""l2_regularization"": 1, ""learning_rate"": 0.05, ""max_leaf_nodes"": 31}","{""valid"": true, ""warnings"": []}","{""center"": -0.028039220064393047, ""normalized_MAD"": 0.08672989846338708}"
MAYC,one-hot,LightGBM,2024-10-01,2025-01-01,True,91573,3634,2022-01-01 00:14:11+00:00,2024-09-30 22:57:11+00:00,ca2b3e8ab8522cd56c8d3dc01f69d1cd769b3d3fa118412ac26dc0c6a6c7d1d0,25d46bc95104001e5c45d970a72523d9815b3c90139a2bcdf999b78af251ae22,341,0.5631680552902706,0.7504452380355748,0.3121238988347903,0.5586804979903901,1371,0.8873442000476643,"{""l2_regularization"": 10, ""learning_rate"": 0.05, ""max_leaf_nodes"": 31}","{""valid"": true, ""warnings"": []}","{""center"": -0.028039220064393047, ""normalized_MAD"": 0.08672989846338708}"
MAYC,one-hot,LightGBM,2024-10-01,2025-01-01,True,91573,3634,2022-01-01 00:14:11+00:00,2024-09-30 22:57:11+00:00,ca2b3e8ab8522cd56c8d3dc01f69d1cd769b3d3fa118412ac26dc0c6a6c7d1d0,25d46bc95104001e5c45d970a72523d9815b3c90139a2bcdf999b78af251ae22,341,0.5627685136745456,0.7501789877586186,0.3115506714200375,0.5581672432345323,1371,0.6768477999721654,"{""l2_regularization"": 1, ""learning_rate"": 0.1, ""max_leaf_nodes"": 15}","{""valid"": true, ""warnings"": []}","{""center"": -0.028039220064393047, ""normalized_MAD"": 0.08672989846338708}"
MAYC,one-hot,LightGBM,2024-10-01,2025-01-01,True,91573,3634,2022-01-01 00:14:11+00:00,2024-09-30 22:57:11+00:00,ca2b3e8ab8522cd56c8d3dc01f69d1cd769b3d3fa118412ac26dc0c6a6c7d1d0,25d46bc95104001e5c45d970a72523d9815b3c90139a2bcdf999b78af251ae22,341,0.5632419096487542,0.7504944434496196,0.3119428486921346,0.5585184407807271,1371,0.7064740000059828,"{""l2_regularization"": 10, ""learning_rate"": 0.1, ""max_leaf_nodes"": 15}","{""valid"": true, ""warnings"": []}","{""center"": -0.028039220064393047, ""normalized_MAD"": 0.08672989846338708}"
MAYC,one-hot,LightGBM,2024-10-01,2025-01-01,True,91573,3634,2022-01-01 00:14:11+00:00,2024-09-30 22:57:11+00:00,ca2b3e8ab8522cd56c8d3dc01f69d1cd769b3d3fa118412ac26dc0c6a6c7d1d0,25d46bc95104001e5c45d970a72523d9815b3c90139a2bcdf999b78af251ae22,341,0.5620911586946139,0.7497273895854505,0.31090133639430934,0.5575852727559341,1371,0.8493273999774829,"{""l2_regularization"": 1, ""learning_rate"": 0.1, ""max_leaf_nodes"": 31}","{""valid"": true, ""warnings"": []}","{""center"": -0.028039220064393047, ""normalized_MAD"": 0.08672989846338708}"
MAYC,one-hot,LightGBM,2024-10-01,2025-01-01,True,91573,3634,2022-01-01 00:14:11+00:00,2024-09-30 22:57:11+00:00,ca2b3e8ab8522cd56c8d3dc01f69d1cd769b3d3fa118412ac26dc0c6a6c7d1d0,25d46bc95104001e5c45d970a72523d9815b3c90139a2bcdf999b78af251ae22,341,0.5621525927279932,0.7497683593804111,0.31085361073175355,0.5575424743746018,1371,0.8500652999500744,"{""l2_regularization"": 10, ""learning_rate"": 0.1, ""max_leaf_nodes"": 31}","{""valid"": true, ""warnings"": []}","{""center"": -0.028039220064393047, ""normalized_MAD"": 0.08672989846338708}"
MAYC,TF-IDF,OLS,2024-04-01,2024-07-01,True,78986,10092,2022-01-01 00:14:11+00:00,2024-03-31 23:49:35+00:00,424cf5fdbc8059afa0385892e69a8fdc117e498ad2c2894c9268d72ce691bbd1,cc4a9cfb555557792e9e69fa7b1c46abc6faf9810c0f00c335f4458b4677451a,341,0.047974380834424915,0.21903054771977565,0.06953224619962083,0.2636896778404889,1471,1.4529899999615736,{},"{""valid"": true, ""warnings"": []}","{""center"": -0.027669749419250753, ""normalized_MAD"": 0.07982589320650707}"
MAYC,TF-IDF,Ridge,2024-04-01,2024-07-01,True,78986,10092,2022-01-01 00:14:11+00:00,2024-03-31 23:49:35+00:00,424cf5fdbc8059afa0385892e69a8fdc117e498ad2c2894c9268d72ce691bbd1,cc4a9cfb555557792e9e69fa7b1c46abc6faf9810c0f00c335f4458b4677451a,341,0.04797438682252234,0.2190305613893238,0.0695322800331683,0.2636897419945803,1471,0.2795431999838911,"{""alpha"": 0.01}","{""valid"": true, ""warnings"": []}","{""center"": -0.027669749419250753, ""normalized_MAD"": 0.07982589320650707}"
MAYC,TF-IDF,Ridge,2024-04-01,2024-07-01,True,78986,10092,2022-01-01 00:14:11+00:00,2024-03-31 23:49:35+00:00,424cf5fdbc8059afa0385892e69a8fdc117e498ad2c2894c9268d72ce691bbd1,cc4a9cfb555557792e9e69fa7b1c46abc6faf9810c0f00c335f4458b4677451a,341,0.04797444050238729,0.21903068392895844,0.0695325829687638,0.2636903164106786,1471,0.26270110002951697,"{""alpha"": 0.1}","{""valid"": true, ""warnings"": []}","{""center"": -0.027669749419250753, ""normalized_MAD"": 0.07982589320650707}"
MAYC,TF-IDF,Ridge,2024-04-01,2024-07-01,True,78986,10092,2022-01-01 00:14:11+00:00,2024-03-31 23:49:35+00:00,424cf5fdbc8059afa0385892e69a8fdc117e498ad2c2894c9268d72ce691bbd1,cc4a9cfb555557792e9e69fa7b1c46abc6faf9810c0f00c335f4458b4677451a,341,0.04797495682341635,0.21903186257578222,0.069535464793677,0.2636957807657851,1471,0.24420110002392903,"{""alpha"": 1}","{""valid"": true, ""warnings"": []}","{""center"": -0.027669749419250753, ""normalized_MAD"": 0.07982589320650707}"
MAYC,TF-IDF,Ridge,2024-04-01,2024-07-01,True,78986,10092,2022-01-01 00:14:11+00:00,2024-03-31 23:49:35+00:00,424cf5fdbc8059afa0385892e69a8fdc117e498ad2c2894c9268d72ce691bbd1,cc4a9cfb555557792e9e69fa7b1c46abc6faf9810c0f00c335f4458b4677451a,341,0.047978595583766576,0.21904016888179798,0.06955453986925364,0.2637319470015979,1471,0.24235190002946183,"{""alpha"": 10}","{""valid"": true, ""warnings"": []}","{""center"": -0.027669749419250753, ""normalized_MAD"": 0.07982589320650707}"
MAYC,TF-IDF,Ridge,2024-04-01,2024-07-01,True,78986,10092,2022-01-01 00:14:11+00:00,2024-03-31 23:49:35+00:00,424cf5fdbc8059afa0385892e69a8fdc117e498ad2c2894c9268d72ce691bbd1,cc4a9cfb555557792e9e69fa7b1c46abc6faf9810c0f00c335f4458b4677451a,341,0.04798490543893818,0.21905457182843316,0.06958811193420472,0.26379558740472653,1471,0.26277139998273924,"{""alpha"": 100}","{""valid"": true, ""warnings"": []}","{""center"": -0.027669749419250753, ""normalized_MAD"": 0.07982589320650707}"
MAYC,TF-IDF,Ridge,2024-04-01,2024-07-01,True,78986,10092,2022-01-01 00:14:11+00:00,2024-03-31 23:49:35+00:00,424cf5fdbc8059afa0385892e69a8fdc117e498ad2c2894c9268d72ce691bbd1,cc4a9cfb555557792e9e69fa7b1c46abc6faf9810c0f00c335f4458b4677451a,341,0.04798055918657094,0.21904465112522364,0.06961927297432036,0.2638546436474453,1471,0.2518739000079222,"{""alpha"": 1000}","{""valid"": true, ""warnings"": []}","{""center"": -0.027669749419250753, ""normalized_MAD"": 0.07982589320650707}"
MAYC,TF-IDF,Ridge,2024-04-01,2024-07-01,True,78986,10092,2022-01-01 00:14:11+00:00,2024-03-31 23:49:35+00:00,424cf5fdbc8059afa0385892e69a8fdc117e498ad2c2894c9268d72ce691bbd1,cc4a9cfb555557792e9e69fa7b1c46abc6faf9810c0f00c335f4458b4677451a,341,0.04796918178232156,0.2190186790717211,0.06995172721861008,0.2644838883913538,1471,0.2461034000152722,"{""alpha"": 10000}","{""valid"": true, ""warnings"": []}","{""center"": -0.027669749419250753, ""normalized_MAD"": 0.07982589320650707}"
MAYC,TF-IDF,Ridge,2024-04-01,2024-07-01,True,78986,10092,2022-01-01 00:14:11+00:00,2024-03-31 23:49:35+00:00,424cf5fdbc8059afa0385892e69a8fdc117e498ad2c2894c9268d72ce691bbd1,cc4a9cfb555557792e9e69fa7b1c46abc6faf9810c0f00c335f4458b4677451a,341,0.048392225724800585,0.21998233048315627,0.07283590165142895,0.2698812732507184,1471,0.24908800004050136,"{""alpha"": 100000}","{""valid"": true, ""warnings"": []}","{""center"": -0.027669749419250753, ""normalized_MAD"": 0.07982589320650707}"
MAYC,TF-IDF,Ridge,2024-04-01,2024-07-01,True,78986,10092,2022-01-01 00:14:11+00:00,2024-03-31 23:49:35+00:00,424cf5fdbc8059afa0385892e69a8fdc117e498ad2c2894c9268d72ce691bbd1,cc4a9cfb555557792e9e69fa7b1c46abc6faf9810c0f00c335f4458b4677451a,341,0.04934904177028694,0.22214644217337118,0.0775114771563857,0.27840883095976987,1471,0.24081919994205236,"{""alpha"": 1000000}","{""valid"": true, ""warnings"": []}","{""center"": -0.027669749419250753, ""normalized_MAD"": 0.07982589320650707}"
MAYC,TF-IDF,ElasticNet,2024-04-01,2024-07-01,True,78986,10092,2022-01-01 00:14:11+00:00,2024-03-31 23:49:35+00:00,424cf5fdbc8059afa0385892e69a8fdc117e498ad2c2894c9268d72ce691bbd1,cc4a9cfb555557792e9e69fa7b1c46abc6faf9810c0f00c335f4458b4677451a,341,0.0479800538484107,0.2190434976172785,0.06959995305435762,0.2638180301919443,1471,67.1524554999778,"{""alpha"": 0.001, ""l1_ratio"": 0.1}","{""valid"": true, ""warnings"": []}","{""center"": -0.027669749419250753, ""normalized_MAD"": 0.07982589320650707}"
MAYC,TF-IDF,ElasticNet,2024-04-01,2024-07-01,True,78986,10092,2022-01-01 00:14:11+00:00,2024-03-31 23:49:35+00:00,424cf5fdbc8059afa0385892e69a8fdc117e498ad2c2894c9268d72ce691bbd1,cc4a9cfb555557792e9e69fa7b1c46abc6faf9810c0f00c335f4458b4677451a,341,0.047951954577513764,0.21897934737667332,0.06961937211820661,0.26385483152333333,1471,22.491031599987764,"{""alpha"": 0.001, ""l1_ratio"": 0.5}","{""valid"": true, ""warnings"": []}","{""center"": -0.027669749419250753, ""normalized_MAD"": 0.07982589320650707}"
MAYC,TF-IDF,ElasticNet,2024-04-01,2024-07-01,True,78986,10092,2022-01-01 00:14:11+00:00,2024-03-31 23:49:35+00:00,424cf5fdbc8059afa0385892e69a8fdc117e498ad2c2894c9268d72ce691bbd1,cc4a9cfb555557792e9e69fa7b1c46abc6faf9810c0f00c335f4458b4677451a,341,0.04792162241395431,0.21891007837455614,0.0696405488640287,0.26389495801176027,1471,18.824908500013407,"{""alpha"": 0.001, ""l1_ratio"": 0.9}","{""valid"": true, ""warnings"": []}","{""center"": -0.027669749419250753, ""normalized_MAD"": 0.07982589320650707}"
MAYC,TF-IDF,ElasticNet,2024-04-01,2024-07-01,True,78986,10092,2022-01-01 00:14:11+00:00,2024-03-31 23:49:35+00:00,424cf5fdbc8059afa0385892e69a8fdc117e498ad2c2894c9268d72ce691bbd1,cc4a9cfb555557792e9e69fa7b1c46abc6faf9810c0f00c335f4458b4677451a,341,0.04792359264316092,0.2189145784162419,0.06967906751883476,0.2639679289588695,1471,8.073384799994528,"{""alpha"": 0.01, ""l1_ratio"": 0.1}","{""valid"": true, ""warnings"": []}","{""center"": -0.027669749419250753, ""normalized_MAD"": 0.07982589320650707}"
MAYC,TF-IDF,ElasticNet,2024-04-01,2024-07-01,True,78986,10092,2022-01-01 00:14:11+00:00,2024-03-31 23:49:35+00:00,424cf5fdbc8059afa0385892e69a8fdc117e498ad2c2894c9268d72ce691bbd1,cc4a9cfb555557792e9e69fa7b1c46abc6faf9810c0f00c335f4458b4677451a,341,0.04775014653810803,0.2185180691341291,0.0700496620026552,0.26466896682961377,1471,4.242106199963018,"{""alpha"": 0.01, ""l1_ratio"": 0.5}","{""valid"": true, ""warnings"": []}","{""center"": -0.027669749419250753, ""normalized_MAD"": 0.07982589320650707}"
MAYC,TF-IDF,ElasticNet,2024-04-01,2024-07-01,True,78986,10092,2022-01-01 00:14:11+00:00,2024-03-31 23:49:35+00:00,424cf5fdbc8059afa0385892e69a8fdc117e498ad2c2894c9268d72ce691bbd1,cc4a9cfb555557792e9e69fa7b1c46abc6faf9810c0f00c335f4458b4677451a,341,0.04776952368464242,0.2185624022668181,0.07070109975528581,0.26589678402584305,1471,2.8029680000036024,"{""alpha"": 0.01, ""l1_ratio"": 0.9}","{""valid"": true, ""warnings"": []}","{""center"": -0.027669749419250753, ""normalized_MAD"": 0.07982589320650707}"
MAYC,TF-IDF,ElasticNet,2024-04-01,2024-07-01,True,78986,10092,2022-01-01 00:14:11+00:00,2024-03-31 23:49:35+00:00,424cf5fdbc8059afa0385892e69a8fdc117e498ad2c2894c9268d72ce691bbd1,cc4a9cfb555557792e9e69fa7b1c46abc6faf9810c0f00c335f4458b4677451a,341,0.04790435793226029,0.21887064200632367,0.07133222192794089,0.2670809276753787,1471,0.96902570000384,"{""alpha"": 0.1, ""l1_ratio"": 0.1}","{""valid"": true, ""warnings"": []}","{""center"": -0.027669749419250753, ""normalized_MAD"": 0.07982589320650707}"
MAYC,TF-IDF,ElasticNet,2024-04-01,2024-07-01,True,78986,10092,2022-01-01 00:14:11+00:00,2024-03-31 23:49:35+00:00,424cf5fdbc8059afa0385892e69a8fdc117e498ad2c2894c9268d72ce691bbd1,cc4a9cfb555557792e9e69fa7b1c46abc6faf9810c0f00c335f4458b4677451a,341,0.048751037133929316,0.2207963702915637,0.07502093393102743,0.2738994960401122,1471,0.7492235000245273,"{""alpha"": 0.1, ""l1_ratio"": 0.5}","{""valid"": true, ""warnings"": []}","{""center"": -0.027669749419250753, ""normalized_MAD"": 0.07982589320650707}"
MAYC,TF-IDF,ElasticNet,2024-04-01,2024-07-01,True,78986,10092,2022-01-01 00:14:11+00:00,2024-03-31 23:49:35+00:00,424cf5fdbc8059afa0385892e69a8fdc117e498ad2c2894c9268d72ce691bbd1,cc4a9cfb555557792e9e69fa7b1c46abc6faf9810c0f00c335f4458b4677451a,341,0.04891218424935128,0.22116099169914952,0.07572010795939005,0.27517286922839984,1471,0.7874328999896534,"{""alpha"": 0.1, ""l1_ratio"": 0.9}","{""valid"": true, ""warnings"": []}","{""center"": -0.027669749419250753, ""normalized_MAD"": 0.07982589320650707}"
MAYC,TF-IDF,ElasticNet,2024-04-01,2024-07-01,True,78986,10092,2022-01-01 00:14:11+00:00,2024-03-31 23:49:35+00:00,424cf5fdbc8059afa0385892e69a8fdc117e498ad2c2894c9268d72ce691bbd1,cc4a9cfb555557792e9e69fa7b1c46abc6faf9810c0f00c335f4458b4677451a,341,0.04926334846639279,0.22195348266335627,0.07725727669572649,0.27795193234753107,1471,0.2817802000208758,"{""alpha"": 1, ""l1_ratio"": 0.1}","{""valid"": true, ""warnings"": []}","{""center"": -0.027669749419250753, ""normalized_MAD"": 0.07982589320650707}"
MAYC,TF-IDF,ElasticNet,2024-04-01,2024-07-01,True,78986,10092,2022-01-01 00:14:11+00:00,2024-03-31 23:49:35+00:00,424cf5fdbc8059afa0385892e69a8fdc117e498ad2c2894c9268d72ce691bbd1,cc4a9cfb555557792e9e69fa7b1c46abc6faf9810c0f00c335f4458b4677451a,341,0.0499845596003089,0.2235722693007988,0.08017253262075877,0.2831475456732033,1471,0.1677754000411369,"{""alpha"": 1, ""l1_ratio"": 0.5}","{""valid"": true, ""warnings"": []}","{""center"": -0.027669749419250753, ""normalized_MAD"": 0.07982589320650707}"
MAYC,TF-IDF,ElasticNet,2024-04-01,2024-07-01,True,78986,10092,2022-01-01 00:14:11+00:00,2024-03-31 23:49:35+00:00,424cf5fdbc8059afa0385892e69a8fdc117e498ad2c2894c9268d72ce691bbd1,cc4a9cfb555557792e9e69fa7b1c46abc6faf9810c0f00c335f4458b4677451a,341,0.0499845596003089,0.2235722693007988,0.08017253262075877,0.2831475456732033,1471,0.17117050004890189,"{""alpha"": 1, ""l1_ratio"": 0.9}","{""valid"": true, ""warnings"": []}","{""center"": -0.027669749419250753, ""normalized_MAD"": 0.07982589320650707}"
MAYC,TF-IDF,ElasticNet,2024-04-01,2024-07-01,True,78986,10092,2022-01-01 00:14:11+00:00,2024-03-31 23:49:35+00:00,424cf5fdbc8059afa0385892e69a8fdc117e498ad2c2894c9268d72ce691bbd1,cc4a9cfb555557792e9e69fa7b1c46abc6faf9810c0f00c335f4458b4677451a,341,0.0499845596003089,0.2235722693007988,0.08017253262075877,0.2831475456732033,1471,0.15648219996364787,"{""alpha"": 10, ""l1_ratio"": 0.1}","{""valid"": true, ""warnings"": []}","{""center"": -0.027669749419250753, ""normalized_MAD"": 0.07982589320650707}"
MAYC,TF-IDF,ElasticNet,2024-04-01,2024-07-01,True,78986,10092,2022-01-01 00:14:11+00:00,2024-03-31 23:49:35+00:00,424cf5fdbc8059afa0385892e69a8fdc117e498ad2c2894c9268d72ce691bbd1,cc4a9cfb555557792e9e69fa7b1c46abc6faf9810c0f00c335f4458b4677451a,341,0.0499845596003089,0.2235722693007988,0.08017253262075877,0.2831475456732033,1471,0.1800546000013128,"{""alpha"": 10, ""l1_ratio"": 0.5}","{""valid"": true, ""warnings"": []}","{""center"": -0.027669749419250753, ""normalized_MAD"": 0.07982589320650707}"
MAYC,TF-IDF,ElasticNet,2024-04-01,2024-07-01,True,78986,10092,2022-01-01 00:14:11+00:00,2024-03-31 23:49:35+00:00,424cf5fdbc8059afa0385892e69a8fdc117e498ad2c2894c9268d72ce691bbd1,cc4a9cfb555557792e9e69fa7b1c46abc6faf9810c0f00c335f4458b4677451a,341,0.0499845596003089,0.2235722693007988,0.08017253262075877,0.2831475456732033,1471,0.17857490002643317,"{""alpha"": 10, ""l1_ratio"": 0.9}","{""valid"": true, ""warnings"": []}","{""center"": -0.027669749419250753, ""normalized_MAD"": 0.07982589320650707}"
MAYC,TF-IDF,PLS,2024-04-01,2024-07-01,True,78986,10092,2022-01-01 00:14:11+00:00,2024-03-31 23:49:35+00:00,424cf5fdbc8059afa0385892e69a8fdc117e498ad2c2894c9268d72ce691bbd1,cc4a9cfb555557792e9e69fa7b1c46abc6faf9810c0f00c335f4458b4677451a,341,0.04798794839815545,0.21906151738302976,0.06960012326799743,0.26381835278842414,1471,1.4708525000023656,"{""components"": 8}","{""valid"": true, ""warnings"": []}","{""center"": -0.027669749419250753, ""normalized_MAD"": 0.07982589320650707}"
MAYC,TF-IDF,PLS,2024-04-01,2024-07-01,True,78986,10092,2022-01-01 00:14:11+00:00,2024-03-31 23:49:35+00:00,424cf5fdbc8059afa0385892e69a8fdc117e498ad2c2894c9268d72ce691bbd1,cc4a9cfb555557792e9e69fa7b1c46abc6faf9810c0f00c335f4458b4677451a,341,0.048002294290331565,0.21909425891686793,0.06962077760725613,0.26385749488550847,1471,2.948549800028559,"{""components"": 16}","{""valid"": true, ""warnings"": []}","{""center"": -0.027669749419250753, ""normalized_MAD"": 0.07982589320650707}"
MAYC,TF-IDF,PLS,2024-04-01,2024-07-01,True,78986,10092,2022-01-01 00:14:11+00:00,2024-03-31 23:49:35+00:00,424cf5fdbc8059afa0385892e69a8fdc117e498ad2c2894c9268d72ce691bbd1,cc4a9cfb555557792e9e69fa7b1c46abc6faf9810c0f00c335f4458b4677451a,341,0.047974380834374226,0.21903054771965993,0.06953224619952145,0.26368967784030045,1471,5.665416000003461,"{""components"": 32}","{""valid"": true, ""warnings"": []}","{""center"": -0.027669749419250753, ""normalized_MAD"": 0.07982589320650707}"
MAYC,TF-IDF,PLS,2024-04-01,2024-07-01,True,78986,10092,2022-01-01 00:14:11+00:00,2024-03-31 23:49:35+00:00,424cf5fdbc8059afa0385892e69a8fdc117e498ad2c2894c9268d72ce691bbd1,cc4a9cfb555557792e9e69fa7b1c46abc6faf9810c0f00c335f4458b4677451a,341,0.04797438083442491,0.21903054771977562,0.06953224619962081,0.26368967784048886,1471,11.091080599988345,"{""components"": 64}","{""valid"": true, ""warnings"": []}","{""center"": -0.027669749419250753, ""normalized_MAD"": 0.07982589320650707}"
MAYC,TF-IDF,LinearSVR,2024-04-01,2024-07-01,True,78986,10092,2022-01-01 00:14:11+00:00,2024-03-31 23:49:35+00:00,424cf5fdbc8059afa0385892e69a8fdc117e498ad2c2894c9268d72ce691bbd1,cc4a9cfb555557792e9e69fa7b1c46abc6faf9810c0f00c335f4458b4677451a,341,0.04804359037654717,0.21918848139568642,0.06972559351480881,0.26405604237511554,1471,3.3935355999856256,"{""C"": 0.01, ""epsilon"": 0.1}","{""valid"": true, ""warnings"": []}","{""center"": -0.027669749419250753, ""normalized_MAD"": 0.07982589320650707}"
MAYC,TF-IDF,LinearSVR,2024-04-01,2024-07-01,True,78986,10092,2022-01-01 00:14:11+00:00,2024-03-31 23:49:35+00:00,424cf5fdbc8059afa0385892e69a8fdc117e498ad2c2894c9268d72ce691bbd1,cc4a9cfb555557792e9e69fa7b1c46abc6faf9810c0f00c335f4458b4677451a,341,0.04811148554208294,0.2193433052137287,0.06990474250810551,0.26439505008245806,1471,2.917814599990379,"{""C"": 0.01, ""epsilon"": 0.2}","{""valid"": true, ""warnings"": []}","{""center"": -0.027669749419250753, ""normalized_MAD"": 0.07982589320650707}"
MAYC,TF-IDF,LinearSVR,2024-04-01,2024-07-01,True,78986,10092,2022-01-01 00:14:11+00:00,2024-03-31 23:49:35+00:00,424cf5fdbc8059afa0385892e69a8fdc117e498ad2c2894c9268d72ce691bbd1,cc4a9cfb555557792e9e69fa7b1c46abc6faf9810c0f00c335f4458b4677451a,341,0.04803713423395345,0.21917375352435212,0.06969126475894238,0.26399103158808707,1471,6.390866100031417,"{""C"": 0.1, ""epsilon"": 0.1}","{""valid"": true, ""warnings"": []}","{""center"": -0.027669749419250753, ""normalized_MAD"": 0.07982589320650707}"
MAYC,TF-IDF,LinearSVR,2024-04-01,2024-07-01,True,78986,10092,2022-01-01 00:14:11+00:00,2024-03-31 23:49:35+00:00,424cf5fdbc8059afa0385892e69a8fdc117e498ad2c2894c9268d72ce691bbd1,cc4a9cfb555557792e9e69fa7b1c46abc6faf9810c0f00c335f4458b4677451a,341,0.048105628492065226,0.21932995347664036,0.06987234547096746,0.26433377663659907,1471,4.184573799953796,"{""C"": 0.1, ""epsilon"": 0.2}","{""valid"": true, ""warnings"": []}","{""center"": -0.027669749419250753, ""normalized_MAD"": 0.07982589320650707}"
MAYC,TF-IDF,LinearSVR,2024-04-01,2024-07-01,True,78986,10092,2022-01-01 00:14:11+00:00,2024-03-31 23:49:35+00:00,424cf5fdbc8059afa0385892e69a8fdc117e498ad2c2894c9268d72ce691bbd1,cc4a9cfb555557792e9e69fa7b1c46abc6faf9810c0f00c335f4458b4677451a,341,0.04803510938278514,0.21916913419271689,0.06967912092827956,0.26396803012539144,1471,6.30363739997847,"{""C"": 1, ""epsilon"": 0.1}","{""valid"": true, ""warnings"": []}","{""center"": -0.027669749419250753, ""normalized_MAD"": 0.07982589320650707}"
MAYC,TF-IDF,LinearSVR,2024-04-01,2024-07-01,True,78986,10092,2022-01-01 00:14:11+00:00,2024-03-31 23:49:35+00:00,424cf5fdbc8059afa0385892e69a8fdc117e498ad2c2894c9268d72ce691bbd1,cc4a9cfb555557792e9e69fa7b1c46abc6faf9810c0f00c335f4458b4677451a,341,0.048102689771849096,0.2193232540608704,0.06985591905282579,0.2643027034534944,1471,5.4643134999787435,"{""C"": 1, ""epsilon"": 0.2}","{""valid"": true, ""warnings"": []}","{""center"": -0.027669749419250753, ""normalized_MAD"": 0.07982589320650707}"
MAYC,TF-IDF,HistGradientBoosting,2024-04-01,2024-07-01,True,78986,10092,2022-01-01 00:14:11+00:00,2024-03-31 23:49:35+00:00,424cf5fdbc8059afa0385892e69a8fdc117e498ad2c2894c9268d72ce691bbd1,cc4a9cfb555557792e9e69fa7b1c46abc6faf9810c0f00c335f4458b4677451a,341,0.04797742508225853,0.21903749697770591,0.07076979501073402,0.266025929207538,1471,11.200000199954957,"{""l2_regularization"": 1, ""learning_rate"": 0.05, ""max_leaf_nodes"": 15}","{""valid"": true, ""warnings"": []}","{""center"": -0.027669749419250753, ""normalized_MAD"": 0.07982589320650707}"
MAYC,TF-IDF,HistGradientBoosting,2024-04-01,2024-07-01,True,78986,10092,2022-01-01 00:14:11+00:00,2024-03-31 23:49:35+00:00,424cf5fdbc8059afa0385892e69a8fdc117e498ad2c2894c9268d72ce691bbd1,cc4a9cfb555557792e9e69fa7b1c46abc6faf9810c0f00c335f4458b4677451a,341,0.047965960213922625,0.2190113243965312,0.07085044339807507,0.26617746598477315,1471,11.343261400004849,"{""l2_regularization"": 10, ""learning_rate"": 0.05, ""max_leaf_nodes"": 15}","{""valid"": true, ""warnings"": []}","{""center"": -0.027669749419250753, ""normalized_MAD"": 0.07982589320650707}"
MAYC,TF-IDF,HistGradientBoosting,2024-04-01,2024-07-01,True,78986,10092,2022-01-01 00:14:11+00:00,2024-03-31 23:49:35+00:00,424cf5fdbc8059afa0385892e69a8fdc117e498ad2c2894c9268d72ce691bbd1,cc4a9cfb555557792e9e69fa7b1c46abc6faf9810c0f00c335f4458b4677451a,341,0.04815749349939894,0.21944815674641457,0.07068712237628616,0.2658704992591058,1471,15.432366500026546,"{""l2_regularization"": 1, ""learning_rate"": 0.05, ""max_leaf_nodes"": 31}","{""valid"": true, ""warnings"": []}","{""center"": -0.027669749419250753, ""normalized_MAD"": 0.07982589320650707}"
MAYC,TF-IDF,HistGradientBoosting,2024-04-01,2024-07-01,True,78986,10092,2022-01-01 00:14:11+00:00,2024-03-31 23:49:35+00:00,424cf5fdbc8059afa0385892e69a8fdc117e498ad2c2894c9268d72ce691bbd1,cc4a9cfb555557792e9e69fa7b1c46abc6faf9810c0f00c335f4458b4677451a,341,0.04816363111845055,0.21946214051277854,0.07073923272621886,0.26596848070066287,1471,16.203554500010796,"{""l2_regularization"": 10, ""learning_rate"": 0.05, ""max_leaf_nodes"": 31}","{""valid"": true, ""warnings"": []}","{""center"": -0.027669749419250753, ""normalized_MAD"": 0.07982589320650707}"
MAYC,TF-IDF,HistGradientBoosting,2024-04-01,2024-07-01,True,78986,10092,2022-01-01 00:14:11+00:00,2024-03-31 23:49:35+00:00,424cf5fdbc8059afa0385892e69a8fdc117e498ad2c2894c9268d72ce691bbd1,cc4a9cfb555557792e9e69fa7b1c46abc6faf9810c0f00c335f4458b4677451a,341,0.04812008027014611,0.21936289629321115,0.07072431522676718,0.2659404354865337,1471,10.471111099992413,"{""l2_regularization"": 1, ""learning_rate"": 0.1, ""max_leaf_nodes"": 15}","{""valid"": true, ""warnings"": []}","{""center"": -0.027669749419250753, ""normalized_MAD"": 0.07982589320650707}"
MAYC,TF-IDF,HistGradientBoosting,2024-04-01,2024-07-01,True,78986,10092,2022-01-01 00:14:11+00:00,2024-03-31 23:49:35+00:00,424cf5fdbc8059afa0385892e69a8fdc117e498ad2c2894c9268d72ce691bbd1,cc4a9cfb555557792e9e69fa7b1c46abc6faf9810c0f00c335f4458b4677451a,341,0.04810696524776478,0.2193330008178541,0.07059981180663534,0.26570625097395684,1471,10.70908739999868,"{""l2_regularization"": 10, ""learning_rate"": 0.1, ""max_leaf_nodes"": 15}","{""valid"": true, ""warnings"": []}","{""center"": -0.027669749419250753, ""normalized_MAD"": 0.07982589320650707}"
MAYC,TF-IDF,HistGradientBoosting,2024-04-01,2024-07-01,True,78986,10092,2022-01-01 00:14:11+00:00,2024-03-31 23:49:35+00:00,424cf5fdbc8059afa0385892e69a8fdc117e498ad2c2894c9268d72ce691bbd1,cc4a9cfb555557792e9e69fa7b1c46abc6faf9810c0f00c335f4458b4677451a,341,0.04841816856640221,0.22004128832199243,0.07063017682750632,0.26576338503922303,1471,14.486516400007531,"{""l2_regularization"": 1, ""learning_rate"": 0.1, ""max_leaf_nodes"": 31}","{""valid"": true, ""warnings"": []}","{""center"": -0.027669749419250753, ""normalized_MAD"": 0.07982589320650707}"
MAYC,TF-IDF,HistGradientBoosting,2024-04-01,2024-07-01,True,78986,10092,2022-01-01 00:14:11+00:00,2024-03-31 23:49:35+00:00,424cf5fdbc8059afa0385892e69a8fdc117e498ad2c2894c9268d72ce691bbd1,cc4a9cfb555557792e9e69fa7b1c46abc6faf9810c0f00c335f4458b4677451a,341,0.048419847978427986,0.220045104418226,0.07065829198852414,0.26581627487519294,1471,14.775024500035215,"{""l2_regularization"": 10, ""learning_rate"": 0.1, ""max_leaf_nodes"": 31}","{""valid"": true, ""warnings"": []}","{""center"": -0.027669749419250753, ""normalized_MAD"": 0.07982589320650707}"
MAYC,TF-IDF,XGBoost,2024-04-01,2024-07-01,True,78986,10092,2022-01-01 00:14:11+00:00,2024-03-31 23:49:35+00:00,424cf5fdbc8059afa0385892e69a8fdc117e498ad2c2894c9268d72ce691bbd1,cc4a9cfb555557792e9e69fa7b1c46abc6faf9810c0f00c335f4458b4677451a,341,0.04797659171871297,0.21903559463866362,0.07072762174892311,0.2659466520731613,1471,6.976912000041921,"{""l2_regularization"": 1, ""learning_rate"": 0.05, ""max_leaf_nodes"": 15}","{""valid"": true, ""warnings"": []}","{""center"": -0.027669749419250753, ""normalized_MAD"": 0.07982589320650707}"
MAYC,TF-IDF,XGBoost,2024-04-01,2024-07-01,True,78986,10092,2022-01-01 00:14:11+00:00,2024-03-31 23:49:35+00:00,424cf5fdbc8059afa0385892e69a8fdc117e498ad2c2894c9268d72ce691bbd1,cc4a9cfb555557792e9e69fa7b1c46abc6faf9810c0f00c335f4458b4677451a,341,0.04800363367674043,0.21909731553978573,0.07078713103780016,0.26605851055322427,1471,6.871778799977619,"{""l2_regularization"": 10, ""learning_rate"": 0.05, ""max_leaf_nodes"": 15}","{""valid"": true, ""warnings"": []}","{""center"": -0.027669749419250753, ""normalized_MAD"": 0.07982589320650707}"
MAYC,TF-IDF,XGBoost,2024-04-01,2024-07-01,True,78986,10092,2022-01-01 00:14:11+00:00,2024-03-31 23:49:35+00:00,424cf5fdbc8059afa0385892e69a8fdc117e498ad2c2894c9268d72ce691bbd1,cc4a9cfb555557792e9e69fa7b1c46abc6faf9810c0f00c335f4458b4677451a,341,0.048062626450000416,0.21923190107737608,0.07057211141882547,0.2656541198980838,1471,9.639457700017374,"{""l2_regularization"": 1, ""learning_rate"": 0.05, ""max_leaf_nodes"": 31}","{""valid"": true, ""warnings"": []}","{""center"": -0.027669749419250753, ""normalized_MAD"": 0.07982589320650707}"
MAYC,TF-IDF,XGBoost,2024-04-01,2024-07-01,True,78986,10092,2022-01-01 00:14:11+00:00,2024-03-31 23:49:35+00:00,424cf5fdbc8059afa0385892e69a8fdc117e498ad2c2894c9268d72ce691bbd1,cc4a9cfb555557792e9e69fa7b1c46abc6faf9810c0f00c335f4458b4677451a,341,0.04813088758312452,0.21938752832174513,0.07071372676724363,0.2659205271641203,1471,9.681775100005325,"{""l2_regularization"": 10, ""learning_rate"": 0.05, ""max_leaf_nodes"": 31}","{""valid"": true, ""warnings"": []}","{""center"": -0.027669749419250753, ""normalized_MAD"": 0.07982589320650707}"
MAYC,TF-IDF,XGBoost,2024-04-01,2024-07-01,True,78986,10092,2022-01-01 00:14:11+00:00,2024-03-31 23:49:35+00:00,424cf5fdbc8059afa0385892e69a8fdc117e498ad2c2894c9268d72ce691bbd1,cc4a9cfb555557792e9e69fa7b1c46abc6faf9810c0f00c335f4458b4677451a,341,0.04812041265541157,0.2193636539069578,0.07063123481270611,0.26576537549633156,1471,6.605278700008057,"{""l2_regularization"": 1, ""learning_rate"": 0.1, ""max_leaf_nodes"": 15}","{""valid"": true, ""warnings"": []}","{""center"": -0.027669749419250753, ""normalized_MAD"": 0.07982589320650707}"
MAYC,TF-IDF,XGBoost,2024-04-01,2024-07-01,True,78986,10092,2022-01-01 00:14:11+00:00,2024-03-31 23:49:35+00:00,424cf5fdbc8059afa0385892e69a8fdc117e498ad2c2894c9268d72ce691bbd1,cc4a9cfb555557792e9e69fa7b1c46abc6faf9810c0f00c335f4458b4677451a,341,0.04809130621442394,0.21929730097386957,0.07060820755809466,0.2657220494390608,1471,6.89003579999553,"{""l2_regularization"": 10, ""learning_rate"": 0.1, ""max_leaf_nodes"": 15}","{""valid"": true, ""warnings"": []}","{""center"": -0.027669749419250753, ""normalized_MAD"": 0.07982589320650707}"
MAYC,TF-IDF,XGBoost,2024-04-01,2024-07-01,True,78986,10092,2022-01-01 00:14:11+00:00,2024-03-31 23:49:35+00:00,424cf5fdbc8059afa0385892e69a8fdc117e498ad2c2894c9268d72ce691bbd1,cc4a9cfb555557792e9e69fa7b1c46abc6faf9810c0f00c335f4458b4677451a,341,0.04838844568258236,0.21997373862027794,0.07052538573339824,0.2655661607460526,1471,9.006159599986859,"{""l2_regularization"": 1, ""learning_rate"": 0.1, ""max_leaf_nodes"": 31}","{""valid"": true, ""warnings"": []}","{""center"": -0.027669749419250753, ""normalized_MAD"": 0.07982589320650707}"
MAYC,TF-IDF,XGBoost,2024-04-01,2024-07-01,True,78986,10092,2022-01-01 00:14:11+00:00,2024-03-31 23:49:35+00:00,424cf5fdbc8059afa0385892e69a8fdc117e498ad2c2894c9268d72ce691bbd1,cc4a9cfb555557792e9e69fa7b1c46abc6faf9810c0f00c335f4458b4677451a,341,0.048377310365970004,0.21994842660489755,0.07061017161580067,0.26572574511289015,1471,11.81635609996738,"{""l2_regularization"": 10, ""learning_rate"": 0.1, ""max_leaf_nodes"": 31}","{""valid"": true, ""warnings"": []}","{""center"": -0.027669749419250753, ""normalized_MAD"": 0.07982589320650707}"
MAYC,TF-IDF,LightGBM,2024-04-01,2024-07-01,True,78986,10092,2022-01-01 00:14:11+00:00,2024-03-31 23:49:35+00:00,424cf5fdbc8059afa0385892e69a8fdc117e498ad2c2894c9268d72ce691bbd1,cc4a9cfb555557792e9e69fa7b1c46abc6faf9810c0f00c335f4458b4677451a,341,0.04796308160255015,0.21900475246567175,0.07082500065445829,0.26612966887301065,1471,1.4855429999879561,"{""l2_regularization"": 1, ""learning_rate"": 0.05, ""max_leaf_nodes"": 15}","{""valid"": true, ""warnings"": []}","{""center"": -0.027669749419250753, ""normalized_MAD"": 0.07982589320650707}"
MAYC,TF-IDF,LightGBM,2024-04-01,2024-07-01,True,78986,10092,2022-01-01 00:14:11+00:00,2024-03-31 23:49:35+00:00,424cf5fdbc8059afa0385892e69a8fdc117e498ad2c2894c9268d72ce691bbd1,cc4a9cfb555557792e9e69fa7b1c46abc6faf9810c0f00c335f4458b4677451a,341,0.04797877410537438,0.21904057639025326,0.07086562973280519,0.26620599116624927,1471,1.5409297000151128,"{""l2_regularization"": 10, ""learning_rate"": 0.05, ""max_leaf_nodes"": 15}","{""valid"": true, ""warnings"": []}","{""center"": -0.027669749419250753, ""normalized_MAD"": 0.07982589320650707}"
MAYC,TF-IDF,LightGBM,2024-04-01,2024-07-01,True,78986,10092,2022-01-01 00:14:11+00:00,2024-03-31 23:49:35+00:00,424cf5fdbc8059afa0385892e69a8fdc117e498ad2c2894c9268d72ce691bbd1,cc4a9cfb555557792e9e69fa7b1c46abc6faf9810c0f00c335f4458b4677451a,341,0.048181360216184375,0.21950252895168287,0.0706326037311121,0.26576795091039873,1471,2.281213599955663,"{""l2_regularization"": 1, ""learning_rate"": 0.05, ""max_leaf_nodes"": 31}","{""valid"": true, ""warnings"": []}","{""center"": -0.027669749419250753, ""normalized_MAD"": 0.07982589320650707}"
MAYC,TF-IDF,LightGBM,2024-04-01,2024-07-01,True,78986,10092,2022-01-01 00:14:11+00:00,2024-03-31 23:49:35+00:00,424cf5fdbc8059afa0385892e69a8fdc117e498ad2c2894c9268d72ce691bbd1,cc4a9cfb555557792e9e69fa7b1c46abc6faf9810c0f00c335f4458b4677451a,341,0.0481530866024054,0.21943811565542892,0.07077376618456188,0.26603339298772605,1471,2.336536399961915,"{""l2_regularization"": 10, ""learning_rate"": 0.05, ""max_leaf_nodes"": 31}","{""valid"": true, ""warnings"": []}","{""center"": -0.027669749419250753, ""normalized_MAD"": 0.07982589320650707}"
MAYC,TF-IDF,LightGBM,2024-04-01,2024-07-01,True,78986,10092,2022-01-01 00:14:11+00:00,2024-03-31 23:49:35+00:00,424cf5fdbc8059afa0385892e69a8fdc117e498ad2c2894c9268d72ce691bbd1,cc4a9cfb555557792e9e69fa7b1c46abc6faf9810c0f00c335f4458b4677451a,341,0.048134418125347925,0.21939557453455602,0.07063112996677309,0.26576517824345064,1471,1.3909693000023253,"{""l2_regularization"": 1, ""learning_rate"": 0.1, ""max_leaf_nodes"": 15}","{""valid"": true, ""warnings"": []}","{""center"": -0.027669749419250753, ""normalized_MAD"": 0.07982589320650707}"
MAYC,TF-IDF,LightGBM,2024-04-01,2024-07-01,True,78986,10092,2022-01-01 00:14:11+00:00,2024-03-31 23:49:35+00:00,424cf5fdbc8059afa0385892e69a8fdc117e498ad2c2894c9268d72ce691bbd1,cc4a9cfb555557792e9e69fa7b1c46abc6faf9810c0f00c335f4458b4677451a,341,0.048029037314507105,0.21915528128363027,0.0705896567922176,0.26568714081079947,1471,1.363460699969437,"{""l2_regularization"": 10, ""learning_rate"": 0.1, ""max_leaf_nodes"": 15}","{""valid"": true, ""warnings"": []}","{""center"": -0.027669749419250753, ""normalized_MAD"": 0.07982589320650707}"
MAYC,TF-IDF,LightGBM,2024-04-01,2024-07-01,True,78986,10092,2022-01-01 00:14:11+00:00,2024-03-31 23:49:35+00:00,424cf5fdbc8059afa0385892e69a8fdc117e498ad2c2894c9268d72ce691bbd1,cc4a9cfb555557792e9e69fa7b1c46abc6faf9810c0f00c335f4458b4677451a,341,0.04856747649537589,0.22038029969889752,0.07054072735435712,0.26559504391904065,1471,2.0352612999849953,"{""l2_regularization"": 1, ""learning_rate"": 0.1, ""max_leaf_nodes"": 31}","{""valid"": true, ""warnings"": []}","{""center"": -0.027669749419250753, ""normalized_MAD"": 0.07982589320650707}"
MAYC,TF-IDF,LightGBM,2024-04-01,2024-07-01,True,78986,10092,2022-01-01 00:14:11+00:00,2024-03-31 23:49:35+00:00,424cf5fdbc8059afa0385892e69a8fdc117e498ad2c2894c9268d72ce691bbd1,cc4a9cfb555557792e9e69fa7b1c46abc6faf9810c0f00c335f4458b4677451a,341,0.04843362385087159,0.2200764045754828,0.07063405867670111,0.26577068814431193,1471,2.0613330000196584,"{""l2_regularization"": 10, ""learning_rate"": 0.1, ""max_leaf_nodes"": 31}","{""valid"": true, ""warnings"": []}","{""center"": -0.027669749419250753, ""normalized_MAD"": 0.07982589320650707}"
MAYC,TF-IDF,OLS,2024-07-01,2024-10-01,True,89078,2495,2022-01-01 00:14:11+00:00,2024-06-30 23:16:59+00:00,51aabe7205c46b710ff1622e630a4b1ae554f4fd34aa424b74b1f2d3bd205d5c,ac7b8b5ec9ab9aaae32b960aeff2292bd49412da8cacc7b64285bd2103e6dce2,341,0.035482046813334125,0.1883667879784919,0.060188947858918304,0.24533435931177333,753,1.5593187999911606,{},"{""valid"": true, ""warnings"": []}","{""center"": -0.028727289636910312, ""normalized_MAD"": 0.08579615208876926}"
MAYC,TF-IDF,Ridge,2024-07-01,2024-10-01,True,89078,2495,2022-01-01 00:14:11+00:00,2024-06-30 23:16:59+00:00,51aabe7205c46b710ff1622e630a4b1ae554f4fd34aa424b74b1f2d3bd205d5c,ac7b8b5ec9ab9aaae32b960aeff2292bd49412da8cacc7b64285bd2103e6dce2,341,0.0354820476301048,0.1883667901465245,0.06018897238471788,0.2453344092962051,753,0.28589149995241314,"{""alpha"": 0.01}","{""valid"": true, ""warnings"": []}","{""center"": -0.028727289636910312, ""normalized_MAD"": 0.08579615208876926}"
MAYC,TF-IDF,Ridge,2024-07-01,2024-10-01,True,89078,2495,2022-01-01 00:14:11+00:00,2024-06-30 23:16:59+00:00,51aabe7205c46b710ff1622e630a4b1ae554f4fd34aa424b74b1f2d3bd205d5c,ac7b8b5ec9ab9aaae32b960aeff2292bd49412da8cacc7b64285bd2103e6dce2,341,0.035482055148190125,0.1883668101024969,0.06018919225860584,0.24533485740637395,753,0.28928510000696406,"{""alpha"": 0.1}","{""valid"": true, ""warnings"": []}","{""center"": -0.028727289636910312, ""normalized_MAD"": 0.08579615208876926}"
MAYC,TF-IDF,Ridge,2024-07-01,2024-10-01,True,89078,2495,2022-01-01 00:14:11+00:00,2024-06-30 23:16:59+00:00,51aabe7205c46b710ff1622e630a4b1ae554f4fd34aa424b74b1f2d3bd205d5c,ac7b8b5ec9ab9aaae32b960aeff2292bd49412da8cacc7b64285bd2103e6dce2,341,0.035482145263617884,0.18836704930432469,0.060191309172882575,0.2453391717049737,753,0.29561650002142414,"{""alpha"": 1}","{""valid"": true, ""warnings"": []}","{""center"": -0.028727289636910312, ""normalized_MAD"": 0.08579615208876926}"
MAYC,TF-IDF,Ridge,2024-07-01,2024-10-01,True,89078,2495,2022-01-01 00:14:11+00:00,2024-06-30 23:16:59+00:00,51aabe7205c46b710ff1622e630a4b1ae554f4fd34aa424b74b1f2d3bd205d5c,ac7b8b5ec9ab9aaae32b960aeff2292bd49412da8cacc7b64285bd2103e6dce2,341,0.03548366637184108,0.1883710868786425,0.06020661410988588,0.2453703611072166,753,0.2868093000142835,"{""alpha"": 10}","{""valid"": true, ""warnings"": []}","{""center"": -0.028727289636910312, ""normalized_MAD"": 0.08579615208876926}"
MAYC,TF-IDF,Ridge,2024-07-01,2024-10-01,True,89078,2495,2022-01-01 00:14:11+00:00,2024-06-30 23:16:59+00:00,51aabe7205c46b710ff1622e630a4b1ae554f4fd34aa424b74b1f2d3bd205d5c,ac7b8b5ec9ab9aaae32b960aeff2292bd49412da8cacc7b64285bd2103e6dce2,341,0.035494431664373174,0.18839965940620268,0.0602457070668499,0.2454500093030145,753,0.2774360000039451,"{""alpha"": 100}","{""valid"": true, ""warnings"": []}","{""center"": -0.028727289636910312, ""normalized_MAD"": 0.08579615208876926}"
MAYC,TF-IDF,Ridge,2024-07-01,2024-10-01,True,89078,2495,2022-01-01 00:14:11+00:00,2024-06-30 23:16:59+00:00,51aabe7205c46b710ff1622e630a4b1ae554f4fd34aa424b74b1f2d3bd205d5c,ac7b8b5ec9ab9aaae32b960aeff2292bd49412da8cacc7b64285bd2103e6dce2,341,0.03556275384198631,0.18858089468974928,0.06037154304655342,0.2457062128773984,753,0.2596076999907382,"{""alpha"": 1000}","{""valid"": true, ""warnings"": []}","{""center"": -0.028727289636910312, ""normalized_MAD"": 0.08579615208876926}"
MAYC,TF-IDF,Ridge,2024-07-01,2024-10-01,True,89078,2495,2022-01-01 00:14:11+00:00,2024-06-30 23:16:59+00:00,51aabe7205c46b710ff1622e630a4b1ae554f4fd34aa424b74b1f2d3bd205d5c,ac7b8b5ec9ab9aaae32b960aeff2292bd49412da8cacc7b64285bd2103e6dce2,341,0.03634396080095267,0.19064092110812061,0.06170855742232093,0.24841207181278638,753,0.2713791999849491,"{""alpha"": 10000}","{""valid"": true, ""warnings"": []}","{""center"": -0.028727289636910312, ""normalized_MAD"": 0.08579615208876926}"
MAYC,TF-IDF,Ridge,2024-07-01,2024-10-01,True,89078,2495,2022-01-01 00:14:11+00:00,2024-06-30 23:16:59+00:00,51aabe7205c46b710ff1622e630a4b1ae554f4fd34aa424b74b1f2d3bd205d5c,ac7b8b5ec9ab9aaae32b960aeff2292bd49412da8cacc7b64285bd2103e6dce2,341,0.041472550891265475,0.20364810554303095,0.07038682006269507,0.2653051451869999,753,0.2725300000165589,"{""alpha"": 100000}","{""valid"": true, ""warnings"": []}","{""center"": -0.028727289636910312, ""normalized_MAD"": 0.08579615208876926}"
MAYC,TF-IDF,Ridge,2024-07-01,2024-10-01,True,89078,2495,2022-01-01 00:14:11+00:00,2024-06-30 23:16:59+00:00,51aabe7205c46b710ff1622e630a4b1ae554f4fd34aa424b74b1f2d3bd205d5c,ac7b8b5ec9ab9aaae32b960aeff2292bd49412da8cacc7b64285bd2103e6dce2,341,0.04773835993005973,0.2184910980567852,0.08140809586183202,0.28532103999150155,753,0.27879390004090965,"{""alpha"": 1000000}","{""valid"": true, ""warnings"": []}","{""center"": -0.028727289636910312, ""normalized_MAD"": 0.08579615208876926}"
MAYC,TF-IDF,ElasticNet,2024-07-01,2024-10-01,True,89078,2495,2022-01-01 00:14:11+00:00,2024-06-30 23:16:59+00:00,51aabe7205c46b710ff1622e630a4b1ae554f4fd34aa424b74b1f2d3bd205d5c,ac7b8b5ec9ab9aaae32b960aeff2292bd49412da8cacc7b64285bd2103e6dce2,341,0.03550815460607983,0.18843607564922338,0.0602834159789556,0.24552681315684363,753,55.3694304000237,"{""alpha"": 0.001, ""l1_ratio"": 0.1}","{""valid"": true, ""warnings"": []}","{""center"": -0.028727289636910312, ""normalized_MAD"": 0.08579615208876926}"
MAYC,TF-IDF,ElasticNet,2024-07-01,2024-10-01,True,89078,2495,2022-01-01 00:14:11+00:00,2024-06-30 23:16:59+00:00,51aabe7205c46b710ff1622e630a4b1ae554f4fd34aa424b74b1f2d3bd205d5c,ac7b8b5ec9ab9aaae32b960aeff2292bd49412da8cacc7b64285bd2103e6dce2,341,0.03557468755443171,0.1886125328668053,0.060420343964401706,0.2458055002728818,753,29.452653499960434,"{""alpha"": 0.001, ""l1_ratio"": 0.5}","{""valid"": true, ""warnings"": []}","{""center"": -0.028727289636910312, ""normalized_MAD"": 0.08579615208876926}"
MAYC,TF-IDF,ElasticNet,2024-07-01,2024-10-01,True,89078,2495,2022-01-01 00:14:11+00:00,2024-06-30 23:16:59+00:00,51aabe7205c46b710ff1622e630a4b1ae554f4fd34aa424b74b1f2d3bd205d5c,ac7b8b5ec9ab9aaae32b960aeff2292bd49412da8cacc7b64285bd2103e6dce2,341,0.03566132438145905,0.1888420620027727,0.06059069096142315,0.24615176408350836,753,9.768875599955209,"{""alpha"": 0.001, ""l1_ratio"": 0.9}","{""valid"": true, ""warnings"": []}","{""center"": -0.028727289636910312, ""normalized_MAD"": 0.08579615208876926}"
MAYC,TF-IDF,ElasticNet,2024-07-01,2024-10-01,True,89078,2495,2022-01-01 00:14:11+00:00,2024-06-30 23:16:59+00:00,51aabe7205c46b710ff1622e630a4b1ae554f4fd34aa424b74b1f2d3bd205d5c,ac7b8b5ec9ab9aaae32b960aeff2292bd49412da8cacc7b64285bd2103e6dce2,341,0.03575959780171408,0.18910208301791412,0.060765385512094504,0.24650635998305298,753,7.85420390003128,"{""alpha"": 0.01, ""l1_ratio"": 0.1}","{""valid"": true, ""warnings"": []}","{""center"": -0.028727289636910312, ""normalized_MAD"": 0.08579615208876926}"
MAYC,TF-IDF,ElasticNet,2024-07-01,2024-10-01,True,89078,2495,2022-01-01 00:14:11+00:00,2024-06-30 23:16:59+00:00,51aabe7205c46b710ff1622e630a4b1ae554f4fd34aa424b74b1f2d3bd205d5c,ac7b8b5ec9ab9aaae32b960aeff2292bd49412da8cacc7b64285bd2103e6dce2,341,0.03679582685948927,0.1918223836247722,0.06276144152393219,0.2505223373751973,753,3.528251299983822,"{""alpha"": 0.01, ""l1_ratio"": 0.5}","{""valid"": true, ""warnings"": []}","{""center"": -0.028727289636910312, ""normalized_MAD"": 0.08579615208876926}"
MAYC,TF-IDF,ElasticNet,2024-07-01,2024-10-01,True,89078,2495,2022-01-01 00:14:11+00:00,2024-06-30 23:16:59+00:00,51aabe7205c46b710ff1622e630a4b1ae554f4fd34aa424b74b1f2d3bd205d5c,ac7b8b5ec9ab9aaae32b960aeff2292bd49412da8cacc7b64285bd2103e6dce2,341,0.03805470145343954,0.19507614270699414,0.06502044299519832,0.2549910645399135,753,2.7160605000099167,"{""alpha"": 0.01, ""l1_ratio"": 0.9}","{""valid"": true, ""warnings"": []}","{""center"": -0.028727289636910312, ""normalized_MAD"": 0.08579615208876926}"
MAYC,TF-IDF,ElasticNet,2024-07-01,2024-10-01,True,89078,2495,2022-01-01 00:14:11+00:00,2024-06-30 23:16:59+00:00,51aabe7205c46b710ff1622e630a4b1ae554f4fd34aa424b74b1f2d3bd205d5c,ac7b8b5ec9ab9aaae32b960aeff2292bd49412da8cacc7b64285bd2103e6dce2,341,0.039149952542562136,0.19786346944942146,0.06681153274300392,0.2584792694646979,753,0.9561531999497674,"{""alpha"": 0.1, ""l1_ratio"": 0.1}","{""valid"": true, ""warnings"": []}","{""center"": -0.028727289636910312, ""normalized_MAD"": 0.08579615208876926}"
MAYC,TF-IDF,ElasticNet,2024-07-01,2024-10-01,True,89078,2495,2022-01-01 00:14:11+00:00,2024-06-30 23:16:59+00:00,51aabe7205c46b710ff1622e630a4b1ae554f4fd34aa424b74b1f2d3bd205d5c,ac7b8b5ec9ab9aaae32b960aeff2292bd49412da8cacc7b64285bd2103e6dce2,341,0.044998093887331406,0.21212754155774163,0.07670327747341987,0.2769535655546248,753,0.7457890000077896,"{""alpha"": 0.1, ""l1_ratio"": 0.5}","{""valid"": true, ""warnings"": []}","{""center"": -0.028727289636910312, ""normalized_MAD"": 0.08579615208876926}"
MAYC,TF-IDF,ElasticNet,2024-07-01,2024-10-01,True,89078,2495,2022-01-01 00:14:11+00:00,2024-06-30 23:16:59+00:00,51aabe7205c46b710ff1622e630a4b1ae554f4fd34aa424b74b1f2d3bd205d5c,ac7b8b5ec9ab9aaae32b960aeff2292bd49412da8cacc7b64285bd2103e6dce2,341,0.046277900523327566,0.21512298929525772,0.0786637191235544,0.28047053164914565,753,0.7836152999661863,"{""alpha"": 0.1, ""l1_ratio"": 0.9}","{""valid"": true, ""warnings"": []}","{""center"": -0.028727289636910312, ""normalized_MAD"": 0.08579615208876926}"
MAYC,TF-IDF,ElasticNet,2024-07-01,2024-10-01,True,89078,2495,2022-01-01 00:14:11+00:00,2024-06-30 23:16:59+00:00,51aabe7205c46b710ff1622e630a4b1ae554f4fd34aa424b74b1f2d3bd205d5c,ac7b8b5ec9ab9aaae32b960aeff2292bd49412da8cacc7b64285bd2103e6dce2,341,0.04789388493405843,0.21884671561176886,0.08161681330743305,0.2856865648003648,753,0.2998879000078887,"{""alpha"": 1, ""l1_ratio"": 0.1}","{""valid"": true, ""warnings"": []}","{""center"": -0.028727289636910312, ""normalized_MAD"": 0.08579615208876926}"
MAYC,TF-IDF,ElasticNet,2024-07-01,2024-10-01,True,89078,2495,2022-01-01 00:14:11+00:00,2024-06-30 23:16:59+00:00,51aabe7205c46b710ff1622e630a4b1ae554f4fd34aa424b74b1f2d3bd205d5c,ac7b8b5ec9ab9aaae32b960aeff2292bd49412da8cacc7b64285bd2103e6dce2,341,0.05092154323500623,0.22565802275790292,0.08705227782149731,0.2950462299733676,753,0.23568570002680644,"{""alpha"": 1, ""l1_ratio"": 0.5}","{""valid"": true, ""warnings"": []}","{""center"": -0.028727289636910312, ""normalized_MAD"": 0.08579615208876926}"
MAYC,TF-IDF,ElasticNet,2024-07-01,2024-10-01,True,89078,2495,2022-01-01 00:14:11+00:00,2024-06-30 23:16:59+00:00,51aabe7205c46b710ff1622e630a4b1ae554f4fd34aa424b74b1f2d3bd205d5c,ac7b8b5ec9ab9aaae32b960aeff2292bd49412da8cacc7b64285bd2103e6dce2,341,0.05092154323500623,0.22565802275790292,0.08705227782149731,0.2950462299733676,753,0.17612919997191057,"{""alpha"": 1, ""l1_ratio"": 0.9}","{""valid"": true, ""warnings"": []}","{""center"": -0.028727289636910312, ""normalized_MAD"": 0.08579615208876926}"
MAYC,TF-IDF,ElasticNet,2024-07-01,2024-10-01,True,89078,2495,2022-01-01 00:14:11+00:00,2024-06-30 23:16:59+00:00,51aabe7205c46b710ff1622e630a4b1ae554f4fd34aa424b74b1f2d3bd205d5c,ac7b8b5ec9ab9aaae32b960aeff2292bd49412da8cacc7b64285bd2103e6dce2,341,0.05092154323500623,0.22565802275790292,0.08705227782149731,0.2950462299733676,753,0.2175895000109449,"{""alpha"": 10, ""l1_ratio"": 0.1}","{""valid"": true, ""warnings"": []}","{""center"": -0.028727289636910312, ""normalized_MAD"": 0.08579615208876926}"
MAYC,TF-IDF,ElasticNet,2024-07-01,2024-10-01,True,89078,2495,2022-01-01 00:14:11+00:00,2024-06-30 23:16:59+00:00,51aabe7205c46b710ff1622e630a4b1ae554f4fd34aa424b74b1f2d3bd205d5c,ac7b8b5ec9ab9aaae32b960aeff2292bd49412da8cacc7b64285bd2103e6dce2,341,0.05092154323500623,0.22565802275790292,0.08705227782149731,0.2950462299733676,753,0.16675779997603968,"{""alpha"": 10, ""l1_ratio"": 0.5}","{""valid"": true, ""warnings"": []}","{""center"": -0.028727289636910312, ""normalized_MAD"": 0.08579615208876926}"
MAYC,TF-IDF,ElasticNet,2024-07-01,2024-10-01,True,89078,2495,2022-01-01 00:14:11+00:00,2024-06-30 23:16:59+00:00,51aabe7205c46b710ff1622e630a4b1ae554f4fd34aa424b74b1f2d3bd205d5c,ac7b8b5ec9ab9aaae32b960aeff2292bd49412da8cacc7b64285bd2103e6dce2,341,0.05092154323500623,0.22565802275790292,0.08705227782149731,0.2950462299733676,753,0.16984990000491962,"{""alpha"": 10, ""l1_ratio"": 0.9}","{""valid"": true, ""warnings"": []}","{""center"": -0.028727289636910312, ""normalized_MAD"": 0.08579615208876926}"
MAYC,TF-IDF,PLS,2024-07-01,2024-10-01,True,89078,2495,2022-01-01 00:14:11+00:00,2024-06-30 23:16:59+00:00,51aabe7205c46b710ff1622e630a4b1ae554f4fd34aa424b74b1f2d3bd205d5c,ac7b8b5ec9ab9aaae32b960aeff2292bd49412da8cacc7b64285bd2103e6dce2,341,0.03548468948175991,0.18837380253570268,0.060238286108731894,0.24543489179155414,753,1.6820426000049338,"{""components"": 8}","{""valid"": true, ""warnings"": []}","{""center"": -0.028727289636910312, ""normalized_MAD"": 0.08579615208876926}"
MAYC,TF-IDF,PLS,2024-07-01,2024-10-01,True,89078,2495,2022-01-01 00:14:11+00:00,2024-06-30 23:16:59+00:00,51aabe7205c46b710ff1622e630a4b1ae554f4fd34aa424b74b1f2d3bd205d5c,ac7b8b5ec9ab9aaae32b960aeff2292bd49412da8cacc7b64285bd2103e6dce2,341,0.035458283724559794,0.1883037007723422,0.06016948560869539,0.24529469135856852,753,3.1780238999635912,"{""components"": 16}","{""valid"": true, ""warnings"": []}","{""center"": -0.028727289636910312, ""normalized_MAD"": 0.08579615208876926}"
MAYC,TF-IDF,PLS,2024-07-01,2024-10-01,True,89078,2495,2022-01-01 00:14:11+00:00,2024-06-30 23:16:59+00:00,51aabe7205c46b710ff1622e630a4b1ae554f4fd34aa424b74b1f2d3bd205d5c,ac7b8b5ec9ab9aaae32b960aeff2292bd49412da8cacc7b64285bd2103e6dce2,341,0.035482046813325986,0.1883667879784703,0.060188947859008704,0.24533435931195757,753,6.297109000035562,"{""components"": 32}","{""valid"": true, ""warnings"": []}","{""center"": -0.028727289636910312, ""normalized_MAD"": 0.08579615208876926}"
MAYC,TF-IDF,PLS,2024-07-01,2024-10-01,True,89078,2495,2022-01-01 00:14:11+00:00,2024-06-30 23:16:59+00:00,51aabe7205c46b710ff1622e630a4b1ae554f4fd34aa424b74b1f2d3bd205d5c,ac7b8b5ec9ab9aaae32b960aeff2292bd49412da8cacc7b64285bd2103e6dce2,341,0.03548204681333446,0.1883667879784928,0.06018894785891893,0.2453343593117746,753,12.542936099984217,"{""components"": 64}","{""valid"": true, ""warnings"": []}","{""center"": -0.028727289636910312, ""normalized_MAD"": 0.08579615208876926}"
MAYC,TF-IDF,LinearSVR,2024-07-01,2024-10-01,True,89078,2495,2022-01-01 00:14:11+00:00,2024-06-30 23:16:59+00:00,51aabe7205c46b710ff1622e630a4b1ae554f4fd34aa424b74b1f2d3bd205d5c,ac7b8b5ec9ab9aaae32b960aeff2292bd49412da8cacc7b64285bd2103e6dce2,341,0.03570230596041248,0.18895053839672563,0.06058473883412249,0.24613967342572488,753,3.2465169000206515,"{""C"": 0.01, ""epsilon"": 0.1}","{""valid"": true, ""warnings"": []}","{""center"": -0.028727289636910312, ""normalized_MAD"": 0.08579615208876926}"
MAYC,TF-IDF,LinearSVR,2024-07-01,2024-10-01,True,89078,2495,2022-01-01 00:14:11+00:00,2024-06-30 23:16:59+00:00,51aabe7205c46b710ff1622e630a4b1ae554f4fd34aa424b74b1f2d3bd205d5c,ac7b8b5ec9ab9aaae32b960aeff2292bd49412da8cacc7b64285bd2103e6dce2,341,0.035963027003427975,0.18963920217989733,0.06101675067239287,0.24701568912195207,753,3.3012622999958694,"{""C"": 0.01, ""epsilon"": 0.2}","{""valid"": true, ""warnings"": []}","{""center"": -0.028727289636910312, ""normalized_MAD"": 0.08579615208876926}"
MAYC,TF-IDF,LinearSVR,2024-07-01,2024-10-01,True,89078,2495,2022-01-01 00:14:11+00:00,2024-06-30 23:16:59+00:00,51aabe7205c46b710ff1622e630a4b1ae554f4fd34aa424b74b1f2d3bd205d5c,ac7b8b5ec9ab9aaae32b960aeff2292bd49412da8cacc7b64285bd2103e6dce2,341,0.03569818460985808,0.188939632184087,0.06055392461142319,0.24607707047066207,753,5.294123800005764,"{""C"": 0.1, ""epsilon"": 0.1}","{""valid"": true, ""warnings"": []}","{""center"": -0.028727289636910312, ""normalized_MAD"": 0.08579615208876926}"
MAYC,TF-IDF,LinearSVR,2024-07-01,2024-10-01,True,89078,2495,2022-01-01 00:14:11+00:00,2024-06-30 23:16:59+00:00,51aabe7205c46b710ff1622e630a4b1ae554f4fd34aa424b74b1f2d3bd205d5c,ac7b8b5ec9ab9aaae32b960aeff2292bd49412da8cacc7b64285bd2103e6dce2,341,0.0359617688899762,0.18963588502700696,0.06098881052313499,0.24695912723188626,753,4.870129299990367,"{""C"": 0.1, ""epsilon"": 0.2}","{""valid"": true, ""warnings"": []}","{""center"": -0.028727289636910312, ""normalized_MAD"": 0.08579615208876926}"
MAYC,TF-IDF,LinearSVR,2024-07-01,2024-10-01,True,89078,2495,2022-01-01 00:14:11+00:00,2024-06-30 23:16:59+00:00,51aabe7205c46b710ff1622e630a4b1ae554f4fd34aa424b74b1f2d3bd205d5c,ac7b8b5ec9ab9aaae32b960aeff2292bd49412da8cacc7b64285bd2103e6dce2,341,0.0356993446790495,0.18894270210582229,0.06054650436703166,0.24606199293477174,753,6.602389800013043,"{""C"": 1, ""epsilon"": 0.1}","{""valid"": true, ""warnings"": []}","{""center"": -0.028727289636910312, ""normalized_MAD"": 0.08579615208876926}"
MAYC,TF-IDF,LinearSVR,2024-07-01,2024-10-01,True,89078,2495,2022-01-01 00:14:11+00:00,2024-06-30 23:16:59+00:00,51aabe7205c46b710ff1622e630a4b1ae554f4fd34aa424b74b1f2d3bd205d5c,ac7b8b5ec9ab9aaae32b960aeff2292bd49412da8cacc7b64285bd2103e6dce2,341,0.03596271542313191,0.18963838066997912,0.06097929497118829,0.24693986104148574,753,5.896722099976614,"{""C"": 1, ""epsilon"": 0.2}","{""valid"": true, ""warnings"": []}","{""center"": -0.028727289636910312, ""normalized_MAD"": 0.08579615208876926}"
MAYC,TF-IDF,HistGradientBoosting,2024-07-01,2024-10-01,True,89078,2495,2022-01-01 00:14:11+00:00,2024-06-30 23:16:59+00:00,51aabe7205c46b710ff1622e630a4b1ae554f4fd34aa424b74b1f2d3bd205d5c,ac7b8b5ec9ab9aaae32b960aeff2292bd49412da8cacc7b64285bd2103e6dce2,341,0.03767281460637578,0.1940948598144108,0.06424602622289169,0.25346799841970524,753,11.729597199999262,"{""l2_regularization"": 1, ""learning_rate"": 0.05, ""max_leaf_nodes"": 15}","{""valid"": true, ""warnings"": []}","{""center"": -0.028727289636910312, ""normalized_MAD"": 0.08579615208876926}"
MAYC,TF-IDF,HistGradientBoosting,2024-07-01,2024-10-01,True,89078,2495,2022-01-01 00:14:11+00:00,2024-06-30 23:16:59+00:00,51aabe7205c46b710ff1622e630a4b1ae554f4fd34aa424b74b1f2d3bd205d5c,ac7b8b5ec9ab9aaae32b960aeff2292bd49412da8cacc7b64285bd2103e6dce2,341,0.03784917519257168,0.19454864479757158,0.06458816289054671,0.2541420132338349,753,11.934826500015333,"{""l2_regularization"": 10, ""learning_rate"": 0.05, ""max_leaf_nodes"": 15}","{""valid"": true, ""warnings"": []}","{""center"": -0.028727289636910312, ""normalized_MAD"": 0.08579615208876926}"
MAYC,TF-IDF,HistGradientBoosting,2024-07-01,2024-10-01,True,89078,2495,2022-01-01 00:14:11+00:00,2024-06-30 23:16:59+00:00,51aabe7205c46b710ff1622e630a4b1ae554f4fd34aa424b74b1f2d3bd205d5c,ac7b8b5ec9ab9aaae32b960aeff2292bd49412da8cacc7b64285bd2103e6dce2,341,0.03711891945430587,0.19266270903915442,0.06312976376652661,0.2512563705988897,753,15.921987999987323,"{""l2_regularization"": 1, ""learning_rate"": 0.05, ""max_leaf_nodes"": 31}","{""valid"": true, ""warnings"": []}","{""center"": -0.028727289636910312, ""normalized_MAD"": 0.08579615208876926}"
MAYC,TF-IDF,HistGradientBoosting,2024-07-01,2024-10-01,True,89078,2495,2022-01-01 00:14:11+00:00,2024-06-30 23:16:59+00:00,51aabe7205c46b710ff1622e630a4b1ae554f4fd34aa424b74b1f2d3bd205d5c,ac7b8b5ec9ab9aaae32b960aeff2292bd49412da8cacc7b64285bd2103e6dce2,341,0.037229299093062405,0.1929489546306546,0.06337633795488094,0.25174657486226293,753,16.42015469999751,"{""l2_regularization"": 10, ""learning_rate"": 0.05, ""max_leaf_nodes"": 31}","{""valid"": true, ""warnings"": []}","{""center"": -0.028727289636910312, ""normalized_MAD"": 0.08579615208876926}"
MAYC,TF-IDF,HistGradientBoosting,2024-07-01,2024-10-01,True,89078,2495,2022-01-01 00:14:11+00:00,2024-06-30 23:16:59+00:00,51aabe7205c46b710ff1622e630a4b1ae554f4fd34aa424b74b1f2d3bd205d5c,ac7b8b5ec9ab9aaae32b960aeff2292bd49412da8cacc7b64285bd2103e6dce2,341,0.03724506387195406,0.19298980250768188,0.06334133582416332,0.2516770466772115,753,11.276532399991993,"{""l2_regularization"": 1, ""learning_rate"": 0.1, ""max_leaf_nodes"": 15}","{""valid"": true, ""warnings"": []}","{""center"": -0.028727289636910312, ""normalized_MAD"": 0.08579615208876926}"
MAYC,TF-IDF,HistGradientBoosting,2024-07-01,2024-10-01,True,89078,2495,2022-01-01 00:14:11+00:00,2024-06-30 23:16:59+00:00,51aabe7205c46b710ff1622e630a4b1ae554f4fd34aa424b74b1f2d3bd205d5c,ac7b8b5ec9ab9aaae32b960aeff2292bd49412da8cacc7b64285bd2103e6dce2,341,0.037398874673538356,0.19338788657394845,0.06358866832227504,0.2521679367450887,753,11.502119400014635,"{""l2_regularization"": 10, ""learning_rate"": 0.1, ""max_leaf_nodes"": 15}","{""valid"": true, ""warnings"": []}","{""center"": -0.028727289636910312, ""normalized_MAD"": 0.08579615208876926}"
MAYC,TF-IDF,HistGradientBoosting,2024-07-01,2024-10-01,True,89078,2495,2022-01-01 00:14:11+00:00,2024-06-30 23:16:59+00:00,51aabe7205c46b710ff1622e630a4b1ae554f4fd34aa424b74b1f2d3bd205d5c,ac7b8b5ec9ab9aaae32b960aeff2292bd49412da8cacc7b64285bd2103e6dce2,341,0.03680908457248215,0.1918569377752135,0.062283030654491964,0.2495656840482921,753,15.457719400001224,"{""l2_regularization"": 1, ""learning_rate"": 0.1, ""max_leaf_nodes"": 31}","{""valid"": true, ""warnings"": []}","{""center"": -0.028727289636910312, ""normalized_MAD"": 0.08579615208876926}"
MAYC,TF-IDF,HistGradientBoosting,2024-07-01,2024-10-01,True,89078,2495,2022-01-01 00:14:11+00:00,2024-06-30 23:16:59+00:00,51aabe7205c46b710ff1622e630a4b1ae554f4fd34aa424b74b1f2d3bd205d5c,ac7b8b5ec9ab9aaae32b960aeff2292bd49412da8cacc7b64285bd2103e6dce2,341,0.036967773355774114,0.19227005319543164,0.06282596180753403,0.2506510758156327,753,15.580648499948438,"{""l2_regularization"": 10, ""learning_rate"": 0.1, ""max_leaf_nodes"": 31}","{""valid"": true, ""warnings"": []}","{""center"": -0.028727289636910312, ""normalized_MAD"": 0.08579615208876926}"
MAYC,TF-IDF,XGBoost,2024-07-01,2024-10-01,True,89078,2495,2022-01-01 00:14:11+00:00,2024-06-30 23:16:59+00:00,51aabe7205c46b710ff1622e630a4b1ae554f4fd34aa424b74b1f2d3bd205d5c,ac7b8b5ec9ab9aaae32b960aeff2292bd49412da8cacc7b64285bd2103e6dce2,341,0.03774537306626567,0.19428168484513839,0.0642216517663407,0.2534199119373628,753,7.971068900020327,"{""l2_regularization"": 1, ""learning_rate"": 0.05, ""max_leaf_nodes"": 15}","{""valid"": true, ""warnings"": []}","{""center"": -0.028727289636910312, ""normalized_MAD"": 0.08579615208876926}"
MAYC,TF-IDF,XGBoost,2024-07-01,2024-10-01,True,89078,2495,2022-01-01 00:14:11+00:00,2024-06-30 23:16:59+00:00,51aabe7205c46b710ff1622e630a4b1ae554f4fd34aa424b74b1f2d3bd205d5c,ac7b8b5ec9ab9aaae32b960aeff2292bd49412da8cacc7b64285bd2103e6dce2,341,0.037938771880816194,0.19477877677205027,0.06456861456555792,0.25410355087160413,753,7.936549700039905,"{""l2_regularization"": 10, ""learning_rate"": 0.05, ""max_leaf_nodes"": 15}","{""valid"": true, ""warnings"": []}","{""center"": -0.028727289636910312, ""normalized_MAD"": 0.08579615208876926}"
MAYC,TF-IDF,XGBoost,2024-07-01,2024-10-01,True,89078,2495,2022-01-01 00:14:11+00:00,2024-06-30 23:16:59+00:00,51aabe7205c46b710ff1622e630a4b1ae554f4fd34aa424b74b1f2d3bd205d5c,ac7b8b5ec9ab9aaae32b960aeff2292bd49412da8cacc7b64285bd2103e6dce2,341,0.03711383801224254,0.19264952118352782,0.0630227311538834,0.25104328541883647,753,10.468230700003915,"{""l2_regularization"": 1, ""learning_rate"": 0.05, ""max_leaf_nodes"": 31}","{""valid"": true, ""warnings"": []}","{""center"": -0.028727289636910312, ""normalized_MAD"": 0.08579615208876926}"
MAYC,TF-IDF,XGBoost,2024-07-01,2024-10-01,True,89078,2495,2022-01-01 00:14:11+00:00,2024-06-30 23:16:59+00:00,51aabe7205c46b710ff1622e630a4b1ae554f4fd34aa424b74b1f2d3bd205d5c,ac7b8b5ec9ab9aaae32b960aeff2292bd49412da8cacc7b64285bd2103e6dce2,341,0.037246180629767686,0.1929926957938245,0.06325148251737675,0.25149847418498733,753,10.932486400008202,"{""l2_regularization"": 10, ""learning_rate"": 0.05, ""max_leaf_nodes"": 31}","{""valid"": true, ""warnings"": []}","{""center"": -0.028727289636910312, ""normalized_MAD"": 0.08579615208876926}"
MAYC,TF-IDF,XGBoost,2024-07-01,2024-10-01,True,89078,2495,2022-01-01 00:14:11+00:00,2024-06-30 23:16:59+00:00,51aabe7205c46b710ff1622e630a4b1ae554f4fd34aa424b74b1f2d3bd205d5c,ac7b8b5ec9ab9aaae32b960aeff2292bd49412da8cacc7b64285bd2103e6dce2,341,0.03722772130750503,0.19294486597861324,0.06317726789667383,0.251350886007338,753,8.36679020000156,"{""l2_regularization"": 1, ""learning_rate"": 0.1, ""max_leaf_nodes"": 15}","{""valid"": true, ""warnings"": []}","{""center"": -0.028727289636910312, ""normalized_MAD"": 0.08579615208876926}"
MAYC,TF-IDF,XGBoost,2024-07-01,2024-10-01,True,89078,2495,2022-01-01 00:14:11+00:00,2024-06-30 23:16:59+00:00,51aabe7205c46b710ff1622e630a4b1ae554f4fd34aa424b74b1f2d3bd205d5c,ac7b8b5ec9ab9aaae32b960aeff2292bd49412da8cacc7b64285bd2103e6dce2,341,0.03729640399095751,0.1931227692193686,0.06339741794601021,0.2517884388648736,753,8.342857200012077,"{""l2_regularization"": 10, ""learning_rate"": 0.1, ""max_leaf_nodes"": 15}","{""valid"": true, ""warnings"": []}","{""center"": -0.028727289636910312, ""normalized_MAD"": 0.08579615208876926}"
MAYC,TF-IDF,XGBoost,2024-07-01,2024-10-01,True,89078,2495,2022-01-01 00:14:11+00:00,2024-06-30 23:16:59+00:00,51aabe7205c46b710ff1622e630a4b1ae554f4fd34aa424b74b1f2d3bd205d5c,ac7b8b5ec9ab9aaae32b960aeff2292bd49412da8cacc7b64285bd2103e6dce2,341,0.03716449625974385,0.1927809540897229,0.06278333202813302,0.25056602329153294,753,11.092842100013513,"{""l2_regularization"": 1, ""learning_rate"": 0.1, ""max_leaf_nodes"": 31}","{""valid"": true, ""warnings"": []}","{""center"": -0.028727289636910312, ""normalized_MAD"": 0.08579615208876926}"
MAYC,TF-IDF,XGBoost,2024-07-01,2024-10-01,True,89078,2495,2022-01-01 00:14:11+00:00,2024-06-30 23:16:59+00:00,51aabe7205c46b710ff1622e630a4b1ae554f4fd34aa424b74b1f2d3bd205d5c,ac7b8b5ec9ab9aaae32b960aeff2292bd49412da8cacc7b64285bd2103e6dce2,341,0.03697967586900735,0.1923010032969338,0.06258788913065377,0.25017571650872467,753,11.063799900002778,"{""l2_regularization"": 10, ""learning_rate"": 0.1, ""max_leaf_nodes"": 31}","{""valid"": true, ""warnings"": []}","{""center"": -0.028727289636910312, ""normalized_MAD"": 0.08579615208876926}"
MAYC,TF-IDF,LightGBM,2024-07-01,2024-10-01,True,89078,2495,2022-01-01 00:14:11+00:00,2024-06-30 23:16:59+00:00,51aabe7205c46b710ff1622e630a4b1ae554f4fd34aa424b74b1f2d3bd205d5c,ac7b8b5ec9ab9aaae32b960aeff2292bd49412da8cacc7b64285bd2103e6dce2,341,0.03786239309126357,0.19458261251012016,0.06451936984742566,0.2540066334713046,753,1.60655789996963,"{""l2_regularization"": 1, ""learning_rate"": 0.05, ""max_leaf_nodes"": 15}","{""valid"": true, ""warnings"": []}","{""center"": -0.028727289636910312, ""normalized_MAD"": 0.08579615208876926}"
MAYC,TF-IDF,LightGBM,2024-07-01,2024-10-01,True,89078,2495,2022-01-01 00:14:11+00:00,2024-06-30 23:16:59+00:00,51aabe7205c46b710ff1622e630a4b1ae554f4fd34aa424b74b1f2d3bd205d5c,ac7b8b5ec9ab9aaae32b960aeff2292bd49412da8cacc7b64285bd2103e6dce2,341,0.03801559013560442,0.1949758706496894,0.06482959966348441,0.2546165738193105,753,1.7545075000380166,"{""l2_regularization"": 10, ""learning_rate"": 0.05, ""max_leaf_nodes"": 15}","{""valid"": true, ""warnings"": []}","{""center"": -0.028727289636910312, ""normalized_MAD"": 0.08579615208876926}"
MAYC,TF-IDF,LightGBM,2024-07-01,2024-10-01,True,89078,2495,2022-01-01 00:14:11+00:00,2024-06-30 23:16:59+00:00,51aabe7205c46b710ff1622e630a4b1ae554f4fd34aa424b74b1f2d3bd205d5c,ac7b8b5ec9ab9aaae32b960aeff2292bd49412da8cacc7b64285bd2103e6dce2,341,0.03721844917808364,0.1929208365575985,0.06324780818843662,0.2514911692056733,753,2.4567201000172645,"{""l2_regularization"": 1, ""learning_rate"": 0.05, ""max_leaf_nodes"": 31}","{""valid"": true, ""warnings"": []}","{""center"": -0.028727289636910312, ""normalized_MAD"": 0.08579615208876926}"
MAYC,TF-IDF,LightGBM,2024-07-01,2024-10-01,True,89078,2495,2022-01-01 00:14:11+00:00,2024-06-30 23:16:59+00:00,51aabe7205c46b710ff1622e630a4b1ae554f4fd34aa424b74b1f2d3bd205d5c,ac7b8b5ec9ab9aaae32b960aeff2292bd49412da8cacc7b64285bd2103e6dce2,341,0.037347229069570484,0.19325431190421208,0.06354708374306686,0.252085469123206,753,2.462702899996657,"{""l2_regularization"": 10, ""learning_rate"": 0.05, ""max_leaf_nodes"": 31}","{""valid"": true, ""warnings"": []}","{""center"": -0.028727289636910312, ""normalized_MAD"": 0.08579615208876926}"
MAYC,TF-IDF,LightGBM,2024-07-01,2024-10-01,True,89078,2495,2022-01-01 00:14:11+00:00,2024-06-30 23:16:59+00:00,51aabe7205c46b710ff1622e630a4b1ae554f4fd34aa424b74b1f2d3bd205d5c,ac7b8b5ec9ab9aaae32b960aeff2292bd49412da8cacc7b64285bd2103e6dce2,341,0.037278749503330065,0.19307705586974871,0.06340933177248742,0.25181209615998873,753,1.5033369999728166,"{""l2_regularization"": 1, ""learning_rate"": 0.1, ""max_leaf_nodes"": 15}","{""valid"": true, ""warnings"": []}","{""center"": -0.028727289636910312, ""normalized_MAD"": 0.08579615208876926}"
MAYC,TF-IDF,LightGBM,2024-07-01,2024-10-01,True,89078,2495,2022-01-01 00:14:11+00:00,2024-06-30 23:16:59+00:00,51aabe7205c46b710ff1622e630a4b1ae554f4fd34aa424b74b1f2d3bd205d5c,ac7b8b5ec9ab9aaae32b960aeff2292bd49412da8cacc7b64285bd2103e6dce2,341,0.03737327235365601,0.19332168102325206,0.06363659388312146,0.25226294591778925,753,1.521928099973593,"{""l2_regularization"": 10, ""learning_rate"": 0.1, ""max_leaf_nodes"": 15}","{""valid"": true, ""warnings"": []}","{""center"": -0.028727289636910312, ""normalized_MAD"": 0.08579615208876926}"
MAYC,TF-IDF,LightGBM,2024-07-01,2024-10-01,True,89078,2495,2022-01-01 00:14:11+00:00,2024-06-30 23:16:59+00:00,51aabe7205c46b710ff1622e630a4b1ae554f4fd34aa424b74b1f2d3bd205d5c,ac7b8b5ec9ab9aaae32b960aeff2292bd49412da8cacc7b64285bd2103e6dce2,341,0.03683864273790599,0.19193395410376454,0.06232585480363217,0.24965146665628096,753,2.351140199985821,"{""l2_regularization"": 1, ""learning_rate"": 0.1, ""max_leaf_nodes"": 31}","{""valid"": true, ""warnings"": []}","{""center"": -0.028727289636910312, ""normalized_MAD"": 0.08579615208876926}"
MAYC,TF-IDF,LightGBM,2024-07-01,2024-10-01,True,89078,2495,2022-01-01 00:14:11+00:00,2024-06-30 23:16:59+00:00,51aabe7205c46b710ff1622e630a4b1ae554f4fd34aa424b74b1f2d3bd205d5c,ac7b8b5ec9ab9aaae32b960aeff2292bd49412da8cacc7b64285bd2103e6dce2,341,0.03707934625422513,0.19255998092600948,0.06276407211170884,0.250527587526222,753,2.320901099999901,"{""l2_regularization"": 10, ""learning_rate"": 0.1, ""max_leaf_nodes"": 31}","{""valid"": true, ""warnings"": []}","{""center"": -0.028727289636910312, ""normalized_MAD"": 0.08579615208876926}"
MAYC,TF-IDF,OLS,2024-10-01,2025-01-01,True,91573,3634,2022-01-01 00:14:11+00:00,2024-09-30 22:57:11+00:00,ca2b3e8ab8522cd56c8d3dc01f69d1cd769b3d3fa118412ac26dc0c6a6c7d1d0,25d46bc95104001e5c45d970a72523d9815b3c90139a2bcdf999b78af251ae22,341,0.5637977660762585,0.7508646789377288,0.31179550817368845,0.5583865221991738,1371,1.4922866999986582,{},"{""valid"": true, ""warnings"": []}","{""center"": -0.028039220064393047, ""normalized_MAD"": 0.08672989846338708}"
MAYC,TF-IDF,Ridge,2024-10-01,2025-01-01,True,91573,3634,2022-01-01 00:14:11+00:00,2024-09-30 22:57:11+00:00,ca2b3e8ab8522cd56c8d3dc01f69d1cd769b3d3fa118412ac26dc0c6a6c7d1d0,25d46bc95104001e5c45d970a72523d9815b3c90139a2bcdf999b78af251ae22,341,0.5637977834328994,0.7508646904954976,0.3117955369685874,0.5583865479831936,1371,0.2669218999799341,"{""alpha"": 0.01}","{""valid"": true, ""warnings"": []}","{""center"": -0.028039220064393047, ""normalized_MAD"": 0.08672989846338708}"
MAYC,TF-IDF,Ridge,2024-10-01,2025-01-01,True,91573,3634,2022-01-01 00:14:11+00:00,2024-09-30 22:57:11+00:00,ca2b3e8ab8522cd56c8d3dc01f69d1cd769b3d3fa118412ac26dc0c6a6c7d1d0,25d46bc95104001e5c45d970a72523d9815b3c90139a2bcdf999b78af251ae22,341,0.5637979390656328,0.7508647941311624,0.3117957951088866,0.5583867791315322,1371,0.2766228999826126,"{""alpha"": 0.1}","{""valid"": true, ""warnings"": []}","{""center"": -0.028039220064393047, ""normalized_MAD"": 0.08672989846338708}"
MAYC,TF-IDF,Ridge,2024-10-01,2025-01-01,True,91573,3634,2022-01-01 00:14:11+00:00,2024-09-30 22:57:11+00:00,ca2b3e8ab8522cd56c8d3dc01f69d1cd769b3d3fa118412ac26dc0c6a6c7d1d0,25d46bc95104001e5c45d970a72523d9815b3c90139a2bcdf999b78af251ae22,341,0.5637994400720334,0.7508657936489272,0.3117982795497388,0.5583890037865528,1371,0.287413599959109,"{""alpha"": 1}","{""valid"": true, ""warnings"": []}","{""center"": -0.028039220064393047, ""normalized_MAD"": 0.08672989846338708}"
MAYC,TF-IDF,Ridge,2024-10-01,2025-01-01,True,91573,3634,2022-01-01 00:14:11+00:00,2024-09-30 22:57:11+00:00,ca2b3e8ab8522cd56c8d3dc01f69d1cd769b3d3fa118412ac26dc0c6a6c7d1d0,25d46bc95104001e5c45d970a72523d9815b3c90139a2bcdf999b78af251ae22,341,0.5638103448123355,0.750873055058134,0.3118160327796049,0.558404900390035,1371,0.28781020001042634,"{""alpha"": 10}","{""valid"": true, ""warnings"": []}","{""center"": -0.028039220064393047, ""normalized_MAD"": 0.08672989846338708}"
MAYC,TF-IDF,Ridge,2024-10-01,2025-01-01,True,91573,3634,2022-01-01 00:14:11+00:00,2024-09-30 22:57:11+00:00,ca2b3e8ab8522cd56c8d3dc01f69d1cd769b3d3fa118412ac26dc0c6a6c7d1d0,25d46bc95104001e5c45d970a72523d9815b3c90139a2bcdf999b78af251ae22,341,0.5638343606525263,0.7508890468321711,0.31185048725487857,0.5584357503373854,1371,0.3041522999992594,"{""alpha"": 100}","{""valid"": true, ""warnings"": []}","{""center"": -0.028039220064393047, ""normalized_MAD"": 0.08672989846338708}"
MAYC,TF-IDF,Ridge,2024-10-01,2025-01-01,True,91573,3634,2022-01-01 00:14:11+00:00,2024-09-30 22:57:11+00:00,ca2b3e8ab8522cd56c8d3dc01f69d1cd769b3d3fa118412ac26dc0c6a6c7d1d0,25d46bc95104001e5c45d970a72523d9815b3c90139a2bcdf999b78af251ae22,341,0.563866061716346,0.7509101555554739,0.3118529269637309,0.5584379347463162,1371,0.2819498000317253,"{""alpha"": 1000}","{""valid"": true, ""warnings"": []}","{""center"": -0.028039220064393047, ""normalized_MAD"": 0.08672989846338708}"
MAYC,TF-IDF,Ridge,2024-10-01,2025-01-01,True,91573,3634,2022-01-01 00:14:11+00:00,2024-09-30 22:57:11+00:00,ca2b3e8ab8522cd56c8d3dc01f69d1cd769b3d3fa118412ac26dc0c6a6c7d1d0,25d46bc95104001e5c45d970a72523d9815b3c90139a2bcdf999b78af251ae22,341,0.5642366378290012,0.751156866326203,0.312101108679836,0.5586601012063024,1371,0.2704871000023559,"{""alpha"": 10000}","{""valid"": true, ""warnings"": []}","{""center"": -0.028039220064393047, ""normalized_MAD"": 0.08672989846338708}"
MAYC,TF-IDF,Ridge,2024-10-01,2025-01-01,True,91573,3634,2022-01-01 00:14:11+00:00,2024-09-30 22:57:11+00:00,ca2b3e8ab8522cd56c8d3dc01f69d1cd769b3d3fa118412ac26dc0c6a6c7d1d0,25d46bc95104001e5c45d970a72523d9815b3c90139a2bcdf999b78af251ae22,341,0.567580450602022,0.7533793537136666,0.31697272037605007,0.5630033040542924,1371,0.2852056000265293,"{""alpha"": 100000}","{""valid"": true, ""warnings"": []}","{""center"": -0.028039220064393047, ""normalized_MAD"": 0.08672989846338708}"
MAYC,TF-IDF,Ridge,2024-10-01,2025-01-01,True,91573,3634,2022-01-01 00:14:11+00:00,2024-09-30 22:57:11+00:00,ca2b3e8ab8522cd56c8d3dc01f69d1cd769b3d3fa118412ac26dc0c6a6c7d1d0,25d46bc95104001e5c45d970a72523d9815b3c90139a2bcdf999b78af251ae22,341,0.5721930070733761,0.7564344036817575,0.32535287404743746,0.5703971195995273,1371,0.3185922999982722,"{""alpha"": 1000000}","{""valid"": true, ""warnings"": []}","{""center"": -0.028039220064393047, ""normalized_MAD"": 0.08672989846338708}"
MAYC,TF-IDF,ElasticNet,2024-10-01,2025-01-01,True,91573,3634,2022-01-01 00:14:11+00:00,2024-09-30 22:57:11+00:00,ca2b3e8ab8522cd56c8d3dc01f69d1cd769b3d3fa118412ac26dc0c6a6c7d1d0,25d46bc95104001e5c45d970a72523d9815b3c90139a2bcdf999b78af251ae22,341,0.5638617082847889,0.7509072567799494,0.3118910087949071,0.5584720304499654,1371,53.9797186999931,"{""alpha"": 0.001, ""l1_ratio"": 0.1}","{""valid"": true, ""warnings"": []}","{""center"": -0.028039220064393047, ""normalized_MAD"": 0.08672989846338708}"
MAYC,TF-IDF,ElasticNet,2024-10-01,2025-01-01,True,91573,3634,2022-01-01 00:14:11+00:00,2024-09-30 22:57:11+00:00,ca2b3e8ab8522cd56c8d3dc01f69d1cd769b3d3fa118412ac26dc0c6a6c7d1d0,25d46bc95104001e5c45d970a72523d9815b3c90139a2bcdf999b78af251ae22,341,0.5639717724783839,0.7509805406789073,0.31204196638002885,0.5586071664238017,1371,28.466632600000594,"{""alpha"": 0.001, ""l1_ratio"": 0.5}","{""valid"": true, ""warnings"": []}","{""center"": -0.028039220064393047, ""normalized_MAD"": 0.08672989846338708}"
MAYC,TF-IDF,ElasticNet,2024-10-01,2025-01-01,True,91573,3634,2022-01-01 00:14:11+00:00,2024-09-30 22:57:11+00:00,ca2b3e8ab8522cd56c8d3dc01f69d1cd769b3d3fa118412ac26dc0c6a6c7d1d0,25d46bc95104001e5c45d970a72523d9815b3c90139a2bcdf999b78af251ae22,341,0.5640559845184204,0.7510366066433916,0.31217493607200936,0.5587261727107559,1371,20.22916529997019,"{""alpha"": 0.001, ""l1_ratio"": 0.9}","{""valid"": true, ""warnings"": []}","{""center"": -0.028039220064393047, ""normalized_MAD"": 0.08672989846338708}"
MAYC,TF-IDF,ElasticNet,2024-10-01,2025-01-01,True,91573,3634,2022-01-01 00:14:11+00:00,2024-09-30 22:57:11+00:00,ca2b3e8ab8522cd56c8d3dc01f69d1cd769b3d3fa118412ac26dc0c6a6c7d1d0,25d46bc95104001e5c45d970a72523d9815b3c90139a2bcdf999b78af251ae22,341,0.564115648373831,0.7510763265965923,0.3122237657873385,0.5587698683602567,1371,8.574550400022417,"{""alpha"": 0.01, ""l1_ratio"": 0.1}","{""valid"": true, ""warnings"": []}","{""center"": -0.028039220064393047, ""normalized_MAD"": 0.08672989846338708}"
MAYC,TF-IDF,ElasticNet,2024-10-01,2025-01-01,True,91573,3634,2022-01-01 00:14:11+00:00,2024-09-30 22:57:11+00:00,ca2b3e8ab8522cd56c8d3dc01f69d1cd769b3d3fa118412ac26dc0c6a6c7d1d0,25d46bc95104001e5c45d970a72523d9815b3c90139a2bcdf999b78af251ae22,341,0.5650217716581841,0.751679301070732,0.3137334036706182,0.5601190977556632,1371,3.6067615000065416,"{""alpha"": 0.01, ""l1_ratio"": 0.5}","{""valid"": true, ""warnings"": []}","{""center"": -0.028039220064393047, ""normalized_MAD"": 0.08672989846338708}"
MAYC,TF-IDF,ElasticNet,2024-10-01,2025-01-01,True,91573,3634,2022-01-01 00:14:11+00:00,2024-09-30 22:57:11+00:00,ca2b3e8ab8522cd56c8d3dc01f69d1cd769b3d3fa118412ac26dc0c6a6c7d1d0,25d46bc95104001e5c45d970a72523d9815b3c90139a2bcdf999b78af251ae22,341,0.566020783807075,0.7523435277897159,0.31520311559428194,0.5614295286091407,1371,2.906473900016863,"{""alpha"": 0.01, ""l1_ratio"": 0.9}","{""valid"": true, ""warnings"": []}","{""center"": -0.028039220064393047, ""normalized_MAD"": 0.08672989846338708}"
MAYC,TF-IDF,ElasticNet,2024-10-01,2025-01-01,True,91573,3634,2022-01-01 00:14:11+00:00,2024-09-30 22:57:11+00:00,ca2b3e8ab8522cd56c8d3dc01f69d1cd769b3d3fa118412ac26dc0c6a6c7d1d0,25d46bc95104001e5c45d970a72523d9815b3c90139a2bcdf999b78af251ae22,341,0.566664272518894,0.7527710624877221,0.31602549944193153,0.5621614531804289,1371,1.0136224000016227,"{""alpha"": 0.1, ""l1_ratio"": 0.1}","{""valid"": true, ""warnings"": []}","{""center"": -0.028039220064393047, ""normalized_MAD"": 0.08672989846338708}"
MAYC,TF-IDF,ElasticNet,2024-10-01,2025-01-01,True,91573,3634,2022-01-01 00:14:11+00:00,2024-09-30 22:57:11+00:00,ca2b3e8ab8522cd56c8d3dc01f69d1cd769b3d3fa118412ac26dc0c6a6c7d1d0,25d46bc95104001e5c45d970a72523d9815b3c90139a2bcdf999b78af251ae22,341,0.5710104846298987,0.7556523569935442,0.3219080541799447,0.5673694159715914,1371,0.7305526999989524,"{""alpha"": 0.1, ""l1_ratio"": 0.5}","{""valid"": true, ""warnings"": []}","{""center"": -0.028039220064393047, ""normalized_MAD"": 0.08672989846338708}"
MAYC,TF-IDF,ElasticNet,2024-10-01,2025-01-01,True,91573,3634,2022-01-01 00:14:11+00:00,2024-09-30 22:57:11+00:00,ca2b3e8ab8522cd56c8d3dc01f69d1cd769b3d3fa118412ac26dc0c6a6c7d1d0,25d46bc95104001e5c45d970a72523d9815b3c90139a2bcdf999b78af251ae22,341,0.5715863604463982,0.7560333064398672,0.3232041507904261,0.5685104667377955,1371,0.7863771999836899,"{""alpha"": 0.1, ""l1_ratio"": 0.9}","{""valid"": true, ""warnings"": []}","{""center"": -0.028039220064393047, ""normalized_MAD"": 0.08672989846338708}"
MAYC,TF-IDF,ElasticNet,2024-10-01,2025-01-01,True,91573,3634,2022-01-01 00:14:11+00:00,2024-09-30 22:57:11+00:00,ca2b3e8ab8522cd56c8d3dc01f69d1cd769b3d3fa118412ac26dc0c6a6c7d1d0,25d46bc95104001e5c45d970a72523d9815b3c90139a2bcdf999b78af251ae22,341,0.5726086388715775,0.7567090847026865,0.3256300988799364,0.5706400782278934,1371,0.2899051000131294,"{""alpha"": 1, ""l1_ratio"": 0.1}","{""valid"": true, ""warnings"": []}","{""center"": -0.028039220064393047, ""normalized_MAD"": 0.08672989846338708}"
MAYC,TF-IDF,ElasticNet,2024-10-01,2025-01-01,True,91573,3634,2022-01-01 00:14:11+00:00,2024-09-30 22:57:11+00:00,ca2b3e8ab8522cd56c8d3dc01f69d1cd769b3d3fa118412ac26dc0c6a6c7d1d0,25d46bc95104001e5c45d970a72523d9815b3c90139a2bcdf999b78af251ae22,341,0.5745070312053306,0.7579624207078677,0.32996379106860174,0.5744247479597321,1371,0.1625618999823928,"{""alpha"": 1, ""l1_ratio"": 0.5}","{""valid"": true, ""warnings"": []}","{""center"": -0.028039220064393047, ""normalized_MAD"": 0.08672989846338708}"
MAYC,TF-IDF,ElasticNet,2024-10-01,2025-01-01,True,91573,3634,2022-01-01 00:14:11+00:00,2024-09-30 22:57:11+00:00,ca2b3e8ab8522cd56c8d3dc01f69d1cd769b3d3fa118412ac26dc0c6a6c7d1d0,25d46bc95104001e5c45d970a72523d9815b3c90139a2bcdf999b78af251ae22,341,0.5745070312053306,0.7579624207078677,0.32996379106860174,0.5744247479597321,1371,0.1591430000262335,"{""alpha"": 1, ""l1_ratio"": 0.9}","{""valid"": true, ""warnings"": []}","{""center"": -0.028039220064393047, ""normalized_MAD"": 0.08672989846338708}"
MAYC,TF-IDF,ElasticNet,2024-10-01,2025-01-01,True,91573,3634,2022-01-01 00:14:11+00:00,2024-09-30 22:57:11+00:00,ca2b3e8ab8522cd56c8d3dc01f69d1cd769b3d3fa118412ac26dc0c6a6c7d1d0,25d46bc95104001e5c45d970a72523d9815b3c90139a2bcdf999b78af251ae22,341,0.5745070312053306,0.7579624207078677,0.32996379106860174,0.5744247479597321,1371,0.160389699973166,"{""alpha"": 10, ""l1_ratio"": 0.1}","{""valid"": true, ""warnings"": []}","{""center"": -0.028039220064393047, ""normalized_MAD"": 0.08672989846338708}"
MAYC,TF-IDF,ElasticNet,2024-10-01,2025-01-01,True,91573,3634,2022-01-01 00:14:11+00:00,2024-09-30 22:57:11+00:00,ca2b3e8ab8522cd56c8d3dc01f69d1cd769b3d3fa118412ac26dc0c6a6c7d1d0,25d46bc95104001e5c45d970a72523d9815b3c90139a2bcdf999b78af251ae22,341,0.5745070312053306,0.7579624207078677,0.32996379106860174,0.5744247479597321,1371,0.1587244999827817,"{""alpha"": 10, ""l1_ratio"": 0.5}","{""valid"": true, ""warnings"": []}","{""center"": -0.028039220064393047, ""normalized_MAD"": 0.08672989846338708}"
MAYC,TF-IDF,ElasticNet,2024-10-01,2025-01-01,True,91573,3634,2022-01-01 00:14:11+00:00,2024-09-30 22:57:11+00:00,ca2b3e8ab8522cd56c8d3dc01f69d1cd769b3d3fa118412ac26dc0c6a6c7d1d0,25d46bc95104001e5c45d970a72523d9815b3c90139a2bcdf999b78af251ae22,341,0.5745070312053306,0.7579624207078677,0.32996379106860174,0.5744247479597321,1371,0.16693989996565506,"{""alpha"": 10, ""l1_ratio"": 0.9}","{""valid"": true, ""warnings"": []}","{""center"": -0.028039220064393047, ""normalized_MAD"": 0.08672989846338708}"
MAYC,TF-IDF,PLS,2024-10-01,2025-01-01,True,91573,3634,2022-01-01 00:14:11+00:00,2024-09-30 22:57:11+00:00,ca2b3e8ab8522cd56c8d3dc01f69d1cd769b3d3fa118412ac26dc0c6a6c7d1d0,25d46bc95104001e5c45d970a72523d9815b3c90139a2bcdf999b78af251ae22,341,0.563836859951085,0.7508907110565991,0.3118660084210651,0.5584496471671059,1371,1.9910473999916576,"{""components"": 8}","{""valid"": true, ""warnings"": []}","{""center"": -0.028039220064393047, ""normalized_MAD"": 0.08672989846338708}"
MAYC,TF-IDF,PLS,2024-10-01,2025-01-01,True,91573,3634,2022-01-01 00:14:11+00:00,2024-09-30 22:57:11+00:00,ca2b3e8ab8522cd56c8d3dc01f69d1cd769b3d3fa118412ac26dc0c6a6c7d1d0,25d46bc95104001e5c45d970a72523d9815b3c90139a2bcdf999b78af251ae22,341,0.5638015430860841,0.7508671940403869,0.3118187849027686,0.5584073646566354,1371,3.463126100017689,"{""components"": 16}","{""valid"": true, ""warnings"": []}","{""center"": -0.028039220064393047, ""normalized_MAD"": 0.08672989846338708}"
MAYC,TF-IDF,PLS,2024-10-01,2025-01-01,True,91573,3634,2022-01-01 00:14:11+00:00,2024-09-30 22:57:11+00:00,ca2b3e8ab8522cd56c8d3dc01f69d1cd769b3d3fa118412ac26dc0c6a6c7d1d0,25d46bc95104001e5c45d970a72523d9815b3c90139a2bcdf999b78af251ae22,341,0.5637977660764083,0.7508646789378285,0.31179550817388263,0.5583865221993477,1371,6.8979363000253215,"{""components"": 32}","{""valid"": true, ""warnings"": []}","{""center"": -0.028039220064393047, ""normalized_MAD"": 0.08672989846338708}"
MAYC,TF-IDF,PLS,2024-10-01,2025-01-01,True,91573,3634,2022-01-01 00:14:11+00:00,2024-09-30 22:57:11+00:00,ca2b3e8ab8522cd56c8d3dc01f69d1cd769b3d3fa118412ac26dc0c6a6c7d1d0,25d46bc95104001e5c45d970a72523d9815b3c90139a2bcdf999b78af251ae22,341,0.5637977660762588,0.7508646789377289,0.3117955081736885,0.5583865221991738,1371,13.724379100021906,"{""components"": 64}","{""valid"": true, ""warnings"": [""invalid value encountered in divide""]}","{""center"": -0.028039220064393047, ""normalized_MAD"": 0.08672989846338708}"
MAYC,TF-IDF,LinearSVR,2024-10-01,2025-01-01,True,91573,3634,2022-01-01 00:14:11+00:00,2024-09-30 22:57:11+00:00,ca2b3e8ab8522cd56c8d3dc01f69d1cd769b3d3fa118412ac26dc0c6a6c7d1d0,25d46bc95104001e5c45d970a72523d9815b3c90139a2bcdf999b78af251ae22,341,0.5640002627646346,0.7509995091640437,0.31210704293141195,0.558665412327819,1371,3.3782064999686554,"{""C"": 0.01, ""epsilon"": 0.1}","{""valid"": true, ""warnings"": []}","{""center"": -0.028039220064393047, ""normalized_MAD"": 0.08672989846338708}"
MAYC,TF-IDF,LinearSVR,2024-10-01,2025-01-01,True,91573,3634,2022-01-01 00:14:11+00:00,2024-09-30 22:57:11+00:00,ca2b3e8ab8522cd56c8d3dc01f69d1cd769b3d3fa118412ac26dc0c6a6c7d1d0,25d46bc95104001e5c45d970a72523d9815b3c90139a2bcdf999b78af251ae22,341,0.5641993564659965,0.7511320499526009,0.3124021859806239,0.5589295000092802,1371,3.0110232000006363,"{""C"": 0.01, ""epsilon"": 0.2}","{""valid"": true, ""warnings"": []}","{""center"": -0.028039220064393047, ""normalized_MAD"": 0.08672989846338708}"
MAYC,TF-IDF,LinearSVR,2024-10-01,2025-01-01,True,91573,3634,2022-01-01 00:14:11+00:00,2024-09-30 22:57:11+00:00,ca2b3e8ab8522cd56c8d3dc01f69d1cd769b3d3fa118412ac26dc0c6a6c7d1d0,25d46bc95104001e5c45d970a72523d9815b3c90139a2bcdf999b78af251ae22,341,0.5639758829912109,0.7509832774377941,0.3120655358402827,0.5586282626579886,1371,5.828696999989916,"{""C"": 0.1, ""epsilon"": 0.1}","{""valid"": true, ""warnings"": []}","{""center"": -0.028039220064393047, ""normalized_MAD"": 0.08672989846338708}"
MAYC,TF-IDF,LinearSVR,2024-10-01,2025-01-01,True,91573,3634,2022-01-01 00:14:11+00:00,2024-09-30 22:57:11+00:00,ca2b3e8ab8522cd56c8d3dc01f69d1cd769b3d3fa118412ac26dc0c6a6c7d1d0,25d46bc95104001e5c45d970a72523d9815b3c90139a2bcdf999b78af251ae22,341,0.5641739989979729,0.7511151702621729,0.31235739050644107,0.5588894260105849,1371,5.308992100006435,"{""C"": 0.1, ""epsilon"": 0.2}","{""valid"": true, ""warnings"": []}","{""center"": -0.028039220064393047, ""normalized_MAD"": 0.08672989846338708}"
MAYC,TF-IDF,LinearSVR,2024-10-01,2025-01-01,True,91573,3634,2022-01-01 00:14:11+00:00,2024-09-30 22:57:11+00:00,ca2b3e8ab8522cd56c8d3dc01f69d1cd769b3d3fa118412ac26dc0c6a6c7d1d0,25d46bc95104001e5c45d970a72523d9815b3c90139a2bcdf999b78af251ae22,341,0.5639695620251732,0.7509790689660886,0.3120542100337958,0.5586181254075058,1371,7.0047179000102915,"{""C"": 1, ""epsilon"": 0.1}","{""valid"": true, ""warnings"": []}","{""center"": -0.028039220064393047, ""normalized_MAD"": 0.08672989846338708}"
MAYC,TF-IDF,LinearSVR,2024-10-01,2025-01-01,True,91573,3634,2022-01-01 00:14:11+00:00,2024-09-30 22:57:11+00:00,ca2b3e8ab8522cd56c8d3dc01f69d1cd769b3d3fa118412ac26dc0c6a6c7d1d0,25d46bc95104001e5c45d970a72523d9815b3c90139a2bcdf999b78af251ae22,341,0.5641669629078293,0.7511104864850638,0.31234276715796977,0.5588763433515233,1371,4.858144500001799,"{""C"": 1, ""epsilon"": 0.2}","{""valid"": true, ""warnings"": []}","{""center"": -0.028039220064393047, ""normalized_MAD"": 0.08672989846338708}"
MAYC,TF-IDF,HistGradientBoosting,2024-10-01,2025-01-01,True,91573,3634,2022-01-01 00:14:11+00:00,2024-09-30 22:57:11+00:00,ca2b3e8ab8522cd56c8d3dc01f69d1cd769b3d3fa118412ac26dc0c6a6c7d1d0,25d46bc95104001e5c45d970a72523d9815b3c90139a2bcdf999b78af251ae22,341,0.5638506864549024,0.7508999177353147,0.3130703248920482,0.5595268759336304,1371,11.893808100023307,"{""l2_regularization"": 1, ""learning_rate"": 0.05, ""max_leaf_nodes"": 15}","{""valid"": true, ""warnings"": []}","{""center"": -0.028039220064393047, ""normalized_MAD"": 0.08672989846338708}"
MAYC,TF-IDF,HistGradientBoosting,2024-10-01,2025-01-01,True,91573,3634,2022-01-01 00:14:11+00:00,2024-09-30 22:57:11+00:00,ca2b3e8ab8522cd56c8d3dc01f69d1cd769b3d3fa118412ac26dc0c6a6c7d1d0,25d46bc95104001e5c45d970a72523d9815b3c90139a2bcdf999b78af251ae22,341,0.5640844442551161,0.7510555533747927,0.3132662890697958,0.559701964504142,1371,12.004478400049265,"{""l2_regularization"": 10, ""learning_rate"": 0.05, ""max_leaf_nodes"": 15}","{""valid"": true, ""warnings"": []}","{""center"": -0.028039220064393047, ""normalized_MAD"": 0.08672989846338708}"
MAYC,TF-IDF,HistGradientBoosting,2024-10-01,2025-01-01,True,91573,3634,2022-01-01 00:14:11+00:00,2024-09-30 22:57:11+00:00,ca2b3e8ab8522cd56c8d3dc01f69d1cd769b3d3fa118412ac26dc0c6a6c7d1d0,25d46bc95104001e5c45d970a72523d9815b3c90139a2bcdf999b78af251ae22,341,0.5628038855443971,0.7502025630084165,0.3117732186074626,0.5583665629382392,1371,16.02477950003231,"{""l2_regularization"": 1, ""learning_rate"": 0.05, ""max_leaf_nodes"": 31}","{""valid"": true, ""warnings"": []}","{""center"": -0.028039220064393047, ""normalized_MAD"": 0.08672989846338708}"
MAYC,TF-IDF,HistGradientBoosting,2024-10-01,2025-01-01,True,91573,3634,2022-01-01 00:14:11+00:00,2024-09-30 22:57:11+00:00,ca2b3e8ab8522cd56c8d3dc01f69d1cd769b3d3fa118412ac26dc0c6a6c7d1d0,25d46bc95104001e5c45d970a72523d9815b3c90139a2bcdf999b78af251ae22,341,0.5628028511622472,0.7502018736061962,0.312034997791969,0.5586009289215057,1371,16.31529870000668,"{""l2_regularization"": 10, ""learning_rate"": 0.05, ""max_leaf_nodes"": 31}","{""valid"": true, ""warnings"": []}","{""center"": -0.028039220064393047, ""normalized_MAD"": 0.08672989846338708}"
MAYC,TF-IDF,HistGradientBoosting,2024-10-01,2025-01-01,True,91573,3634,2022-01-01 00:14:11+00:00,2024-09-30 22:57:11+00:00,ca2b3e8ab8522cd56c8d3dc01f69d1cd769b3d3fa118412ac26dc0c6a6c7d1d0,25d46bc95104001e5c45d970a72523d9815b3c90139a2bcdf999b78af251ae22,341,0.5625453762499059,0.7500302502232199,0.3116374231183926,0.5582449490307929,1371,11.329411899961997,"{""l2_regularization"": 1, ""learning_rate"": 0.1, ""max_leaf_nodes"": 15}","{""valid"": true, ""warnings"": []}","{""center"": -0.028039220064393047, ""normalized_MAD"": 0.08672989846338708}"
MAYC,TF-IDF,HistGradientBoosting,2024-10-01,2025-01-01,True,91573,3634,2022-01-01 00:14:11+00:00,2024-09-30 22:57:11+00:00,ca2b3e8ab8522cd56c8d3dc01f69d1cd769b3d3fa118412ac26dc0c6a6c7d1d0,25d46bc95104001e5c45d970a72523d9815b3c90139a2bcdf999b78af251ae22,341,0.5629007034590747,0.7502670880820208,0.31187905725572457,0.558461330134616,1371,11.516623499977868,"{""l2_regularization"": 10, ""learning_rate"": 0.1, ""max_leaf_nodes"": 15}","{""valid"": true, ""warnings"": []}","{""center"": -0.028039220064393047, ""normalized_MAD"": 0.08672989846338708}"
MAYC,TF-IDF,HistGradientBoosting,2024-10-01,2025-01-01,True,91573,3634,2022-01-01 00:14:11+00:00,2024-09-30 22:57:11+00:00,ca2b3e8ab8522cd56c8d3dc01f69d1cd769b3d3fa118412ac26dc0c6a6c7d1d0,25d46bc95104001e5c45d970a72523d9815b3c90139a2bcdf999b78af251ae22,341,0.5617234209816098,0.7494821018420719,0.3104330210167816,0.557165164934763,1371,15.301032499992289,"{""l2_regularization"": 1, ""learning_rate"": 0.1, ""max_leaf_nodes"": 31}","{""valid"": true, ""warnings"": []}","{""center"": -0.028039220064393047, ""normalized_MAD"": 0.08672989846338708}"
MAYC,TF-IDF,HistGradientBoosting,2024-10-01,2025-01-01,True,91573,3634,2022-01-01 00:14:11+00:00,2024-09-30 22:57:11+00:00,ca2b3e8ab8522cd56c8d3dc01f69d1cd769b3d3fa118412ac26dc0c6a6c7d1d0,25d46bc95104001e5c45d970a72523d9815b3c90139a2bcdf999b78af251ae22,341,0.5619509745904244,0.7496338937044031,0.31071811775943453,0.5574209520276705,1371,15.65504810004495,"{""l2_regularization"": 10, ""learning_rate"": 0.1, ""max_leaf_nodes"": 31}","{""valid"": true, ""warnings"": []}","{""center"": -0.028039220064393047, ""normalized_MAD"": 0.08672989846338708}"
MAYC,TF-IDF,XGBoost,2024-10-01,2025-01-01,True,91573,3634,2022-01-01 00:14:11+00:00,2024-09-30 22:57:11+00:00,ca2b3e8ab8522cd56c8d3dc01f69d1cd769b3d3fa118412ac26dc0c6a6c7d1d0,25d46bc95104001e5c45d970a72523d9815b3c90139a2bcdf999b78af251ae22,341,0.5636340397428531,0.750755645828157,0.31326922340871005,0.5597045858385565,1371,7.834133800002746,"{""l2_regularization"": 1, ""learning_rate"": 0.05, ""max_leaf_nodes"": 15}","{""valid"": true, ""warnings"": []}","{""center"": -0.028039220064393047, ""normalized_MAD"": 0.08672989846338708}"
MAYC,TF-IDF,XGBoost,2024-10-01,2025-01-01,True,91573,3634,2022-01-01 00:14:11+00:00,2024-09-30 22:57:11+00:00,ca2b3e8ab8522cd56c8d3dc01f69d1cd769b3d3fa118412ac26dc0c6a6c7d1d0,25d46bc95104001e5c45d970a72523d9815b3c90139a2bcdf999b78af251ae22,341,0.5641880034876054,0.7511244926692282,0.31374441358955346,0.5601289258639955,1371,7.634392299980391,"{""l2_regularization"": 10, ""learning_rate"": 0.05, ""max_leaf_nodes"": 15}","{""valid"": true, ""warnings"": []}","{""center"": -0.028039220064393047, ""normalized_MAD"": 0.08672989846338708}"
MAYC,TF-IDF,XGBoost,2024-10-01,2025-01-01,True,91573,3634,2022-01-01 00:14:11+00:00,2024-09-30 22:57:11+00:00,ca2b3e8ab8522cd56c8d3dc01f69d1cd769b3d3fa118412ac26dc0c6a6c7d1d0,25d46bc95104001e5c45d970a72523d9815b3c90139a2bcdf999b78af251ae22,341,0.5623974615562627,0.749931637921926,0.31204878502335054,0.5586132696448863,1371,10.280875800002832,"{""l2_regularization"": 1, ""learning_rate"": 0.05, ""max_leaf_nodes"": 31}","{""valid"": true, ""warnings"": []}","{""center"": -0.028039220064393047, ""normalized_MAD"": 0.08672989846338708}"
MAYC,TF-IDF,XGBoost,2024-10-01,2025-01-01,True,91573,3634,2022-01-01 00:14:11+00:00,2024-09-30 22:57:11+00:00,ca2b3e8ab8522cd56c8d3dc01f69d1cd769b3d3fa118412ac26dc0c6a6c7d1d0,25d46bc95104001e5c45d970a72523d9815b3c90139a2bcdf999b78af251ae22,341,0.5628618686668805,0.7502412069907121,0.31242528273958825,0.5589501612304878,1371,10.594090199971106,"{""l2_regularization"": 10, ""learning_rate"": 0.05, ""max_leaf_nodes"": 31}","{""valid"": true, ""warnings"": []}","{""center"": -0.028039220064393047, ""normalized_MAD"": 0.08672989846338708}"
MAYC,TF-IDF,XGBoost,2024-10-01,2025-01-01,True,91573,3634,2022-01-01 00:14:11+00:00,2024-09-30 22:57:11+00:00,ca2b3e8ab8522cd56c8d3dc01f69d1cd769b3d3fa118412ac26dc0c6a6c7d1d0,25d46bc95104001e5c45d970a72523d9815b3c90139a2bcdf999b78af251ae22,341,0.5623740233611848,0.7499160108713407,0.31164619328666915,0.5582528041010355,1371,7.615399800008163,"{""l2_regularization"": 1, ""learning_rate"": 0.1, ""max_leaf_nodes"": 15}","{""valid"": true, ""warnings"": []}","{""center"": -0.028039220064393047, ""normalized_MAD"": 0.08672989846338708}"
MAYC,TF-IDF,XGBoost,2024-10-01,2025-01-01,True,91573,3634,2022-01-01 00:14:11+00:00,2024-09-30 22:57:11+00:00,ca2b3e8ab8522cd56c8d3dc01f69d1cd769b3d3fa118412ac26dc0c6a6c7d1d0,25d46bc95104001e5c45d970a72523d9815b3c90139a2bcdf999b78af251ae22,341,0.5631407975941964,0.7504270767997357,0.3124621278682837,0.5589831194841967,1371,7.540698999946471,"{""l2_regularization"": 10, ""learning_rate"": 0.1, ""max_leaf_nodes"": 15}","{""valid"": true, ""warnings"": []}","{""center"": -0.028039220064393047, ""normalized_MAD"": 0.08672989846338708}"
MAYC,TF-IDF,XGBoost,2024-10-01,2025-01-01,True,91573,3634,2022-01-01 00:14:11+00:00,2024-09-30 22:57:11+00:00,ca2b3e8ab8522cd56c8d3dc01f69d1cd769b3d3fa118412ac26dc0c6a6c7d1d0,25d46bc95104001e5c45d970a72523d9815b3c90139a2bcdf999b78af251ae22,341,0.5613437523020565,0.7492287716726157,0.310595965701497,0.5573113723059103,1371,9.829382299969438,"{""l2_regularization"": 1, ""learning_rate"": 0.1, ""max_leaf_nodes"": 31}","{""valid"": true, ""warnings"": []}","{""center"": -0.028039220064393047, ""normalized_MAD"": 0.08672989846338708}"
MAYC,TF-IDF,XGBoost,2024-10-01,2025-01-01,True,91573,3634,2022-01-01 00:14:11+00:00,2024-09-30 22:57:11+00:00,ca2b3e8ab8522cd56c8d3dc01f69d1cd769b3d3fa118412ac26dc0c6a6c7d1d0,25d46bc95104001e5c45d970a72523d9815b3c90139a2bcdf999b78af251ae22,341,0.561673779601414,0.7494489839885127,0.31100764399927894,0.5576805931707495,1371,10.054770799994003,"{""l2_regularization"": 10, ""learning_rate"": 0.1, ""max_leaf_nodes"": 31}","{""valid"": true, ""warnings"": []}","{""center"": -0.028039220064393047, ""normalized_MAD"": 0.08672989846338708}"
MAYC,TF-IDF,LightGBM,2024-10-01,2025-01-01,True,91573,3634,2022-01-01 00:14:11+00:00,2024-09-30 22:57:11+00:00,ca2b3e8ab8522cd56c8d3dc01f69d1cd769b3d3fa118412ac26dc0c6a6c7d1d0,25d46bc95104001e5c45d970a72523d9815b3c90139a2bcdf999b78af251ae22,341,0.5633863663116665,0.7505906782738955,0.3128997135364825,0.559374394780886,1371,1.5187068000086583,"{""l2_regularization"": 1, ""learning_rate"": 0.05, ""max_leaf_nodes"": 15}","{""valid"": true, ""warnings"": []}","{""center"": -0.028039220064393047, ""normalized_MAD"": 0.08672989846338708}"
MAYC,TF-IDF,LightGBM,2024-10-01,2025-01-01,True,91573,3634,2022-01-01 00:14:11+00:00,2024-09-30 22:57:11+00:00,ca2b3e8ab8522cd56c8d3dc01f69d1cd769b3d3fa118412ac26dc0c6a6c7d1d0,25d46bc95104001e5c45d970a72523d9815b3c90139a2bcdf999b78af251ae22,341,0.5640084447348872,0.7510049565315047,0.31350854969644665,0.5599183419896572,1371,1.57277150003938,"{""l2_regularization"": 10, ""learning_rate"": 0.05, ""max_leaf_nodes"": 15}","{""valid"": true, ""warnings"": []}","{""center"": -0.028039220064393047, ""normalized_MAD"": 0.08672989846338708}"
MAYC,TF-IDF,LightGBM,2024-10-01,2025-01-01,True,91573,3634,2022-01-01 00:14:11+00:00,2024-09-30 22:57:11+00:00,ca2b3e8ab8522cd56c8d3dc01f69d1cd769b3d3fa118412ac26dc0c6a6c7d1d0,25d46bc95104001e5c45d970a72523d9815b3c90139a2bcdf999b78af251ae22,341,0.5622319169050718,0.7498212566372547,0.3116148223786103,0.5582247059908853,1371,2.3356966999708675,"{""l2_regularization"": 1, ""learning_rate"": 0.05, ""max_leaf_nodes"": 31}","{""valid"": true, ""warnings"": []}","{""center"": -0.028039220064393047, ""normalized_MAD"": 0.08672989846338708}"
MAYC,TF-IDF,LightGBM,2024-10-01,2025-01-01,True,91573,3634,2022-01-01 00:14:11+00:00,2024-09-30 22:57:11+00:00,ca2b3e8ab8522cd56c8d3dc01f69d1cd769b3d3fa118412ac26dc0c6a6c7d1d0,25d46bc95104001e5c45d970a72523d9815b3c90139a2bcdf999b78af251ae22,341,0.5626479065135817,0.7500985978613622,0.31203925441799707,0.55860473898634,1371,2.229980700009037,"{""l2_regularization"": 10, ""learning_rate"": 0.05, ""max_leaf_nodes"": 31}","{""valid"": true, ""warnings"": []}","{""center"": -0.028039220064393047, ""normalized_MAD"": 0.08672989846338708}"
MAYC,TF-IDF,LightGBM,2024-10-01,2025-01-01,True,91573,3634,2022-01-01 00:14:11+00:00,2024-09-30 22:57:11+00:00,ca2b3e8ab8522cd56c8d3dc01f69d1cd769b3d3fa118412ac26dc0c6a6c7d1d0,25d46bc95104001e5c45d970a72523d9815b3c90139a2bcdf999b78af251ae22,341,0.5623659000249343,0.7499105946877496,0.3115850831483619,0.558198068026361,1371,1.380556499992963,"{""l2_regularization"": 1, ""learning_rate"": 0.1, ""max_leaf_nodes"": 15}","{""valid"": true, ""warnings"": []}","{""center"": -0.028039220064393047, ""normalized_MAD"": 0.08672989846338708}"
MAYC,TF-IDF,LightGBM,2024-10-01,2025-01-01,True,91573,3634,2022-01-01 00:14:11+00:00,2024-09-30 22:57:11+00:00,ca2b3e8ab8522cd56c8d3dc01f69d1cd769b3d3fa118412ac26dc0c6a6c7d1d0,25d46bc95104001e5c45d970a72523d9815b3c90139a2bcdf999b78af251ae22,341,0.5627378751109988,0.7501585666450786,0.31199482145681007,0.5585649661917672,1371,1.619663700053934,"{""l2_regularization"": 10, ""learning_rate"": 0.1, ""max_leaf_nodes"": 15}","{""valid"": true, ""warnings"": []}","{""center"": -0.028039220064393047, ""normalized_MAD"": 0.08672989846338708}"
MAYC,TF-IDF,LightGBM,2024-10-01,2025-01-01,True,91573,3634,2022-01-01 00:14:11+00:00,2024-09-30 22:57:11+00:00,ca2b3e8ab8522cd56c8d3dc01f69d1cd769b3d3fa118412ac26dc0c6a6c7d1d0,25d46bc95104001e5c45d970a72523d9815b3c90139a2bcdf999b78af251ae22,341,0.561199010406854,0.7491321715203894,0.31042684146110955,0.5571596193741157,1371,2.1513589000096545,"{""l2_regularization"": 1, ""learning_rate"": 0.1, ""max_leaf_nodes"": 31}","{""valid"": true, ""warnings"": []}","{""center"": -0.028039220064393047, ""normalized_MAD"": 0.08672989846338708}"
MAYC,TF-IDF,LightGBM,2024-10-01,2025-01-01,True,91573,3634,2022-01-01 00:14:11+00:00,2024-09-30 22:57:11+00:00,ca2b3e8ab8522cd56c8d3dc01f69d1cd769b3d3fa118412ac26dc0c6a6c7d1d0,25d46bc95104001e5c45d970a72523d9815b3c90139a2bcdf999b78af251ae22,341,0.5615204286025849,0.7493466678397822,0.31056726070278845,0.5572856186039511,1371,2.2469169999822043,"{""l2_regularization"": 10, ""learning_rate"": 0.1, ""max_leaf_nodes"": 31}","{""valid"": true, ""warnings"": []}","{""center"": -0.028039220064393047, ""normalized_MAD"": 0.08672989846338708}"
